--- INSERCIONES BASE DE DATOS PROYECTO_FINAL
----INSERCION TABLA ESTADOS--
INSERT INTO FIDE_ESTADOS_TB (ID_ESTADO, NOMBRE_ESTADO, DESCRIPCION_ESTADO) VALUES (1, 'Activo', 'Estado disponible y funcional');
INSERT INTO FIDE_ESTADOS_TB (ID_ESTADO, NOMBRE_ESTADO, DESCRIPCION_ESTADO) VALUES (2, 'Inactivo', 'Estado no activo actualmente');
INSERT INTO FIDE_ESTADOS_TB (ID_ESTADO, NOMBRE_ESTADO, DESCRIPCION_ESTADO) VALUES (3, 'En mantenimiento', 'Elemento en proceso de reparación o revisión');
INSERT INTO FIDE_ESTADOS_TB (ID_ESTADO, NOMBRE_ESTADO, DESCRIPCION_ESTADO) VALUES (4, 'Pendiente', 'En espera de ser procesado');
INSERT INTO FIDE_ESTADOS_TB (ID_ESTADO, NOMBRE_ESTADO, DESCRIPCION_ESTADO) VALUES (5, 'Cancelado', 'Proceso anulado');
INSERT INTO FIDE_ESTADOS_TB (ID_ESTADO, NOMBRE_ESTADO, DESCRIPCION_ESTADO) VALUES (6, 'Finalizado', 'Proceso completado');
INSERT INTO FIDE_ESTADOS_TB (ID_ESTADO, NOMBRE_ESTADO, DESCRIPCION_ESTADO) VALUES (7, 'En revisión', 'Elemento en evaluación');
INSERT INTO FIDE_ESTADOS_TB (ID_ESTADO, NOMBRE_ESTADO, DESCRIPCION_ESTADO) VALUES (8, 'Aprobado', 'Validado correctamente');
INSERT INTO FIDE_ESTADOS_TB (ID_ESTADO, NOMBRE_ESTADO, DESCRIPCION_ESTADO) VALUES (9, 'Rechazado', 'No cumple con los requisitos');
INSERT INTO FIDE_ESTADOS_TB (ID_ESTADO, NOMBRE_ESTADO, DESCRIPCION_ESTADO) VALUES (10, 'Suspendido', 'Temporalmente detenido');
INSERT INTO FIDE_ESTADOS_TB (ID_ESTADO, NOMBRE_ESTADO, DESCRIPCION_ESTADO) VALUES (11, 'En espera', 'Esperando acción o confirmación');
INSERT INTO FIDE_ESTADOS_TB (ID_ESTADO, NOMBRE_ESTADO, DESCRIPCION_ESTADO) VALUES (12, 'Concluido', 'Tarea completada');
INSERT INTO FIDE_ESTADOS_TB (ID_ESTADO, NOMBRE_ESTADO, DESCRIPCION_ESTADO) VALUES (13, 'Reportado', 'Ha sido informado o denunciado');



------INSERCION TABLA PAIS---
INSERT INTO FIDE_PAIS_TB (ID_PAIS, NOMBRE_PAIS, ID_ESTADO) VALUES (1, 'Costa Rica', 12);
INSERT INTO FIDE_PAIS_TB (ID_PAIS, NOMBRE_PAIS, ID_ESTADO) VALUES (2, 'Panamá', 7);
INSERT INTO FIDE_PAIS_TB (ID_PAIS, NOMBRE_PAIS, ID_ESTADO) VALUES (3, 'Nicaragua', 13);
INSERT INTO FIDE_PAIS_TB (ID_PAIS, NOMBRE_PAIS, ID_ESTADO) VALUES (4, 'Guatemala', 5);
INSERT INTO FIDE_PAIS_TB (ID_PAIS, NOMBRE_PAIS, ID_ESTADO) VALUES (5, 'El Salvador', 3);
INSERT INTO FIDE_PAIS_TB (ID_PAIS, NOMBRE_PAIS, ID_ESTADO) VALUES (6, 'Honduras', 1);
INSERT INTO FIDE_PAIS_TB (ID_PAIS, NOMBRE_PAIS, ID_ESTADO) VALUES (7, 'México', 13);
INSERT INTO FIDE_PAIS_TB (ID_PAIS, NOMBRE_PAIS, ID_ESTADO) VALUES (8, 'Colombia', 1);
INSERT INTO FIDE_PAIS_TB (ID_PAIS, NOMBRE_PAIS, ID_ESTADO) VALUES (9, 'Perú', 13);
INSERT INTO FIDE_PAIS_TB (ID_PAIS, NOMBRE_PAIS, ID_ESTADO) VALUES (10, 'Chile', 11);
INSERT INTO FIDE_PAIS_TB (ID_PAIS, NOMBRE_PAIS, ID_ESTADO) VALUES (11, 'Argentina', 10);
INSERT INTO FIDE_PAIS_TB (ID_PAIS, NOMBRE_PAIS, ID_ESTADO) VALUES (12, 'Brasil', 7);
INSERT INTO FIDE_PAIS_TB (ID_PAIS, NOMBRE_PAIS, ID_ESTADO) VALUES (13, 'Uruguay', 11);
INSERT INTO FIDE_PAIS_TB (ID_PAIS, NOMBRE_PAIS, ID_ESTADO) VALUES (14, 'Paraguay', 4);
INSERT INTO FIDE_PAIS_TB (ID_PAIS, NOMBRE_PAIS, ID_ESTADO) VALUES (15, 'Ecuador', 9);
INSERT INTO FIDE_PAIS_TB (ID_PAIS, NOMBRE_PAIS, ID_ESTADO) VALUES (17, 'Bolivia', 6);
INSERT INTO FIDE_PAIS_TB (ID_PAIS, NOMBRE_PAIS, ID_ESTADO) VALUES (18, 'Cuba', 12);
INSERT INTO FIDE_PAIS_TB (ID_PAIS, NOMBRE_PAIS, ID_ESTADO) VALUES (19, 'República Dominicana', 8);
INSERT INTO FIDE_PAIS_TB (ID_PAIS, NOMBRE_PAIS, ID_ESTADO) VALUES (20, 'Puerto Rico', 11);
INSERT INTO FIDE_PAIS_TB (ID_PAIS, NOMBRE_PAIS, ID_ESTADO) VALUES (21, 'Canadá', 9);
INSERT INTO FIDE_PAIS_TB (ID_PAIS, NOMBRE_PAIS, ID_ESTADO) VALUES (22, 'Estados Unidos', 11);
INSERT INTO FIDE_PAIS_TB (ID_PAIS, NOMBRE_PAIS, ID_ESTADO) VALUES (23, 'España', 3);
INSERT INTO FIDE_PAIS_TB (ID_PAIS, NOMBRE_PAIS, ID_ESTADO) VALUES (24, 'Francia', 6);
INSERT INTO FIDE_PAIS_TB (ID_PAIS, NOMBRE_PAIS, ID_ESTADO) VALUES (25, 'Alemania', 3);
INSERT INTO FIDE_PAIS_TB (ID_PAIS, NOMBRE_PAIS, ID_ESTADO) VALUES (26, 'Italia', 2);
INSERT INTO FIDE_PAIS_TB (ID_PAIS, NOMBRE_PAIS, ID_ESTADO) VALUES (27, 'Portugal', 10);
INSERT INTO FIDE_PAIS_TB (ID_PAIS, NOMBRE_PAIS, ID_ESTADO) VALUES (28, 'Inglaterra', 13);
INSERT INTO FIDE_PAIS_TB (ID_PAIS, NOMBRE_PAIS, ID_ESTADO) VALUES (29, 'Irlanda', 7);
INSERT INTO FIDE_PAIS_TB (ID_PAIS, NOMBRE_PAIS, ID_ESTADO) VALUES (30, 'Australia', 1);
INSERT INTO FIDE_PAIS_TB (ID_PAIS, NOMBRE_PAIS, ID_ESTADO) VALUES (32, 'Sudáfrica', 3);
INSERT INTO FIDE_PAIS_TB (ID_PAIS, NOMBRE_PAIS, ID_ESTADO) VALUES (34, 'India', 7);
INSERT INTO FIDE_PAIS_TB (ID_PAIS, NOMBRE_PAIS, ID_ESTADO) VALUES (35, 'China', 10);
INSERT INTO FIDE_PAIS_TB (ID_PAIS, NOMBRE_PAIS, ID_ESTADO) VALUES (36, 'Japón', 11);
INSERT INTO FIDE_PAIS_TB (ID_PAIS, NOMBRE_PAIS, ID_ESTADO) VALUES (37, 'Corea del Sur', 1);
INSERT INTO FIDE_PAIS_TB (ID_PAIS, NOMBRE_PAIS, ID_ESTADO) VALUES (38, 'Rusia', 6);
INSERT INTO FIDE_PAIS_TB (ID_PAIS, NOMBRE_PAIS, ID_ESTADO) VALUES (39, 'Turquía', 2);
INSERT INTO FIDE_PAIS_TB (ID_PAIS, NOMBRE_PAIS, ID_ESTADO) VALUES (40, 'Filipinas', 8);
INSERT INTO FIDE_PAIS_TB (ID_PAIS, NOMBRE_PAIS, ID_ESTADO) VALUES (41, 'Indonesia', 5);
INSERT INTO FIDE_PAIS_TB (ID_PAIS, NOMBRE_PAIS, ID_ESTADO) VALUES (42, 'Tailandia', 13);
INSERT INTO FIDE_PAIS_TB (ID_PAIS, NOMBRE_PAIS, ID_ESTADO) VALUES (43, 'Vietnam', 12);
INSERT INTO FIDE_PAIS_TB (ID_PAIS, NOMBRE_PAIS, ID_ESTADO) VALUES (44, 'Malasia', 3);
INSERT INTO FIDE_PAIS_TB (ID_PAIS, NOMBRE_PAIS, ID_ESTADO) VALUES (45, 'Singapur', 9);
INSERT INTO FIDE_PAIS_TB (ID_PAIS, NOMBRE_PAIS, ID_ESTADO) VALUES (46, 'Emiratos Árabes', 7);
INSERT INTO FIDE_PAIS_TB (ID_PAIS, NOMBRE_PAIS, ID_ESTADO) VALUES (47, 'Arabia Saudita', 6);
INSERT INTO FIDE_PAIS_TB (ID_PAIS, NOMBRE_PAIS, ID_ESTADO) VALUES (48, 'Israel', 8);
INSERT INTO FIDE_PAIS_TB (ID_PAIS, NOMBRE_PAIS, ID_ESTADO) VALUES (49, 'Noruega', 4);
INSERT INTO FIDE_PAIS_TB (ID_PAIS, NOMBRE_PAIS, ID_ESTADO) VALUES (50, 'Suecia', 5);


-----INSERCION TABLA PROVINCIA
INSERT INTO FIDE_PROVINCIA_TB (ID_PROVINCIA, NOMBRE_PROVINCIA, ID_ESTADO) VALUES (1, 'San José', 5);
INSERT INTO FIDE_PROVINCIA_TB (ID_PROVINCIA, NOMBRE_PROVINCIA, ID_ESTADO) VALUES (2, 'Alajuela', 6);
INSERT INTO FIDE_PROVINCIA_TB (ID_PROVINCIA, NOMBRE_PROVINCIA, ID_ESTADO) VALUES (3, 'Cartago', 13);
INSERT INTO FIDE_PROVINCIA_TB (ID_PROVINCIA, NOMBRE_PROVINCIA, ID_ESTADO) VALUES (4, 'Heredia', 11);
INSERT INTO FIDE_PROVINCIA_TB (ID_PROVINCIA, NOMBRE_PROVINCIA, ID_ESTADO) VALUES (5, 'Guanacaste', 7);
INSERT INTO FIDE_PROVINCIA_TB (ID_PROVINCIA, NOMBRE_PROVINCIA, ID_ESTADO) VALUES (6, 'Puntarenas', 13);
INSERT INTO FIDE_PROVINCIA_TB (ID_PROVINCIA, NOMBRE_PROVINCIA, ID_ESTADO) VALUES (7, 'Limón', 11);
INSERT INTO FIDE_PROVINCIA_TB (ID_PROVINCIA, NOMBRE_PROVINCIA, ID_ESTADO) VALUES (8, 'Chiriquí', 9);
INSERT INTO FIDE_PROVINCIA_TB (ID_PROVINCIA, NOMBRE_PROVINCIA, ID_ESTADO) VALUES (9, 'Veraguas', 6);
INSERT INTO FIDE_PROVINCIA_TB (ID_PROVINCIA, NOMBRE_PROVINCIA, ID_ESTADO) VALUES (10, 'Coclé', 6);
INSERT INTO FIDE_PROVINCIA_TB (ID_PROVINCIA, NOMBRE_PROVINCIA, ID_ESTADO) VALUES (11, 'Panamá', 2);
INSERT INTO FIDE_PROVINCIA_TB (ID_PROVINCIA, NOMBRE_PROVINCIA, ID_ESTADO) VALUES (12, 'Colón', 2);
INSERT INTO FIDE_PROVINCIA_TB (ID_PROVINCIA, NOMBRE_PROVINCIA, ID_ESTADO) VALUES (13, 'Antioquia', 1);
INSERT INTO FIDE_PROVINCIA_TB (ID_PROVINCIA, NOMBRE_PROVINCIA, ID_ESTADO) VALUES (14, 'Cundinamarca', 8);
INSERT INTO FIDE_PROVINCIA_TB (ID_PROVINCIA, NOMBRE_PROVINCIA, ID_ESTADO) VALUES (15, 'Valle del Cauca', 6);
INSERT INTO FIDE_PROVINCIA_TB (ID_PROVINCIA, NOMBRE_PROVINCIA, ID_ESTADO) VALUES (16, 'Amazonas', 12);
INSERT INTO FIDE_PROVINCIA_TB (ID_PROVINCIA, NOMBRE_PROVINCIA, ID_ESTADO) VALUES (17, 'Pichincha', 5);
INSERT INTO FIDE_PROVINCIA_TB (ID_PROVINCIA, NOMBRE_PROVINCIA, ID_ESTADO) VALUES (18, 'Guayas', 10);
INSERT INTO FIDE_PROVINCIA_TB (ID_PROVINCIA, NOMBRE_PROVINCIA, ID_ESTADO) VALUES (19, 'Azuay', 3);
INSERT INTO FIDE_PROVINCIA_TB (ID_PROVINCIA, NOMBRE_PROVINCIA, ID_ESTADO) VALUES (20, 'Santa Elena', 7);
INSERT INTO FIDE_PROVINCIA_TB (ID_PROVINCIA, NOMBRE_PROVINCIA, ID_ESTADO) VALUES (21, 'Buenos Aires', 1);
INSERT INTO FIDE_PROVINCIA_TB (ID_PROVINCIA, NOMBRE_PROVINCIA, ID_ESTADO) VALUES (22, 'Córdoba', 6);
INSERT INTO FIDE_PROVINCIA_TB (ID_PROVINCIA, NOMBRE_PROVINCIA, ID_ESTADO) VALUES (23, 'Mendoza', 5);
INSERT INTO FIDE_PROVINCIA_TB (ID_PROVINCIA, NOMBRE_PROVINCIA, ID_ESTADO) VALUES (24, 'Santa Fe', 5);
INSERT INTO FIDE_PROVINCIA_TB (ID_PROVINCIA, NOMBRE_PROVINCIA, ID_ESTADO) VALUES (25, 'Salta', 5);
INSERT INTO FIDE_PROVINCIA_TB (ID_PROVINCIA, NOMBRE_PROVINCIA, ID_ESTADO) VALUES (26, 'Ontario', 2);
INSERT INTO FIDE_PROVINCIA_TB (ID_PROVINCIA, NOMBRE_PROVINCIA, ID_ESTADO) VALUES (27, 'Quebec', 6);
INSERT INTO FIDE_PROVINCIA_TB (ID_PROVINCIA, NOMBRE_PROVINCIA, ID_ESTADO) VALUES (28, 'British Columbia', 9);
INSERT INTO FIDE_PROVINCIA_TB (ID_PROVINCIA, NOMBRE_PROVINCIA, ID_ESTADO) VALUES (29, 'Alberta', 9);
INSERT INTO FIDE_PROVINCIA_TB (ID_PROVINCIA, NOMBRE_PROVINCIA, ID_ESTADO) VALUES (30, 'Nova Scotia', 4);
INSERT INTO FIDE_PROVINCIA_TB (ID_PROVINCIA, NOMBRE_PROVINCIA, ID_ESTADO) VALUES (31, 'Texas', 6);
INSERT INTO FIDE_PROVINCIA_TB (ID_PROVINCIA, NOMBRE_PROVINCIA, ID_ESTADO) VALUES (32, 'California', 1);
INSERT INTO FIDE_PROVINCIA_TB (ID_PROVINCIA, NOMBRE_PROVINCIA, ID_ESTADO) VALUES (33, 'Florida', 10);
INSERT INTO FIDE_PROVINCIA_TB (ID_PROVINCIA, NOMBRE_PROVINCIA, ID_ESTADO) VALUES (34, 'New York', 3);
INSERT INTO FIDE_PROVINCIA_TB (ID_PROVINCIA, NOMBRE_PROVINCIA, ID_ESTADO) VALUES (35, 'Nevada', 2);
INSERT INTO FIDE_PROVINCIA_TB (ID_PROVINCIA, NOMBRE_PROVINCIA, ID_ESTADO) VALUES (36, 'Madrid', 4);
INSERT INTO FIDE_PROVINCIA_TB (ID_PROVINCIA, NOMBRE_PROVINCIA, ID_ESTADO) VALUES (37, 'Cataluña', 5);
INSERT INTO FIDE_PROVINCIA_TB (ID_PROVINCIA, NOMBRE_PROVINCIA, ID_ESTADO) VALUES (38, 'Andalucía', 6);
INSERT INTO FIDE_PROVINCIA_TB (ID_PROVINCIA, NOMBRE_PROVINCIA, ID_ESTADO) VALUES (39, 'Galicia', 7);
INSERT INTO FIDE_PROVINCIA_TB (ID_PROVINCIA, NOMBRE_PROVINCIA, ID_ESTADO) VALUES (40, 'Castilla y León', 8);
INSERT INTO FIDE_PROVINCIA_TB (ID_PROVINCIA, NOMBRE_PROVINCIA, ID_ESTADO) VALUES (41, 'Paraná', 9);
INSERT INTO FIDE_PROVINCIA_TB (ID_PROVINCIA, NOMBRE_PROVINCIA, ID_ESTADO) VALUES (42, 'Bahía', 10);
INSERT INTO FIDE_PROVINCIA_TB (ID_PROVINCIA, NOMBRE_PROVINCIA, ID_ESTADO) VALUES (43, 'Pernambuco', 11);
INSERT INTO FIDE_PROVINCIA_TB (ID_PROVINCIA, NOMBRE_PROVINCIA, ID_ESTADO) VALUES (44, 'Minas Gerais', 12);
INSERT INTO FIDE_PROVINCIA_TB (ID_PROVINCIA, NOMBRE_PROVINCIA, ID_ESTADO) VALUES (45, 'Río de Janeiro', 13);
INSERT INTO FIDE_PROVINCIA_TB (ID_PROVINCIA, NOMBRE_PROVINCIA, ID_ESTADO) VALUES (46, 'Tokyo', 1);
INSERT INTO FIDE_PROVINCIA_TB (ID_PROVINCIA, NOMBRE_PROVINCIA, ID_ESTADO) VALUES (47, 'Osaka', 2);
INSERT INTO FIDE_PROVINCIA_TB (ID_PROVINCIA, NOMBRE_PROVINCIA, ID_ESTADO) VALUES (48, 'Hokkaido', 3);
INSERT INTO FIDE_PROVINCIA_TB (ID_PROVINCIA, NOMBRE_PROVINCIA, ID_ESTADO) VALUES (49, 'Kyoto', 4);
INSERT INTO FIDE_PROVINCIA_TB (ID_PROVINCIA, NOMBRE_PROVINCIA, ID_ESTADO) VALUES (50, 'Fukuoka', 5);

------INSERCION TABLA CANTÓN
INSERT INTO FIDE_CANTON_TB (ID_CANTON, NOMBRE_CANTON, ID_ESTADO) VALUES (1, 'Central', 10);
INSERT INTO FIDE_CANTON_TB (ID_CANTON, NOMBRE_CANTON, ID_ESTADO) VALUES (2, 'Escazú', 12);
INSERT INTO FIDE_CANTON_TB (ID_CANTON, NOMBRE_CANTON, ID_ESTADO) VALUES (3, 'Desamparados', 10);
INSERT INTO FIDE_CANTON_TB (ID_CANTON, NOMBRE_CANTON, ID_ESTADO) VALUES (4, 'Alajuelita', 7);
INSERT INTO FIDE_CANTON_TB (ID_CANTON, NOMBRE_CANTON, ID_ESTADO) VALUES (5, 'Goicoechea', 6);
INSERT INTO FIDE_CANTON_TB (ID_CANTON, NOMBRE_CANTON, ID_ESTADO) VALUES (6, 'Santa Ana', 6);
INSERT INTO FIDE_CANTON_TB (ID_CANTON, NOMBRE_CANTON, ID_ESTADO) VALUES (7, 'Tibas', 9);
INSERT INTO FIDE_CANTON_TB (ID_CANTON, NOMBRE_CANTON, ID_ESTADO) VALUES (8, 'Moravia', 11);
INSERT INTO FIDE_CANTON_TB (ID_CANTON, NOMBRE_CANTON, ID_ESTADO) VALUES (9, 'Montes de Oca', 2);
INSERT INTO FIDE_CANTON_TB (ID_CANTON, NOMBRE_CANTON, ID_ESTADO) VALUES (10, 'Curridabat', 9);
INSERT INTO FIDE_CANTON_TB (ID_CANTON, NOMBRE_CANTON, ID_ESTADO) VALUES (11, 'Alajuela', 11);
INSERT INTO FIDE_CANTON_TB (ID_CANTON, NOMBRE_CANTON, ID_ESTADO) VALUES (12, 'San Ramón', 1);
INSERT INTO FIDE_CANTON_TB (ID_CANTON, NOMBRE_CANTON, ID_ESTADO) VALUES (13, 'Grecia', 10);
INSERT INTO FIDE_CANTON_TB (ID_CANTON, NOMBRE_CANTON, ID_ESTADO) VALUES (14, 'Atenas', 3);
INSERT INTO FIDE_CANTON_TB (ID_CANTON, NOMBRE_CANTON, ID_ESTADO) VALUES (15, 'Poás', 1);
INSERT INTO FIDE_CANTON_TB (ID_CANTON, NOMBRE_CANTON, ID_ESTADO) VALUES (16, 'Cartago', 9);
INSERT INTO FIDE_CANTON_TB (ID_CANTON, NOMBRE_CANTON, ID_ESTADO) VALUES (17, 'Paraíso', 8);
INSERT INTO FIDE_CANTON_TB (ID_CANTON, NOMBRE_CANTON, ID_ESTADO) VALUES (18, 'La Unión', 11);
INSERT INTO FIDE_CANTON_TB (ID_CANTON, NOMBRE_CANTON, ID_ESTADO) VALUES (19, 'Jiménez', 2);
INSERT INTO FIDE_CANTON_TB (ID_CANTON, NOMBRE_CANTON, ID_ESTADO) VALUES (20, 'Turrialba', 8);
INSERT INTO FIDE_CANTON_TB (ID_CANTON, NOMBRE_CANTON, ID_ESTADO) VALUES (21, 'Heredia', 6);
INSERT INTO FIDE_CANTON_TB (ID_CANTON, NOMBRE_CANTON, ID_ESTADO) VALUES (22, 'Barva', 13);
INSERT INTO FIDE_CANTON_TB (ID_CANTON, NOMBRE_CANTON, ID_ESTADO) VALUES (23, 'Santo Domingo', 1);
INSERT INTO FIDE_CANTON_TB (ID_CANTON, NOMBRE_CANTON, ID_ESTADO) VALUES (24, 'San Rafael', 13);
INSERT INTO FIDE_CANTON_TB (ID_CANTON, NOMBRE_CANTON, ID_ESTADO) VALUES (25, 'Sarapiquí', 3);
INSERT INTO FIDE_CANTON_TB (ID_CANTON, NOMBRE_CANTON, ID_ESTADO) VALUES (26, 'Liberia', 11);
INSERT INTO FIDE_CANTON_TB (ID_CANTON, NOMBRE_CANTON, ID_ESTADO) VALUES (27, 'Nicoya', 12);
INSERT INTO FIDE_CANTON_TB (ID_CANTON, NOMBRE_CANTON, ID_ESTADO) VALUES (28, 'Santa Cruz', 13);
INSERT INTO FIDE_CANTON_TB (ID_CANTON, NOMBRE_CANTON, ID_ESTADO) VALUES (29, 'Bagaces', 2);
INSERT INTO FIDE_CANTON_TB (ID_CANTON, NOMBRE_CANTON, ID_ESTADO) VALUES (30, 'Cañas', 4);
INSERT INTO FIDE_CANTON_TB (ID_CANTON, NOMBRE_CANTON, ID_ESTADO) VALUES (31, 'Puntarenas', 3);
INSERT INTO FIDE_CANTON_TB (ID_CANTON, NOMBRE_CANTON, ID_ESTADO) VALUES (32, 'Esparza', 4);
INSERT INTO FIDE_CANTON_TB (ID_CANTON, NOMBRE_CANTON, ID_ESTADO) VALUES (33, 'Buenos Aires', 1);
INSERT INTO FIDE_CANTON_TB (ID_CANTON, NOMBRE_CANTON, ID_ESTADO) VALUES (34, 'Golfito', 9);
INSERT INTO FIDE_CANTON_TB (ID_CANTON, NOMBRE_CANTON, ID_ESTADO) VALUES (35, 'Osa', 3);
INSERT INTO FIDE_CANTON_TB (ID_CANTON, NOMBRE_CANTON, ID_ESTADO) VALUES (36, 'Limón', 11);
INSERT INTO FIDE_CANTON_TB (ID_CANTON, NOMBRE_CANTON, ID_ESTADO) VALUES (37, 'Pococí', 6);
INSERT INTO FIDE_CANTON_TB (ID_CANTON, NOMBRE_CANTON, ID_ESTADO) VALUES (38, 'Siquirres', 4);
INSERT INTO FIDE_CANTON_TB (ID_CANTON, NOMBRE_CANTON, ID_ESTADO) VALUES (39, 'Talamanca', 2);
INSERT INTO FIDE_CANTON_TB (ID_CANTON, NOMBRE_CANTON, ID_ESTADO) VALUES (40, 'Matina', 5);
INSERT INTO FIDE_CANTON_TB (ID_CANTON, NOMBRE_CANTON, ID_ESTADO) VALUES (41, 'Chitré', 10);
INSERT INTO FIDE_CANTON_TB (ID_CANTON, NOMBRE_CANTON, ID_ESTADO) VALUES (42, 'David', 6);
INSERT INTO FIDE_CANTON_TB (ID_CANTON, NOMBRE_CANTON, ID_ESTADO) VALUES (43, 'Santiago', 3);
INSERT INTO FIDE_CANTON_TB (ID_CANTON, NOMBRE_CANTON, ID_ESTADO) VALUES (44, 'Penonomé', 11);
INSERT INTO FIDE_CANTON_TB (ID_CANTON, NOMBRE_CANTON, ID_ESTADO) VALUES (45, 'La Chorrera', 1);
INSERT INTO FIDE_CANTON_TB (ID_CANTON, NOMBRE_CANTON, ID_ESTADO) VALUES (46, 'Guadalupe', 6);
INSERT INTO FIDE_CANTON_TB (ID_CANTON, NOMBRE_CANTON, ID_ESTADO) VALUES (47, 'Zapote', 8);
INSERT INTO FIDE_CANTON_TB (ID_CANTON, NOMBRE_CANTON, ID_ESTADO) VALUES (48, 'San Pedro', 4);
INSERT INTO FIDE_CANTON_TB (ID_CANTON, NOMBRE_CANTON, ID_ESTADO) VALUES (49, 'San Pablo', 9);
INSERT INTO FIDE_CANTON_TB (ID_CANTON, NOMBRE_CANTON, ID_ESTADO) VALUES (50, 'El Carmen', 7);

------INSERCION TABLA DISTRITO
INSERT INTO FIDE_DISTRITO_TB (ID_DISTRITO, NOMBRE_DISTRITO, ID_ESTADO) VALUES (1, 'Carmen', 4);
INSERT INTO FIDE_DISTRITO_TB (ID_DISTRITO, NOMBRE_DISTRITO, ID_ESTADO) VALUES (2, 'Merced', 8);
INSERT INTO FIDE_DISTRITO_TB (ID_DISTRITO, NOMBRE_DISTRITO, ID_ESTADO) VALUES (3, 'Hospital', 13);
INSERT INTO FIDE_DISTRITO_TB (ID_DISTRITO, NOMBRE_DISTRITO, ID_ESTADO) VALUES (4, 'Catedral', 12);
INSERT INTO FIDE_DISTRITO_TB (ID_DISTRITO, NOMBRE_DISTRITO, ID_ESTADO) VALUES (5, 'Zapote', 11);
INSERT INTO FIDE_DISTRITO_TB (ID_DISTRITO, NOMBRE_DISTRITO, ID_ESTADO) VALUES (6, 'San Francisco', 3);
INSERT INTO FIDE_DISTRITO_TB (ID_DISTRITO, NOMBRE_DISTRITO, ID_ESTADO) VALUES (7, 'San Sebastián', 3);
INSERT INTO FIDE_DISTRITO_TB (ID_DISTRITO, NOMBRE_DISTRITO, ID_ESTADO) VALUES (8, 'Hatillo', 10);
INSERT INTO FIDE_DISTRITO_TB (ID_DISTRITO, NOMBRE_DISTRITO, ID_ESTADO) VALUES (9, 'Pavas', 2);
INSERT INTO FIDE_DISTRITO_TB (ID_DISTRITO, NOMBRE_DISTRITO, ID_ESTADO) VALUES (10, 'Uruca', 9);
INSERT INTO FIDE_DISTRITO_TB (ID_DISTRITO, NOMBRE_DISTRITO, ID_ESTADO) VALUES (11, 'San Rafael', 13);
INSERT INTO FIDE_DISTRITO_TB (ID_DISTRITO, NOMBRE_DISTRITO, ID_ESTADO) VALUES (12, 'San Antonio', 12);
INSERT INTO FIDE_DISTRITO_TB (ID_DISTRITO, NOMBRE_DISTRITO, ID_ESTADO) VALUES (13, 'San Miguel', 13);
INSERT INTO FIDE_DISTRITO_TB (ID_DISTRITO, NOMBRE_DISTRITO, ID_ESTADO) VALUES (14, 'San Juan', 1);
INSERT INTO FIDE_DISTRITO_TB (ID_DISTRITO, NOMBRE_DISTRITO, ID_ESTADO) VALUES (15, 'San Pedro', 1);
INSERT INTO FIDE_DISTRITO_TB (ID_DISTRITO, NOMBRE_DISTRITO, ID_ESTADO) VALUES (16, 'Sabanilla', 5);
INSERT INTO FIDE_DISTRITO_TB (ID_DISTRITO, NOMBRE_DISTRITO, ID_ESTADO) VALUES (17, 'Mercedes', 1);
INSERT INTO FIDE_DISTRITO_TB (ID_DISTRITO, NOMBRE_DISTRITO, ID_ESTADO) VALUES (18, 'San Pablo', 10);
INSERT INTO FIDE_DISTRITO_TB (ID_DISTRITO, NOMBRE_DISTRITO, ID_ESTADO) VALUES (19, 'San Vicente', 5);
INSERT INTO FIDE_DISTRITO_TB (ID_DISTRITO, NOMBRE_DISTRITO, ID_ESTADO) VALUES (20, 'Santo Domingo', 10);
INSERT INTO FIDE_DISTRITO_TB (ID_DISTRITO, NOMBRE_DISTRITO, ID_ESTADO) VALUES (21, 'Carrandi', 5);
INSERT INTO FIDE_DISTRITO_TB (ID_DISTRITO, NOMBRE_DISTRITO, ID_ESTADO) VALUES (22, 'Matama', 10);
INSERT INTO FIDE_DISTRITO_TB (ID_DISTRITO, NOMBRE_DISTRITO, ID_ESTADO) VALUES (23, 'Limón Centro', 9);
INSERT INTO FIDE_DISTRITO_TB (ID_DISTRITO, NOMBRE_DISTRITO, ID_ESTADO) VALUES (24, 'Guápiles', 7);
INSERT INTO FIDE_DISTRITO_TB (ID_DISTRITO, NOMBRE_DISTRITO, ID_ESTADO) VALUES (25, 'Jiménez', 5);
INSERT INTO FIDE_DISTRITO_TB (ID_DISTRITO, NOMBRE_DISTRITO, ID_ESTADO) VALUES (26, 'Tucurrique', 4);
INSERT INTO FIDE_DISTRITO_TB (ID_DISTRITO, NOMBRE_DISTRITO, ID_ESTADO) VALUES (27, 'La Suiza', 11);
INSERT INTO FIDE_DISTRITO_TB (ID_DISTRITO, NOMBRE_DISTRITO, ID_ESTADO) VALUES (28, 'Pejibaye', 4);
INSERT INTO FIDE_DISTRITO_TB (ID_DISTRITO, NOMBRE_DISTRITO, ID_ESTADO) VALUES (29, 'Turrialba', 4);
INSERT INTO FIDE_DISTRITO_TB (ID_DISTRITO, NOMBRE_DISTRITO, ID_ESTADO) VALUES (30, 'Santa Cruz', 11);
INSERT INTO FIDE_DISTRITO_TB (ID_DISTRITO, NOMBRE_DISTRITO, ID_ESTADO) VALUES (31, 'Liberia', 12);
INSERT INTO FIDE_DISTRITO_TB (ID_DISTRITO, NOMBRE_DISTRITO, ID_ESTADO) VALUES (32, 'Filadelfia', 3);
INSERT INTO FIDE_DISTRITO_TB (ID_DISTRITO, NOMBRE_DISTRITO, ID_ESTADO) VALUES (33, 'Nicoya', 6);
INSERT INTO FIDE_DISTRITO_TB (ID_DISTRITO, NOMBRE_DISTRITO, ID_ESTADO) VALUES (34, 'Santa Rosa', 4);
INSERT INTO FIDE_DISTRITO_TB (ID_DISTRITO, NOMBRE_DISTRITO, ID_ESTADO) VALUES (35, 'Quebrada Honda', 2);
INSERT INTO FIDE_DISTRITO_TB (ID_DISTRITO, NOMBRE_DISTRITO, ID_ESTADO) VALUES (36, 'Puerto Viejo', 7);
INSERT INTO FIDE_DISTRITO_TB (ID_DISTRITO, NOMBRE_DISTRITO, ID_ESTADO) VALUES (37, 'Cahuita', 1);
INSERT INTO FIDE_DISTRITO_TB (ID_DISTRITO, NOMBRE_DISTRITO, ID_ESTADO) VALUES (38, 'Bribrí', 8);
INSERT INTO FIDE_DISTRITO_TB (ID_DISTRITO, NOMBRE_DISTRITO, ID_ESTADO) VALUES (39, 'Sixaola', 12);
INSERT INTO FIDE_DISTRITO_TB (ID_DISTRITO, NOMBRE_DISTRITO, ID_ESTADO) VALUES (40, 'Paraiso', 10);
INSERT INTO FIDE_DISTRITO_TB (ID_DISTRITO, NOMBRE_DISTRITO, ID_ESTADO) VALUES (41, 'Orosi', 6);
INSERT INTO FIDE_DISTRITO_TB (ID_DISTRITO, NOMBRE_DISTRITO, ID_ESTADO) VALUES (42, 'Cachí', 8);
INSERT INTO FIDE_DISTRITO_TB (ID_DISTRITO, NOMBRE_DISTRITO, ID_ESTADO) VALUES (43, 'Tejar', 9);
INSERT INTO FIDE_DISTRITO_TB (ID_DISTRITO, NOMBRE_DISTRITO, ID_ESTADO) VALUES (44, 'Tres Ríos', 11);
INSERT INTO FIDE_DISTRITO_TB (ID_DISTRITO, NOMBRE_DISTRITO, ID_ESTADO) VALUES (45, 'San Diego', 10);
INSERT INTO FIDE_DISTRITO_TB (ID_DISTRITO, NOMBRE_DISTRITO, ID_ESTADO) VALUES (46, 'Curridabat', 3);
INSERT INTO FIDE_DISTRITO_TB (ID_DISTRITO, NOMBRE_DISTRITO, ID_ESTADO) VALUES (47, 'Granadilla', 9);
INSERT INTO FIDE_DISTRITO_TB (ID_DISTRITO, NOMBRE_DISTRITO, ID_ESTADO) VALUES (48, 'Sánchez', 13);
INSERT INTO FIDE_DISTRITO_TB (ID_DISTRITO, NOMBRE_DISTRITO, ID_ESTADO) VALUES (49, 'San Rafael Abajo', 1);
INSERT INTO FIDE_DISTRITO_TB (ID_DISTRITO, NOMBRE_DISTRITO, ID_ESTADO) VALUES (50, 'San Rafael Arriba', 3);



------INSERCION TABLA DIRECCION
INSERT INTO FIDE_DIRECCION_TB (ID_DIRECCION, DETALLE_DIRECCION, ID_DISTRITO, ID_CANTON, ID_PROVINCIA, ID_PAIS, ID_USUARIO, ID_ESTADO) VALUES (1, 'Frente al acuario principal', 1, 1, 1, 1, 101, 7);
INSERT INTO FIDE_DIRECCION_TB (ID_DIRECCION, DETALLE_DIRECCION, ID_DISTRITO, ID_CANTON, ID_PROVINCIA, ID_PAIS, ID_USUARIO, ID_ESTADO) VALUES (2, 'Detrás del tanque de medusas', 2, 2, 2, 2, 102, 9);
INSERT INTO FIDE_DIRECCION_TB (ID_DIRECCION, DETALLE_DIRECCION, ID_DISTRITO, ID_CANTON, ID_PROVINCIA, ID_PAIS, ID_USUARIO, ID_ESTADO) VALUES (3, 'Cerca del área de tiburones', 3, 3, 3, 3, 103, 12);
INSERT INTO FIDE_DIRECCION_TB (ID_DIRECCION, DETALLE_DIRECCION, ID_DISTRITO, ID_CANTON, ID_PROVINCIA, ID_PAIS, ID_USUARIO, ID_ESTADO) VALUES (4, 'Contiguo a la entrada principal', 4, 4, 4, 4, 104, 11);
INSERT INTO FIDE_DIRECCION_TB (ID_DIRECCION, DETALLE_DIRECCION, ID_DISTRITO, ID_CANTON, ID_PROVINCIA, ID_PAIS, ID_USUARIO, ID_ESTADO) VALUES (5, 'Junto al estanque de tortugas', 5, 5, 5, 5, 105, 13);
INSERT INTO FIDE_DIRECCION_TB (ID_DIRECCION, DETALLE_DIRECCION, ID_DISTRITO, ID_CANTON, ID_PROVINCIA, ID_PAIS, ID_USUARIO, ID_ESTADO) VALUES (6, 'Segundo piso, zona administrativa', 6, 6, 6, 6, 106, 3);
INSERT INTO FIDE_DIRECCION_TB (ID_DIRECCION, DETALLE_DIRECCION, ID_DISTRITO, ID_CANTON, ID_PROVINCIA, ID_PAIS, ID_USUARIO, ID_ESTADO) VALUES (7, 'Pasillo oeste, módulo 3', 7, 7, 7, 7, 107, 7);
INSERT INTO FIDE_DIRECCION_TB (ID_DIRECCION, DETALLE_DIRECCION, ID_DISTRITO, ID_CANTON, ID_PROVINCIA, ID_PAIS, ID_USUARIO, ID_ESTADO) VALUES (8, 'Zona de cuarentena de peces', 8, 8, 8, 8, 108, 1);
INSERT INTO FIDE_DIRECCION_TB (ID_DIRECCION, DETALLE_DIRECCION, ID_DISTRITO, ID_CANTON, ID_PROVINCIA, ID_PAIS, ID_USUARIO, ID_ESTADO) VALUES (9, 'Planta baja, al lado del elevador', 9, 9, 9, 9, 109, 13);
INSERT INTO FIDE_DIRECCION_TB (ID_DIRECCION, DETALLE_DIRECCION, ID_DISTRITO, ID_CANTON, ID_PROVINCIA, ID_PAIS, ID_USUARIO, ID_ESTADO) VALUES (10, 'Frente a la tienda de regalos', 10, 10, 10, 10, 110, 10);
INSERT INTO FIDE_DIRECCION_TB (ID_DIRECCION, DETALLE_DIRECCION, ID_DISTRITO, ID_CANTON, ID_PROVINCIA, ID_PAIS, ID_USUARIO, ID_ESTADO) VALUES (11, 'Contiguo a la cafetería', 11, 11, 11, 11, 111, 10);
INSERT INTO FIDE_DIRECCION_TB (ID_DIRECCION, DETALLE_DIRECCION, ID_DISTRITO, ID_CANTON, ID_PROVINCIA, ID_PAIS, ID_USUARIO, ID_ESTADO) VALUES (12, 'Oficina de mantenimiento', 12, 12, 12, 12, 112, 11);
INSERT INTO FIDE_DIRECCION_TB (ID_DIRECCION, DETALLE_DIRECCION, ID_DISTRITO, ID_CANTON, ID_PROVINCIA, ID_PAIS, ID_USUARIO, ID_ESTADO) VALUES (13, 'Frente a la entrada de proveedores', 13, 13, 13, 13, 113, 8);
INSERT INTO FIDE_DIRECCION_TB (ID_DIRECCION, DETALLE_DIRECCION, ID_DISTRITO, ID_CANTON, ID_PROVINCIA, ID_PAIS, ID_USUARIO, ID_ESTADO) VALUES (14, 'Cerca del estanque de mantarrayas', 14, 14, 14, 14, 114, 3);
INSERT INTO FIDE_DIRECCION_TB (ID_DIRECCION, DETALLE_DIRECCION, ID_DISTRITO, ID_CANTON, ID_PROVINCIA, ID_PAIS, ID_USUARIO, ID_ESTADO) VALUES (15, 'Área de investigación', 15, 15, 15, 15, 115, 11);
INSERT INTO FIDE_DIRECCION_TB (ID_DIRECCION, DETALLE_DIRECCION, ID_DISTRITO, ID_CANTON, ID_PROVINCIA, ID_PAIS, ID_USUARIO, ID_ESTADO) VALUES (16, 'Edificio azul, entrada lateral', 16, 16, 16, 16, 116, 2);
INSERT INTO FIDE_DIRECCION_TB (ID_DIRECCION, DETALLE_DIRECCION, ID_DISTRITO, ID_CANTON, ID_PROVINCIA, ID_PAIS, ID_USUARIO, ID_ESTADO) VALUES (17, 'Junto al laboratorio marino', 17, 17, 17, 17, 117, 1);
INSERT INTO FIDE_DIRECCION_TB (ID_DIRECCION, DETALLE_DIRECCION, ID_DISTRITO, ID_CANTON, ID_PROVINCIA, ID_PAIS, ID_USUARIO, ID_ESTADO) VALUES (18, 'Zona educativa, salón 1', 18, 18, 18, 18, 118, 6);
INSERT INTO FIDE_DIRECCION_TB (ID_DIRECCION, DETALLE_DIRECCION, ID_DISTRITO, ID_CANTON, ID_PROVINCIA, ID_PAIS, ID_USUARIO, ID_ESTADO) VALUES (19, 'Pasillo este, módulo 2', 19, 19, 19, 19, 119, 10);
INSERT INTO FIDE_DIRECCION_TB (ID_DIRECCION, DETALLE_DIRECCION, ID_DISTRITO, ID_CANTON, ID_PROVINCIA, ID_PAIS, ID_USUARIO, ID_ESTADO) VALUES (20, 'Área de eventos', 20, 20, 20, 20, 120, 13);
INSERT INTO FIDE_DIRECCION_TB (ID_DIRECCION, DETALLE_DIRECCION, ID_DISTRITO, ID_CANTON, ID_PROVINCIA, ID_PAIS, ID_USUARIO, ID_ESTADO) VALUES (21, 'Estacionamiento subterráneo', 21, 21, 21, 21, 121, 2);
INSERT INTO FIDE_DIRECCION_TB (ID_DIRECCION, DETALLE_DIRECCION, ID_DISTRITO, ID_CANTON, ID_PROVINCIA, ID_PAIS, ID_USUARIO, ID_ESTADO) VALUES (22, 'Cerca del área de delfines', 22, 22, 22, 22, 122, 8);
INSERT INTO FIDE_DIRECCION_TB (ID_DIRECCION, DETALLE_DIRECCION, ID_DISTRITO, ID_CANTON, ID_PROVINCIA, ID_PAIS, ID_USUARIO, ID_ESTADO) VALUES (23, 'Oficina de dirección', 23, 23, 23, 23, 123, 8);
INSERT INTO FIDE_DIRECCION_TB (ID_DIRECCION, DETALLE_DIRECCION, ID_DISTRITO, ID_CANTON, ID_PROVINCIA, ID_PAIS, ID_USUARIO, ID_ESTADO) VALUES (24, 'Bodega general', 24, 24, 24, 24, 124, 11);
INSERT INTO FIDE_DIRECCION_TB (ID_DIRECCION, DETALLE_DIRECCION, ID_DISTRITO, ID_CANTON, ID_PROVINCIA, ID_PAIS, ID_USUARIO, ID_ESTADO) VALUES (25, 'Segundo nivel, escalera norte', 25, 25, 25, 25, 125, 13);
INSERT INTO FIDE_DIRECCION_TB (ID_DIRECCION, DETALLE_DIRECCION, ID_DISTRITO, ID_CANTON, ID_PROVINCIA, ID_PAIS, ID_USUARIO, ID_ESTADO) VALUES (26, 'Al lado de la recepción', 26, 26, 26, 26, 126, 12);
INSERT INTO FIDE_DIRECCION_TB (ID_DIRECCION, DETALLE_DIRECCION, ID_DISTRITO, ID_CANTON, ID_PROVINCIA, ID_PAIS, ID_USUARIO, ID_ESTADO) VALUES (27, 'Pasillo de exhibición', 27, 27, 27, 27, 127, 13);
INSERT INTO FIDE_DIRECCION_TB (ID_DIRECCION, DETALLE_DIRECCION, ID_DISTRITO, ID_CANTON, ID_PROVINCIA, ID_PAIS, ID_USUARIO, ID_ESTADO) VALUES (28, 'Puerta de acceso restringido', 28, 28, 28, 28, 128, 13);
INSERT INTO FIDE_DIRECCION_TB (ID_DIRECCION, DETALLE_DIRECCION, ID_DISTRITO, ID_CANTON, ID_PROVINCIA, ID_PAIS, ID_USUARIO, ID_ESTADO) VALUES (29, 'Edificio verde, segundo piso', 29, 29, 29, 29, 129, 12);
INSERT INTO FIDE_DIRECCION_TB (ID_DIRECCION, DETALLE_DIRECCION, ID_DISTRITO, ID_CANTON, ID_PROVINCIA, ID_PAIS, ID_USUARIO, ID_ESTADO) VALUES (30, 'Zona de reproducción', 30, 30, 30, 30, 130, 5);
INSERT INTO FIDE_DIRECCION_TB (ID_DIRECCION, DETALLE_DIRECCION, ID_DISTRITO, ID_CANTON, ID_PROVINCIA, ID_PAIS, ID_USUARIO, ID_ESTADO) VALUES (31, 'Laboratorio de agua', 31, 31, 31, 31, 131, 8);
INSERT INTO FIDE_DIRECCION_TB (ID_DIRECCION, DETALLE_DIRECCION, ID_DISTRITO, ID_CANTON, ID_PROVINCIA, ID_PAIS, ID_USUARIO, ID_ESTADO) VALUES (32, 'Contiguo al tanque tropical', 32, 32, 32, 32, 132, 3);
INSERT INTO FIDE_DIRECCION_TB (ID_DIRECCION, DETALLE_DIRECCION, ID_DISTRITO, ID_CANTON, ID_PROVINCIA, ID_PAIS, ID_USUARIO, ID_ESTADO) VALUES (33, 'Frente a la salida de emergencia', 33, 33, 33, 33, 133, 5);
INSERT INTO FIDE_DIRECCION_TB (ID_DIRECCION, DETALLE_DIRECCION, ID_DISTRITO, ID_CANTON, ID_PROVINCIA, ID_PAIS, ID_USUARIO, ID_ESTADO) VALUES (34, 'Zona de seguridad', 34, 34, 34, 34, 134, 2);
INSERT INTO FIDE_DIRECCION_TB (ID_DIRECCION, DETALLE_DIRECCION, ID_DISTRITO, ID_CANTON, ID_PROVINCIA, ID_PAIS, ID_USUARIO, ID_ESTADO) VALUES (35, 'Sala de conferencias', 35, 35, 35, 35, 135, 2);
INSERT INTO FIDE_DIRECCION_TB (ID_DIRECCION, DETALLE_DIRECCION, ID_DISTRITO, ID_CANTON, ID_PROVINCIA, ID_PAIS, ID_USUARIO, ID_ESTADO) VALUES (36, 'Zona técnica de filtración', 36, 36, 36, 36, 136, 9);
INSERT INTO FIDE_DIRECCION_TB (ID_DIRECCION, DETALLE_DIRECCION, ID_DISTRITO, ID_CANTON, ID_PROVINCIA, ID_PAIS, ID_USUARIO, ID_ESTADO) VALUES (37, 'Área de voluntarios', 37, 37, 37, 37, 137, 8);
INSERT INTO FIDE_DIRECCION_TB (ID_DIRECCION, DETALLE_DIRECCION, ID_DISTRITO, ID_CANTON, ID_PROVINCIA, ID_PAIS, ID_USUARIO, ID_ESTADO) VALUES (38, 'Tercer piso, módulo B', 38, 38, 38, 38, 138, 13);
INSERT INTO FIDE_DIRECCION_TB (ID_DIRECCION, DETALLE_DIRECCION, ID_DISTRITO, ID_CANTON, ID_PROVINCIA, ID_PAIS, ID_USUARIO, ID_ESTADO) VALUES (39, 'Acceso personal autorizado', 39, 39, 39, 39, 139, 6);
INSERT INTO FIDE_DIRECCION_TB (ID_DIRECCION, DETALLE_DIRECCION, ID_DISTRITO, ID_CANTON, ID_PROVINCIA, ID_PAIS, ID_USUARIO, ID_ESTADO) VALUES (40, 'Zona de iluminación', 40, 40, 40, 40, 140, 2);
INSERT INTO FIDE_DIRECCION_TB (ID_DIRECCION, DETALLE_DIRECCION, ID_DISTRITO, ID_CANTON, ID_PROVINCIA, ID_PAIS, ID_USUARIO, ID_ESTADO) VALUES (41, 'Cerca del hábitat de pingüinos', 41, 41, 41, 41, 141, 5);
INSERT INTO FIDE_DIRECCION_TB (ID_DIRECCION, DETALLE_DIRECCION, ID_DISTRITO, ID_CANTON, ID_PROVINCIA, ID_PAIS, ID_USUARIO, ID_ESTADO) VALUES (42, 'Zona de entrenamiento', 42, 42, 42, 42, 142, 4);
INSERT INTO FIDE_DIRECCION_TB (ID_DIRECCION, DETALLE_DIRECCION, ID_DISTRITO, ID_CANTON, ID_PROVINCIA, ID_PAIS, ID_USUARIO, ID_ESTADO) VALUES (43, 'Centro de visitantes', 43, 43, 43, 43, 143, 12);
INSERT INTO FIDE_DIRECCION_TB (ID_DIRECCION, DETALLE_DIRECCION, ID_DISTRITO, ID_CANTON, ID_PROVINCIA, ID_PAIS, ID_USUARIO, ID_ESTADO) VALUES (44, 'Área de primeros auxilios', 44, 44, 44, 44, 144, 12);
INSERT INTO FIDE_DIRECCION_TB (ID_DIRECCION, DETALLE_DIRECCION, ID_DISTRITO, ID_CANTON, ID_PROVINCIA, ID_PAIS, ID_USUARIO, ID_ESTADO) VALUES (45, 'Junto al sistema de bombeo', 45, 45, 45, 45, 145, 5);
INSERT INTO FIDE_DIRECCION_TB (ID_DIRECCION, DETALLE_DIRECCION, ID_DISTRITO, ID_CANTON, ID_PROVINCIA, ID_PAIS, ID_USUARIO, ID_ESTADO) VALUES (46, 'Almacén de alimentos', 46, 46, 46, 46, 146, 11);
INSERT INTO FIDE_DIRECCION_TB (ID_DIRECCION, DETALLE_DIRECCION, ID_DISTRITO, ID_CANTON, ID_PROVINCIA, ID_PAIS, ID_USUARIO, ID_ESTADO) VALUES (47, 'Contiguo al túnel submarino', 47, 47, 47, 47, 147, 6);
INSERT INTO FIDE_DIRECCION_TB (ID_DIRECCION, DETALLE_DIRECCION, ID_DISTRITO, ID_CANTON, ID_PROVINCIA, ID_PAIS, ID_USUARIO, ID_ESTADO) VALUES (48, 'Zona de fotografía', 48, 48, 48, 48, 148, 5);
INSERT INTO FIDE_DIRECCION_TB (ID_DIRECCION, DETALLE_DIRECCION, ID_DISTRITO, ID_CANTON, ID_PROVINCIA, ID_PAIS, ID_USUARIO, ID_ESTADO) VALUES (49, 'Puerta 7, módulo de servicio', 49, 49, 49, 49, 149, 8);
INSERT INTO FIDE_DIRECCION_TB (ID_DIRECCION, DETALLE_DIRECCION, ID_DISTRITO, ID_CANTON, ID_PROVINCIA, ID_PAIS, ID_USUARIO, ID_ESTADO) VALUES (50, 'Sector noroeste, punto de control', 50, 50, 50, 50, 150, 12);


SELECT *FROM FIDE_DIRECCION_TB;


-----INSERCION TABLA ROL--
INSERT INTO FIDE_ROL_TB (ID_ROL, NOMBRE_ROL, DESCRIPCION, ID_ESTADO) VALUES (1, 'Administrador', 'Gestión del sistema y usuarios', 12);
INSERT INTO FIDE_ROL_TB (ID_ROL, NOMBRE_ROL, DESCRIPCION, ID_ESTADO) VALUES (2, 'Veterinario', 'Cuida la salud de los animales', 7);
INSERT INTO FIDE_ROL_TB (ID_ROL, NOMBRE_ROL, DESCRIPCION, ID_ESTADO) VALUES (3, 'Cuidador', 'Atiende animales', 13);
INSERT INTO FIDE_ROL_TB (ID_ROL, NOMBRE_ROL, DESCRIPCION, ID_ESTADO) VALUES (4, 'Cliente', 'Clientes del acuario', 2);
INSERT INTO FIDE_ROL_TB (ID_ROL, NOMBRE_ROL, DESCRIPCION, ID_ESTADO) VALUES (5, 'Recepcionista', 'Atiende al público', 1);
INSERT INTO FIDE_ROL_TB (ID_ROL, NOMBRE_ROL, DESCRIPCION, ID_ESTADO) VALUES (6, 'Biólogo Marino', 'Estudia vida marina', 8);
INSERT INTO FIDE_ROL_TB (ID_ROL, NOMBRE_ROL, DESCRIPCION, ID_ESTADO) VALUES (7, 'Encargado de Tienda', 'Administra productos', 5);
INSERT INTO FIDE_ROL_TB (ID_ROL, NOMBRE_ROL, DESCRIPCION, ID_ESTADO) VALUES (8, 'Encargado de Seguridad', 'Controla accesos', 12);
INSERT INTO FIDE_ROL_TB (ID_ROL, NOMBRE_ROL, DESCRIPCION, ID_ESTADO) VALUES (9, 'Limpiador de Tanques', 'Limpieza de acuarios', 11);
INSERT INTO FIDE_ROL_TB (ID_ROL, NOMBRE_ROL, DESCRIPCION, ID_ESTADO) VALUES (10, 'Encargado de Alimentación', 'Suministra alimentos', 13);
INSERT INTO FIDE_ROL_TB (ID_ROL, NOMBRE_ROL, DESCRIPCION, ID_ESTADO) VALUES (11, 'Técnico en Filtración', 'Mantiene el sistema de agua', 11);
INSERT INTO FIDE_ROL_TB (ID_ROL, NOMBRE_ROL, DESCRIPCION, ID_ESTADO) VALUES (12, 'Proveedor', 'Provee productos al acuario', 6);
INSERT INTO FIDE_ROL_TB (ID_ROL, NOMBRE_ROL, DESCRIPCION, ID_ESTADO) VALUES (13, 'Investigador', 'Realiza estudios', 7);
INSERT INTO FIDE_ROL_TB (ID_ROL, NOMBRE_ROL, DESCRIPCION, ID_ESTADO) VALUES (14, 'Asistente Educativo', 'Apoya en educación ambiental', 12);
INSERT INTO FIDE_ROL_TB (ID_ROL, NOMBRE_ROL, DESCRIPCION, ID_ESTADO) VALUES (15, 'Técnico de Sistemas', 'Administra la infraestructura TI', 6);

SELECT*FROM FIDE_ROL_TB;


-------INSERCION TABLA USUARIO---
INSERT INTO FIDE_USUARIO_TB (ID_USUARIO, NOMBRE, FECHA_REGISTRO, TELEFONO, CORREO, ID_ESTADO, ID_ROL) VALUES (101, 'Andrés', TO_DATE('2024-01-02', 'YYYY-MM-DD'), '8801-001', 'andrés@acuario.com', 3, 6);
INSERT INTO FIDE_USUARIO_TB (ID_USUARIO, NOMBRE, FECHA_REGISTRO, TELEFONO, CORREO, ID_ESTADO, ID_ROL) VALUES (102, 'Melany', TO_DATE('2024-01-03', 'YYYY-MM-DD'), '8802-002', 'melany@acuario.com', 10, 2);
INSERT INTO FIDE_USUARIO_TB (ID_USUARIO, NOMBRE, FECHA_REGISTRO, TELEFONO, CORREO, ID_ESTADO, ID_ROL) VALUES (103, 'Nataly', TO_DATE('2024-01-04', 'YYYY-MM-DD'), '8803-003', 'nataly@acuario.com', 2, 11);
INSERT INTO FIDE_USUARIO_TB (ID_USUARIO, NOMBRE, FECHA_REGISTRO, TELEFONO, CORREO, ID_ESTADO, ID_ROL) VALUES (104, 'Carlos', TO_DATE('2024-01-05', 'YYYY-MM-DD'), '8804-004', 'carlos@acuario.com', 5, 4);
INSERT INTO FIDE_USUARIO_TB (ID_USUARIO, NOMBRE, FECHA_REGISTRO, TELEFONO, CORREO, ID_ESTADO, ID_ROL) VALUES (105, 'Sofía', TO_DATE('2024-01-06', 'YYYY-MM-DD'), '8805-005', 'sofía@acuario.com', 2, 10);
INSERT INTO FIDE_USUARIO_TB (ID_USUARIO, NOMBRE, FECHA_REGISTRO, TELEFONO, CORREO, ID_ESTADO, ID_ROL) VALUES (106, 'Daniel', TO_DATE('2024-01-07', 'YYYY-MM-DD'), '8806-006', 'daniel@acuario.com', 10, 12);
INSERT INTO FIDE_USUARIO_TB (ID_USUARIO, NOMBRE, FECHA_REGISTRO, TELEFONO, CORREO, ID_ESTADO, ID_ROL) VALUES (107, 'Valeria', TO_DATE('2024-01-08', 'YYYY-MM-DD'), '8807-007', 'valeria@acuario.com', 8, 6);
INSERT INTO FIDE_USUARIO_TB (ID_USUARIO, NOMBRE, FECHA_REGISTRO, TELEFONO, CORREO, ID_ESTADO, ID_ROL) VALUES (108, 'José', TO_DATE('2024-01-09', 'YYYY-MM-DD'), '8808-008', 'josé@acuario.com', 12, 7);
INSERT INTO FIDE_USUARIO_TB (ID_USUARIO, NOMBRE, FECHA_REGISTRO, TELEFONO, CORREO, ID_ESTADO, ID_ROL) VALUES (109, 'María', TO_DATE('2024-01-10', 'YYYY-MM-DD'), '8809-009', 'maría@acuario.com', 6, 4);
INSERT INTO FIDE_USUARIO_TB (ID_USUARIO, NOMBRE, FECHA_REGISTRO, TELEFONO, CORREO, ID_ESTADO, ID_ROL) VALUES (110, 'Luis', TO_DATE('2024-01-11', 'YYYY-MM-DD'), '8810-000', 'luis@acuario.com', 11, 1);
INSERT INTO FIDE_USUARIO_TB (ID_USUARIO, NOMBRE, FECHA_REGISTRO, TELEFONO, CORREO, ID_ESTADO, ID_ROL) VALUES (111, 'Isabela', TO_DATE('2024-01-12', 'YYYY-MM-DD'), '8811-001', 'isabela@acuario.com', 10, 5);
INSERT INTO FIDE_USUARIO_TB (ID_USUARIO, NOMBRE, FECHA_REGISTRO, TELEFONO, CORREO, ID_ESTADO, ID_ROL) VALUES (112, 'Javier', TO_DATE('2024-01-13', 'YYYY-MM-DD'), '8812-002', 'javier@acuario.com', 1, 6);
INSERT INTO FIDE_USUARIO_TB (ID_USUARIO, NOMBRE, FECHA_REGISTRO, TELEFONO, CORREO, ID_ESTADO, ID_ROL) VALUES (113, 'Camila', TO_DATE('2024-01-14', 'YYYY-MM-DD'), '8813-003', 'camila@acuario.com', 11, 15);
INSERT INTO FIDE_USUARIO_TB (ID_USUARIO, NOMBRE, FECHA_REGISTRO, TELEFONO, CORREO, ID_ESTADO, ID_ROL) VALUES (114, 'Alejandro', TO_DATE('2024-01-15', 'YYYY-MM-DD'), '8814-004', 'alejandro@acuario.com', 6, 14);
INSERT INTO FIDE_USUARIO_TB (ID_USUARIO, NOMBRE, FECHA_REGISTRO, TELEFONO, CORREO, ID_ESTADO, ID_ROL) VALUES (115, 'Gabriela', TO_DATE('2024-01-16', 'YYYY-MM-DD'), '8815-005', 'gabriela@acuario.com', 9, 11);
INSERT INTO FIDE_USUARIO_TB (ID_USUARIO, NOMBRE, FECHA_REGISTRO, TELEFONO, CORREO, ID_ESTADO, ID_ROL) VALUES (116, 'Fernando', TO_DATE('2024-01-17', 'YYYY-MM-DD'), '8816-006', 'fernando@acuario.com', 12, 6);
INSERT INTO FIDE_USUARIO_TB (ID_USUARIO, NOMBRE, FECHA_REGISTRO, TELEFONO, CORREO, ID_ESTADO, ID_ROL) VALUES (117, 'Daniela', TO_DATE('2024-01-18', 'YYYY-MM-DD'), '8817-007', 'daniela@acuario.com', 9, 1);
INSERT INTO FIDE_USUARIO_TB (ID_USUARIO, NOMBRE, FECHA_REGISTRO, TELEFONO, CORREO, ID_ESTADO, ID_ROL) VALUES (118, 'Ricardo', TO_DATE('2024-01-19', 'YYYY-MM-DD'), '8818-008', 'ricardo@acuario.com', 2, 3);
INSERT INTO FIDE_USUARIO_TB (ID_USUARIO, NOMBRE, FECHA_REGISTRO, TELEFONO, CORREO, ID_ESTADO, ID_ROL) VALUES (119, 'Laura', TO_DATE('2024-01-20', 'YYYY-MM-DD'), '8819-009', 'laura@acuario.com', 6, 15);
INSERT INTO FIDE_USUARIO_TB (ID_USUARIO, NOMBRE, FECHA_REGISTRO, TELEFONO, CORREO, ID_ESTADO, ID_ROL) VALUES (120, 'Marco', TO_DATE('2024-01-21', 'YYYY-MM-DD'), '8820-000', 'marco@acuario.com', 6, 12);
INSERT INTO FIDE_USUARIO_TB (ID_USUARIO, NOMBRE, FECHA_REGISTRO, TELEFONO, CORREO, ID_ESTADO, ID_ROL) VALUES (121, 'Nicole', TO_DATE('2024-01-22', 'YYYY-MM-DD'), '8821-001', 'nicole@acuario.com', 9, 4);
INSERT INTO FIDE_USUARIO_TB (ID_USUARIO, NOMBRE, FECHA_REGISTRO, TELEFONO, CORREO, ID_ESTADO, ID_ROL) VALUES (122, 'Diego', TO_DATE('2024-01-23', 'YYYY-MM-DD'), '8822-002', 'diego@acuario.com', 12, 12);
INSERT INTO FIDE_USUARIO_TB (ID_USUARIO, NOMBRE, FECHA_REGISTRO, TELEFONO, CORREO, ID_ESTADO, ID_ROL) VALUES (123, 'Lucía', TO_DATE('2024-01-24', 'YYYY-MM-DD'), '8823-003', 'lucía@acuario.com', 12, 6);
INSERT INTO FIDE_USUARIO_TB (ID_USUARIO, NOMBRE, FECHA_REGISTRO, TELEFONO, CORREO, ID_ESTADO, ID_ROL) VALUES (124, 'Sebastián', TO_DATE('2024-01-25', 'YYYY-MM-DD'), '8824-004', 'sebastián@acuario.com', 2, 13);
INSERT INTO FIDE_USUARIO_TB (ID_USUARIO, NOMBRE, FECHA_REGISTRO, TELEFONO, CORREO, ID_ESTADO, ID_ROL) VALUES (125, 'Ana', TO_DATE('2024-01-26', 'YYYY-MM-DD'), '8825-005', 'ana@acuario.com', 8, 15);
INSERT INTO FIDE_USUARIO_TB (ID_USUARIO, NOMBRE, FECHA_REGISTRO, TELEFONO, CORREO, ID_ESTADO, ID_ROL) VALUES (126, 'David', TO_DATE('2024-01-27', 'YYYY-MM-DD'), '8826-006', 'david@acuario.com', 9, 3);
INSERT INTO FIDE_USUARIO_TB (ID_USUARIO, NOMBRE, FECHA_REGISTRO, TELEFONO, CORREO, ID_ESTADO, ID_ROL) VALUES (127, 'Jimena', TO_DATE('2024-01-28', 'YYYY-MM-DD'), '8827-007', 'jimena@acuario.com', 6, 4);
INSERT INTO FIDE_USUARIO_TB (ID_USUARIO, NOMBRE, FECHA_REGISTRO, TELEFONO, CORREO, ID_ESTADO, ID_ROL) VALUES (128, 'Cristian', TO_DATE('2024-01-29', 'YYYY-MM-DD'), '8828-008', 'cristian@acuario.com', 4, 15);
INSERT INTO FIDE_USUARIO_TB (ID_USUARIO, NOMBRE, FECHA_REGISTRO, TELEFONO, CORREO, ID_ESTADO, ID_ROL) VALUES (129, 'Pamela', TO_DATE('2024-01-30', 'YYYY-MM-DD'), '8829-009', 'pamela@acuario.com', 5, 12);
INSERT INTO FIDE_USUARIO_TB (ID_USUARIO, NOMBRE, FECHA_REGISTRO, TELEFONO, CORREO, ID_ESTADO, ID_ROL) VALUES (130, 'Enrique', TO_DATE('2024-01-31', 'YYYY-MM-DD'), '8830-000', 'enrique@acuario.com', 10, 10);
INSERT INTO FIDE_USUARIO_TB (ID_USUARIO, NOMBRE, FECHA_REGISTRO, TELEFONO, CORREO, ID_ESTADO, ID_ROL) VALUES (131, 'Alexa', TO_DATE('2024-02-01', 'YYYY-MM-DD'), '8831-001', 'alexa@acuario.com', 10, 7);
INSERT INTO FIDE_USUARIO_TB (ID_USUARIO, NOMBRE, FECHA_REGISTRO, TELEFONO, CORREO, ID_ESTADO, ID_ROL) VALUES (132, 'Mauricio', TO_DATE('2024-02-02', 'YYYY-MM-DD'), '8832-002', 'mauricio@acuario.com', 1, 9);
INSERT INTO FIDE_USUARIO_TB (ID_USUARIO, NOMBRE, FECHA_REGISTRO, TELEFONO, CORREO, ID_ESTADO, ID_ROL) VALUES (133, 'Bianca', TO_DATE('2024-02-03', 'YYYY-MM-DD'), '8833-003', 'bianca@acuario.com', 6, 2);
INSERT INTO FIDE_USUARIO_TB (ID_USUARIO, NOMBRE, FECHA_REGISTRO, TELEFONO, CORREO, ID_ESTADO, ID_ROL) VALUES (134, 'Pablo', TO_DATE('2024-02-04', 'YYYY-MM-DD'), '8834-004', 'pablo@acuario.com', 13, 5);
INSERT INTO FIDE_USUARIO_TB (ID_USUARIO, NOMBRE, FECHA_REGISTRO, TELEFONO, CORREO, ID_ESTADO, ID_ROL) VALUES (135, 'Karina', TO_DATE('2024-02-05', 'YYYY-MM-DD'), '8835-005', 'karina@acuario.com', 11, 14);
INSERT INTO FIDE_USUARIO_TB (ID_USUARIO, NOMBRE, FECHA_REGISTRO, TELEFONO, CORREO, ID_ESTADO, ID_ROL) VALUES (136, 'Kevin', TO_DATE('2024-02-06', 'YYYY-MM-DD'), '8836-006', 'kevin@acuario.com', 11, 2);
INSERT INTO FIDE_USUARIO_TB (ID_USUARIO, NOMBRE, FECHA_REGISTRO, TELEFONO, CORREO, ID_ESTADO, ID_ROL) VALUES (137, 'Mónica', TO_DATE('2024-02-07', 'YYYY-MM-DD'), '8837-007', 'mónica@acuario.com', 5, 10);
INSERT INTO FIDE_USUARIO_TB (ID_USUARIO, NOMBRE, FECHA_REGISTRO, TELEFONO, CORREO, ID_ESTADO, ID_ROL) VALUES (138, 'Allan', TO_DATE('2024-02-08', 'YYYY-MM-DD'), '8838-008', 'allan@acuario.com', 4, 12);
INSERT INTO FIDE_USUARIO_TB (ID_USUARIO, NOMBRE, FECHA_REGISTRO, TELEFONO, CORREO, ID_ESTADO, ID_ROL) VALUES (139, 'Elena', TO_DATE('2024-02-09', 'YYYY-MM-DD'), '8839-009', 'elena@acuario.com', 10, 3);
INSERT INTO FIDE_USUARIO_TB (ID_USUARIO, NOMBRE, FECHA_REGISTRO, TELEFONO, CORREO, ID_ESTADO, ID_ROL) VALUES (140, 'Esteban', TO_DATE('2024-02-10', 'YYYY-MM-DD'), '8840-000', 'esteban@acuario.com', 11, 3);
INSERT INTO FIDE_USUARIO_TB (ID_USUARIO, NOMBRE, FECHA_REGISTRO, TELEFONO, CORREO, ID_ESTADO, ID_ROL) VALUES (141, 'Michelle', TO_DATE('2024-02-11', 'YYYY-MM-DD'), '8841-001', 'michelle@acuario.com', 4, 2);
INSERT INTO FIDE_USUARIO_TB (ID_USUARIO, NOMBRE, FECHA_REGISTRO, TELEFONO, CORREO, ID_ESTADO, ID_ROL) VALUES (142, 'Jonathan', TO_DATE('2024-02-12', 'YYYY-MM-DD'), '8842-002', 'jonathan@acuario.com', 1, 5);
INSERT INTO FIDE_USUARIO_TB (ID_USUARIO, NOMBRE, FECHA_REGISTRO, TELEFONO, CORREO, ID_ESTADO, ID_ROL) VALUES (143, 'Juliana', TO_DATE('2024-02-13', 'YYYY-MM-DD'), '8843-003', 'juliana@acuario.com', 11, 4);
INSERT INTO FIDE_USUARIO_TB (ID_USUARIO, NOMBRE, FECHA_REGISTRO, TELEFONO, CORREO, ID_ESTADO, ID_ROL) VALUES (144, 'Tomás', TO_DATE('2024-02-14', 'YYYY-MM-DD'), '8844-004', 'tomás@acuario.com', 12, 11);
INSERT INTO FIDE_USUARIO_TB (ID_USUARIO, NOMBRE, FECHA_REGISTRO, TELEFONO, CORREO, ID_ESTADO, ID_ROL) VALUES (145, 'Paola', TO_DATE('2024-02-15', 'YYYY-MM-DD'), '8845-005', 'paola@acuario.com', 7, 14);
INSERT INTO FIDE_USUARIO_TB (ID_USUARIO, NOMBRE, FECHA_REGISTRO, TELEFONO, CORREO, ID_ESTADO, ID_ROL) VALUES (146, 'Manuel', TO_DATE('2024-02-16', 'YYYY-MM-DD'), '8846-006', 'manuel@acuario.com', 10, 1);
INSERT INTO FIDE_USUARIO_TB (ID_USUARIO, NOMBRE, FECHA_REGISTRO, TELEFONO, CORREO, ID_ESTADO, ID_ROL) VALUES (147, 'Adriana', TO_DATE('2024-02-17', 'YYYY-MM-DD'), '8847-007', 'adriana@acuario.com', 4, 11);
INSERT INTO FIDE_USUARIO_TB (ID_USUARIO, NOMBRE, FECHA_REGISTRO, TELEFONO, CORREO, ID_ESTADO, ID_ROL) VALUES (148, 'Eduardo', TO_DATE('2024-02-18', 'YYYY-MM-DD'), '8848-008', 'eduardo@acuario.com', 4, 4);
INSERT INTO FIDE_USUARIO_TB (ID_USUARIO, NOMBRE, FECHA_REGISTRO, TELEFONO, CORREO, ID_ESTADO, ID_ROL) VALUES (149, 'Melissa', TO_DATE('2024-02-19', 'YYYY-MM-DD'), '8849-009', 'melissa@acuario.com', 8, 13);
INSERT INTO FIDE_USUARIO_TB (ID_USUARIO, NOMBRE, FECHA_REGISTRO, TELEFONO, CORREO, ID_ESTADO, ID_ROL) VALUES (150, 'Fabián', TO_DATE('2024-02-20', 'YYYY-MM-DD'), '8850-000', 'fabián@acuario.com', 12, 14);

-----INSERCION TABLA HORARIO--
INSERT INTO FIDE_HORARIO_TB (ID_HORARIO, DIA, HORA_INICIO, HORA_FINAL, ID_USUARIO, ID_ESTADO) VALUES (1, 'Lunes', TO_DATE('08:00', 'HH24:MI'), TO_DATE('17:00', 'HH24:MI'), 101, 1);
INSERT INTO FIDE_HORARIO_TB (ID_HORARIO, DIA, HORA_INICIO, HORA_FINAL, ID_USUARIO, ID_ESTADO) VALUES (2, 'Martes', TO_DATE('09:00', 'HH24:MI'), TO_DATE('18:00', 'HH24:MI'), 102, 10);
INSERT INTO FIDE_HORARIO_TB (ID_HORARIO, DIA, HORA_INICIO, HORA_FINAL, ID_USUARIO, ID_ESTADO) VALUES (3, 'Miércoles', TO_DATE('07:30', 'HH24:MI'), TO_DATE('16:30', 'HH24:MI'), 103, 2);
INSERT INTO FIDE_HORARIO_TB (ID_HORARIO, DIA, HORA_INICIO, HORA_FINAL, ID_USUARIO, ID_ESTADO) VALUES (4, 'Jueves', TO_DATE('10:00', 'HH24:MI'), TO_DATE('19:00', 'HH24:MI'), 104, 5);
INSERT INTO FIDE_HORARIO_TB (ID_HORARIO, DIA, HORA_INICIO, HORA_FINAL, ID_USUARIO, ID_ESTADO) VALUES (5, 'Viernes', TO_DATE('08:00', 'HH24:MI'), TO_DATE('17:00', 'HH24:MI'), 105, 2);
INSERT INTO FIDE_HORARIO_TB (ID_HORARIO, DIA, HORA_INICIO, HORA_FINAL, ID_USUARIO, ID_ESTADO) VALUES (6, 'Lunes', TO_DATE('09:30', 'HH24:MI'), TO_DATE('18:30', 'HH24:MI'), 106, 10);
INSERT INTO FIDE_HORARIO_TB (ID_HORARIO, DIA, HORA_INICIO, HORA_FINAL, ID_USUARIO, ID_ESTADO) VALUES (7, 'Martes', TO_DATE('08:00', 'HH24:MI'), TO_DATE('17:00', 'HH24:MI'), 107, 8);
INSERT INTO FIDE_HORARIO_TB (ID_HORARIO, DIA, HORA_INICIO, HORA_FINAL, ID_USUARIO, ID_ESTADO) VALUES (8, 'Miércoles', TO_DATE('10:00', 'HH24:MI'), TO_DATE('19:00', 'HH24:MI'), 108, 12);
INSERT INTO FIDE_HORARIO_TB (ID_HORARIO, DIA, HORA_INICIO, HORA_FINAL, ID_USUARIO, ID_ESTADO) VALUES (9, 'Jueves', TO_DATE('07:00', 'HH24:MI'), TO_DATE('16:00', 'HH24:MI'), 109, 6);
INSERT INTO FIDE_HORARIO_TB (ID_HORARIO, DIA, HORA_INICIO, HORA_FINAL, ID_USUARIO, ID_ESTADO) VALUES (10, 'Viernes', TO_DATE('09:00', 'HH24:MI'), TO_DATE('18:00', 'HH24:MI'), 110, 11);


-----INSERCION TABLA EMPRESA--
INSERT INTO FIDE_EMPRESA_TB (ID_EMPRESA, NOMBRE_EMPRESA, TELEFONO, CORREO, ID_DIRECCION, ID_ESTADO) VALUES (1, 'AquaVida S.A.', '22001-001', 'aquavidasa@acuario.com', 1, 12);
INSERT INTO FIDE_EMPRESA_TB (ID_EMPRESA, NOMBRE_EMPRESA, TELEFONO, CORREO, ID_DIRECCION, ID_ESTADO) VALUES (2, 'Oceanarium CR', '22002-002', 'oceanariumcr@acuario.com', 2, 9);
INSERT INTO FIDE_EMPRESA_TB (ID_EMPRESA, NOMBRE_EMPRESA, TELEFONO, CORREO, ID_DIRECCION, ID_ESTADO) VALUES (3, 'Mar y Tierra Ltda.', '22003-003', 'marytierraltda@acuario.com', 3, 5);
INSERT INTO FIDE_EMPRESA_TB (ID_EMPRESA, NOMBRE_EMPRESA, TELEFONO, CORREO, ID_DIRECCION, ID_ESTADO) VALUES (4, 'Reino Marino', '22004-004', 'reinomarino@acuario.com', 4, 6);
INSERT INTO FIDE_EMPRESA_TB (ID_EMPRESA, NOMBRE_EMPRESA, TELEFONO, CORREO, ID_DIRECCION, ID_ESTADO) VALUES (5, 'EcoAcuario Tropical', '22005-005', 'ecoacuariotropical@acuario.com', 5, 5);
INSERT INTO FIDE_EMPRESA_TB (ID_EMPRESA, NOMBRE_EMPRESA, TELEFONO, CORREO, ID_DIRECCION, ID_ESTADO) VALUES (6, 'Corales del Sur', '22006-006', 'coralesdelsur@acuario.com', 6, 10);
INSERT INTO FIDE_EMPRESA_TB (ID_EMPRESA, NOMBRE_EMPRESA, TELEFONO, CORREO, ID_DIRECCION, ID_ESTADO) VALUES (7, 'Acuaventuras', '22007-007', 'acuaventuras@acuario.com', 7, 10);
INSERT INTO FIDE_EMPRESA_TB (ID_EMPRESA, NOMBRE_EMPRESA, TELEFONO, CORREO, ID_DIRECCION, ID_ESTADO) VALUES (8, 'Mundo Submarino', '22008-008', 'mundosubmarino@acuario.com', 8, 6);
INSERT INTO FIDE_EMPRESA_TB (ID_EMPRESA, NOMBRE_EMPRESA, TELEFONO, CORREO, ID_DIRECCION, ID_ESTADO) VALUES (9, 'Mar Azul Acuarios', '22009-009', 'marazulacuarios@acuario.com', 9, 8);
INSERT INTO FIDE_EMPRESA_TB (ID_EMPRESA, NOMBRE_EMPRESA, TELEFONO, CORREO, ID_DIRECCION, ID_ESTADO) VALUES (10, 'Acuatech Innovations', '22010-000', 'acuatechinnovations@acuario.com', 10, 5);
INSERT INTO FIDE_EMPRESA_TB (ID_EMPRESA, NOMBRE_EMPRESA, TELEFONO, CORREO, ID_DIRECCION, ID_ESTADO) VALUES (11, 'Aqualandia', '22011-001', 'aqualandia@acuario.com', 11, 1);
INSERT INTO FIDE_EMPRESA_TB (ID_EMPRESA, NOMBRE_EMPRESA, TELEFONO, CORREO, ID_DIRECCION, ID_ESTADO) VALUES (12, 'Vida Marina S.A.', '22012-002', 'vidamarinasa@acuario.com', 12, 3);
INSERT INTO FIDE_EMPRESA_TB (ID_EMPRESA, NOMBRE_EMPRESA, TELEFONO, CORREO, ID_DIRECCION, ID_ESTADO) VALUES (13, 'Planeta Acuático', '22013-003', 'planetaacuatico@acuario.com', 13, 13);
INSERT INTO FIDE_EMPRESA_TB (ID_EMPRESA, NOMBRE_EMPRESA, TELEFONO, CORREO, ID_DIRECCION, ID_ESTADO) VALUES (14, 'Burbujas del Caribe', '22014-004', 'burbujasdelcaribe@acuario.com', 14, 10);
INSERT INTO FIDE_EMPRESA_TB (ID_EMPRESA, NOMBRE_EMPRESA, TELEFONO, CORREO, ID_DIRECCION, ID_ESTADO) VALUES (15, 'Tropical Reef Ltda.', '22015-005', 'tropicalreefltda@acuario.com', 15, 4);
INSERT INTO FIDE_EMPRESA_TB (ID_EMPRESA, NOMBRE_EMPRESA, TELEFONO, CORREO, ID_DIRECCION, ID_ESTADO) VALUES (16, 'Oceánica Costa Rica', '22016-006', 'oceanicacostarica@acuario.com', 16, 10);
INSERT INTO FIDE_EMPRESA_TB (ID_EMPRESA, NOMBRE_EMPRESA, TELEFONO, CORREO, ID_DIRECCION, ID_ESTADO) VALUES (17, 'Aquaria EcoPark', '22017-007', 'aquariaecopark@acuario.com', 17, 3);
INSERT INTO FIDE_EMPRESA_TB (ID_EMPRESA, NOMBRE_EMPRESA, TELEFONO, CORREO, ID_DIRECCION, ID_ESTADO) VALUES (18, 'CoralVivo CR', '22018-008', 'coralvivocr@acuario.com', 18, 6);
INSERT INTO FIDE_EMPRESA_TB (ID_EMPRESA, NOMBRE_EMPRESA, TELEFONO, CORREO, ID_DIRECCION, ID_ESTADO) VALUES (19, 'NaturaAqua', '22019-009', 'naturaaqua@acuario.com', 19, 4);
INSERT INTO FIDE_EMPRESA_TB (ID_EMPRESA, NOMBRE_EMPRESA, TELEFONO, CORREO, ID_DIRECCION, ID_ESTADO) VALUES (20, 'BlueSea Dynamics', '22020-000', 'blueseadynamics@acuario.com', 20, 1);
INSERT INTO FIDE_EMPRESA_TB (ID_EMPRESA, NOMBRE_EMPRESA, TELEFONO, CORREO, ID_DIRECCION, ID_ESTADO) VALUES (21, 'Acuarios Atlántida', '22021-001', 'acuariosatlantida@acuario.com', 21, 13);
INSERT INTO FIDE_EMPRESA_TB (ID_EMPRESA, NOMBRE_EMPRESA, TELEFONO, CORREO, ID_DIRECCION, ID_ESTADO) VALUES (22, 'Pacific AquaWorld', '22022-002', 'pacificaquaworld@acuario.com', 22, 7);
INSERT INTO FIDE_EMPRESA_TB (ID_EMPRESA, NOMBRE_EMPRESA, TELEFONO, CORREO, ID_DIRECCION, ID_ESTADO) VALUES (23, 'BioAqua Systems', '22023-003', 'bioaquasystems@acuario.com', 23, 8);
INSERT INTO FIDE_EMPRESA_TB (ID_EMPRESA, NOMBRE_EMPRESA, TELEFONO, CORREO, ID_DIRECCION, ID_ESTADO) VALUES (24, 'Cristal Marino', '22024-004', 'cristalmarino@acuario.com', 24, 1);
INSERT INTO FIDE_EMPRESA_TB (ID_EMPRESA, NOMBRE_EMPRESA, TELEFONO, CORREO, ID_DIRECCION, ID_ESTADO) VALUES (25, 'Reef World', '22025-005', 'reefworld@acuario.com', 25, 3);
INSERT INTO FIDE_EMPRESA_TB (ID_EMPRESA, NOMBRE_EMPRESA, TELEFONO, CORREO, ID_DIRECCION, ID_ESTADO) VALUES (26, 'Acuamagic', '22026-006', 'acuamagic@acuario.com', 26, 9);
INSERT INTO FIDE_EMPRESA_TB (ID_EMPRESA, NOMBRE_EMPRESA, TELEFONO, CORREO, ID_DIRECCION, ID_ESTADO) VALUES (27, 'Ecosistemas Marinos', '22027-007', 'ecosistemasmarinos@acuario.com', 27, 3);
INSERT INTO FIDE_EMPRESA_TB (ID_EMPRESA, NOMBRE_EMPRESA, TELEFONO, CORREO, ID_DIRECCION, ID_ESTADO) VALUES (28, 'Mar Interior S.A.', '22028-008', 'marinteriorsa@acuario.com', 28, 8);
INSERT INTO FIDE_EMPRESA_TB (ID_EMPRESA, NOMBRE_EMPRESA, TELEFONO, CORREO, ID_DIRECCION, ID_ESTADO) VALUES (29, 'Océano y Ciencia', '22029-009', 'oceanoyciencia@acuario.com', 29, 13);
INSERT INTO FIDE_EMPRESA_TB (ID_EMPRESA, NOMBRE_EMPRESA, TELEFONO, CORREO, ID_DIRECCION, ID_ESTADO) VALUES (30, 'OceanLife CR', '22030-000', 'oceanlifecr@acuario.com', 30, 7);
INSERT INTO FIDE_EMPRESA_TB (ID_EMPRESA, NOMBRE_EMPRESA, TELEFONO, CORREO, ID_DIRECCION, ID_ESTADO) VALUES (31, 'Agua Clara Ltda.', '22031-001', 'aguaclaraltda@acuario.com', 31, 1);
INSERT INTO FIDE_EMPRESA_TB (ID_EMPRESA, NOMBRE_EMPRESA, TELEFONO, CORREO, ID_DIRECCION, ID_ESTADO) VALUES (32, 'Mar Profundo', '22032-002', 'marprofundo@acuario.com', 32, 5);
INSERT INTO FIDE_EMPRESA_TB (ID_EMPRESA, NOMBRE_EMPRESA, TELEFONO, CORREO, ID_DIRECCION, ID_ESTADO) VALUES (33, 'ExploraAcuarios', '22033-003', 'exploraacuarios@acuario.com', 33, 8);
INSERT INTO FIDE_EMPRESA_TB (ID_EMPRESA, NOMBRE_EMPRESA, TELEFONO, CORREO, ID_DIRECCION, ID_ESTADO) VALUES (34, 'Coral Dreams', '22034-004', 'coraldreams@acuario.com', 34, 11);
INSERT INTO FIDE_EMPRESA_TB (ID_EMPRESA, NOMBRE_EMPRESA, TELEFONO, CORREO, ID_DIRECCION, ID_ESTADO) VALUES (35, 'Reino Coralino', '22035-005', 'reinocoralino@acuario.com', 35, 5);
INSERT INTO FIDE_EMPRESA_TB (ID_EMPRESA, NOMBRE_EMPRESA, TELEFONO, CORREO, ID_DIRECCION, ID_ESTADO) VALUES (36, 'BlueDrop Ltda.', '22036-006', 'bluedropltda@acuario.com', 36, 1);
INSERT INTO FIDE_EMPRESA_TB (ID_EMPRESA, NOMBRE_EMPRESA, TELEFONO, CORREO, ID_DIRECCION, ID_ESTADO) VALUES (37, 'Zoológico Marino', '22037-007', 'zoologicomarino@acuario.com', 37, 13);
INSERT INTO FIDE_EMPRESA_TB (ID_EMPRESA, NOMBRE_EMPRESA, TELEFONO, CORREO, ID_DIRECCION, ID_ESTADO) VALUES (38, 'Aquatecnia Avanzada', '22038-008', 'aquatecniaavanzada@acuario.com', 38, 4);
INSERT INTO FIDE_EMPRESA_TB (ID_EMPRESA, NOMBRE_EMPRESA, TELEFONO, CORREO, ID_DIRECCION, ID_ESTADO) VALUES (39, 'Mar y Vida', '22039-009', 'maryvida@acuario.com', 39, 3);
INSERT INTO FIDE_EMPRESA_TB (ID_EMPRESA, NOMBRE_EMPRESA, TELEFONO, CORREO, ID_DIRECCION, ID_ESTADO) VALUES (40, 'EcoReef Innovaciones', '22040-000', 'ecoreefinnovaciones@acuario.com', 40, 13);
INSERT INTO FIDE_EMPRESA_TB (ID_EMPRESA, NOMBRE_EMPRESA, TELEFONO, CORREO, ID_DIRECCION, ID_ESTADO) VALUES (41, 'OceanView Costa Rica', '22041-001', 'oceanviewcostarica@acuario.com', 41, 8);
INSERT INTO FIDE_EMPRESA_TB (ID_EMPRESA, NOMBRE_EMPRESA, TELEFONO, CORREO, ID_DIRECCION, ID_ESTADO) VALUES (42, 'Acuasoluciones', '22042-002', 'acuasoluciones@acuario.com', 42, 1);
INSERT INTO FIDE_EMPRESA_TB (ID_EMPRESA, NOMBRE_EMPRESA, TELEFONO, CORREO, ID_DIRECCION, ID_ESTADO) VALUES (43, 'Nautilus CR', '22043-003', 'nautiluscr@acuario.com', 43, 2);
INSERT INTO FIDE_EMPRESA_TB (ID_EMPRESA, NOMBRE_EMPRESA, TELEFONO, CORREO, ID_DIRECCION, ID_ESTADO) VALUES (44, 'Acuaterra', '22044-004', 'acuaterra@acuario.com', 44, 10);
INSERT INTO FIDE_EMPRESA_TB (ID_EMPRESA, NOMBRE_EMPRESA, TELEFONO, CORREO, ID_DIRECCION, ID_ESTADO) VALUES (45, 'DeepBlue Research', '22045-005', 'deepblueresearch@acuario.com', 45, 2);
INSERT INTO FIDE_EMPRESA_TB (ID_EMPRESA, NOMBRE_EMPRESA, TELEFONO, CORREO, ID_DIRECCION, ID_ESTADO) VALUES (46, 'Aquazone CR', '22046-006', 'aquazonecr@acuario.com', 46, 4);
INSERT INTO FIDE_EMPRESA_TB (ID_EMPRESA, NOMBRE_EMPRESA, TELEFONO, CORREO, ID_DIRECCION, ID_ESTADO) VALUES (47, 'CoralCare', '22047-007', 'coralcare@acuario.com', 47, 4);
INSERT INTO FIDE_EMPRESA_TB (ID_EMPRESA, NOMBRE_EMPRESA, TELEFONO, CORREO, ID_DIRECCION, ID_ESTADO) VALUES (48, 'HydroAcuario', '22048-008', 'hydroacuario@acuario.com', 48, 5);
INSERT INTO FIDE_EMPRESA_TB (ID_EMPRESA, NOMBRE_EMPRESA, TELEFONO, CORREO, ID_DIRECCION, ID_ESTADO) VALUES (49, 'Mares Tropicales', '22049-009', 'marestropicales@acuario.com', 49, 1);
INSERT INTO FIDE_EMPRESA_TB (ID_EMPRESA, NOMBRE_EMPRESA, TELEFONO, CORREO, ID_DIRECCION, ID_ESTADO) VALUES (50, 'AquaNaturaleza', '22050-000', 'aquanaturaleza@acuario.com', 50, 7);
SELECT*FROM  FIDE_EMPRESA_TB ;

-----INSERCION TABLA ENTREGA--
INSERT INTO FIDE_ENTREGA_TB (ID_ENTREGA, FECHA, ID_DIRECCION, ID_USUARIO, ID_ESTADO) VALUES (1, TO_DATE('2024-03-01', 'YYYY-MM-DD'), 1, 101, 6);
INSERT INTO FIDE_ENTREGA_TB (ID_ENTREGA, FECHA, ID_DIRECCION, ID_USUARIO, ID_ESTADO) VALUES (2, TO_DATE('2024-03-02', 'YYYY-MM-DD'), 2, 102, 9);
INSERT INTO FIDE_ENTREGA_TB (ID_ENTREGA, FECHA, ID_DIRECCION, ID_USUARIO, ID_ESTADO) VALUES (3, TO_DATE('2024-03-03', 'YYYY-MM-DD'), 3, 103, 12);
INSERT INTO FIDE_ENTREGA_TB (ID_ENTREGA, FECHA, ID_DIRECCION, ID_USUARIO, ID_ESTADO) VALUES (4, TO_DATE('2024-03-04', 'YYYY-MM-DD'), 4, 104, 11);
INSERT INTO FIDE_ENTREGA_TB (ID_ENTREGA, FECHA, ID_DIRECCION, ID_USUARIO, ID_ESTADO) VALUES (5, TO_DATE('2024-03-05', 'YYYY-MM-DD'), 5, 105, 13);
INSERT INTO FIDE_ENTREGA_TB (ID_ENTREGA, FECHA, ID_DIRECCION, ID_USUARIO, ID_ESTADO) VALUES (6, TO_DATE('2024-03-06', 'YYYY-MM-DD'), 6, 106, 3);
INSERT INTO FIDE_ENTREGA_TB (ID_ENTREGA, FECHA, ID_DIRECCION, ID_USUARIO, ID_ESTADO) VALUES (7, TO_DATE('2024-03-07', 'YYYY-MM-DD'), 7, 107, 7);
INSERT INTO FIDE_ENTREGA_TB (ID_ENTREGA, FECHA, ID_DIRECCION, ID_USUARIO, ID_ESTADO) VALUES (8, TO_DATE('2024-03-08', 'YYYY-MM-DD'), 8, 108, 1);
INSERT INTO FIDE_ENTREGA_TB (ID_ENTREGA, FECHA, ID_DIRECCION, ID_USUARIO, ID_ESTADO) VALUES (9, TO_DATE('2024-03-09', 'YYYY-MM-DD'), 9, 109, 13);
INSERT INTO FIDE_ENTREGA_TB (ID_ENTREGA, FECHA, ID_DIRECCION, ID_USUARIO, ID_ESTADO) VALUES (10, TO_DATE('2024-03-10', 'YYYY-MM-DD'), 10, 110, 10);
INSERT INTO FIDE_ENTREGA_TB (ID_ENTREGA, FECHA, ID_DIRECCION, ID_USUARIO, ID_ESTADO) VALUES (11, TO_DATE('2024-03-11', 'YYYY-MM-DD'), 11, 111, 10);
INSERT INTO FIDE_ENTREGA_TB (ID_ENTREGA, FECHA, ID_DIRECCION, ID_USUARIO, ID_ESTADO) VALUES (12, TO_DATE('2024-03-12', 'YYYY-MM-DD'), 12, 112, 11);
INSERT INTO FIDE_ENTREGA_TB (ID_ENTREGA, FECHA, ID_DIRECCION, ID_USUARIO, ID_ESTADO) VALUES (13, TO_DATE('2024-03-13', 'YYYY-MM-DD'), 13, 113, 8);
INSERT INTO FIDE_ENTREGA_TB (ID_ENTREGA, FECHA, ID_DIRECCION, ID_USUARIO, ID_ESTADO) VALUES (14, TO_DATE('2024-03-14', 'YYYY-MM-DD'), 14, 114, 3);
INSERT INTO FIDE_ENTREGA_TB (ID_ENTREGA, FECHA, ID_DIRECCION, ID_USUARIO, ID_ESTADO) VALUES (15, TO_DATE('2024-03-15', 'YYYY-MM-DD'), 15, 115, 11);
INSERT INTO FIDE_ENTREGA_TB (ID_ENTREGA, FECHA, ID_DIRECCION, ID_USUARIO, ID_ESTADO) VALUES (16, TO_DATE('2024-03-16', 'YYYY-MM-DD'), 16, 116, 2);
INSERT INTO FIDE_ENTREGA_TB (ID_ENTREGA, FECHA, ID_DIRECCION, ID_USUARIO, ID_ESTADO) VALUES (17, TO_DATE('2024-03-17', 'YYYY-MM-DD'), 17, 117, 1);
INSERT INTO FIDE_ENTREGA_TB (ID_ENTREGA, FECHA, ID_DIRECCION, ID_USUARIO, ID_ESTADO) VALUES (18, TO_DATE('2024-03-18', 'YYYY-MM-DD'), 18, 118, 6);
INSERT INTO FIDE_ENTREGA_TB (ID_ENTREGA, FECHA, ID_DIRECCION, ID_USUARIO, ID_ESTADO) VALUES (19, TO_DATE('2024-03-19', 'YYYY-MM-DD'), 19, 119, 10);
INSERT INTO FIDE_ENTREGA_TB (ID_ENTREGA, FECHA, ID_DIRECCION, ID_USUARIO, ID_ESTADO) VALUES (20, TO_DATE('2024-03-20', 'YYYY-MM-DD'), 20, 120, 13);
INSERT INTO FIDE_ENTREGA_TB (ID_ENTREGA, FECHA, ID_DIRECCION, ID_USUARIO, ID_ESTADO) VALUES (21, TO_DATE('2024-03-21', 'YYYY-MM-DD'), 21, 121, 2);
INSERT INTO FIDE_ENTREGA_TB (ID_ENTREGA, FECHA, ID_DIRECCION, ID_USUARIO, ID_ESTADO) VALUES (22, TO_DATE('2024-03-22', 'YYYY-MM-DD'), 22, 122, 8);
INSERT INTO FIDE_ENTREGA_TB (ID_ENTREGA, FECHA, ID_DIRECCION, ID_USUARIO, ID_ESTADO) VALUES (23, TO_DATE('2024-03-23', 'YYYY-MM-DD'), 23, 123, 8);
INSERT INTO FIDE_ENTREGA_TB (ID_ENTREGA, FECHA, ID_DIRECCION, ID_USUARIO, ID_ESTADO) VALUES (24, TO_DATE('2024-03-24', 'YYYY-MM-DD'), 24, 124, 11);
INSERT INTO FIDE_ENTREGA_TB (ID_ENTREGA, FECHA, ID_DIRECCION, ID_USUARIO, ID_ESTADO) VALUES (25, TO_DATE('2024-03-25', 'YYYY-MM-DD'), 25, 125, 13);
INSERT INTO FIDE_ENTREGA_TB (ID_ENTREGA, FECHA, ID_DIRECCION, ID_USUARIO, ID_ESTADO) VALUES (26, TO_DATE('2024-03-26', 'YYYY-MM-DD'), 26, 126, 12);
INSERT INTO FIDE_ENTREGA_TB (ID_ENTREGA, FECHA, ID_DIRECCION, ID_USUARIO, ID_ESTADO) VALUES (27, TO_DATE('2024-03-27', 'YYYY-MM-DD'), 27, 127, 13);
INSERT INTO FIDE_ENTREGA_TB (ID_ENTREGA, FECHA, ID_DIRECCION, ID_USUARIO, ID_ESTADO) VALUES (28, TO_DATE('2024-03-28', 'YYYY-MM-DD'), 28, 128, 13);
INSERT INTO FIDE_ENTREGA_TB (ID_ENTREGA, FECHA, ID_DIRECCION, ID_USUARIO, ID_ESTADO) VALUES (29, TO_DATE('2024-03-29', 'YYYY-MM-DD'), 29, 129, 12);
INSERT INTO FIDE_ENTREGA_TB (ID_ENTREGA, FECHA, ID_DIRECCION, ID_USUARIO, ID_ESTADO) VALUES (30, TO_DATE('2024-03-30', 'YYYY-MM-DD'), 30, 130, 5);

-----INSERCION TABLA DETALLE_ENTREGA--
INSERT INTO FIDE_DETALLE_ENTREGA_TB (ID_DETALLE, DESCRIPCION, CANTIDAD, ID_ENTREGA, ID_ESTADO) VALUES (1, 'Alimento para peces tropicales (5kg)', 2, 1, 6);
INSERT INTO FIDE_DETALLE_ENTREGA_TB (ID_DETALLE, DESCRIPCION, CANTIDAD, ID_ENTREGA, ID_ESTADO) VALUES (2, 'Filtro de agua para acuario (grande)', 1, 2, 9);
INSERT INTO FIDE_DETALLE_ENTREGA_TB (ID_DETALLE, DESCRIPCION, CANTIDAD, ID_ENTREGA, ID_ESTADO) VALUES (3, 'Kit de prueba de pH (acuático)', 3, 3, 12);
INSERT INTO FIDE_DETALLE_ENTREGA_TB (ID_DETALLE, DESCRIPCION, CANTIDAD, ID_ENTREGA, ID_ESTADO) VALUES (4, 'Plantas acuáticas variadas (paquete)', 5, 4, 11);
INSERT INTO FIDE_DETALLE_ENTREGA_TB (ID_DETALLE, DESCRIPCION, CANTIDAD, ID_ENTREGA, ID_ESTADO) VALUES (5, 'Decoración de coral artificial (mediano)', 2, 5, 13);
INSERT INTO FIDE_DETALLE_ENTREGA_TB (ID_DETALLE, DESCRIPCION, CANTIDAD, ID_ENTREGA, ID_ESTADO) VALUES (6, 'Termómetro digital para acuario', 1, 6, 3);
INSERT INTO FIDE_DETALLE_ENTREGA_TB (ID_DETALLE, DESCRIPCION, CANTIDAD, ID_ENTREGA, ID_ESTADO) VALUES (7, 'Anti-cloro para 1000 litros', 4, 7, 7);
INSERT INTO FIDE_DETALLE_ENTREGA_TB (ID_DETALLE, DESCRIPCION, CANTIDAD, ID_ENTREGA, ID_ESTADO) VALUES (8, 'Red para peces (pequeña)', 2, 8, 1);
INSERT INTO FIDE_DETALLE_ENTREGA_TB (ID_DETALLE, DESCRIPCION, CANTIDAD, ID_ENTREGA, ID_ESTADO) VALUES (9, 'Bomba de aire para acuario (silenciosa)', 1, 9, 13);
INSERT INTO FIDE_DETALLE_ENTREGA_TB (ID_DETALLE, DESCRIPCION, CANTIDAD, ID_ENTREGA, ID_ESTADO) VALUES (10, 'Sustrato para plantas (2kg)', 3, 10, 10);
INSERT INTO FIDE_DETALLE_ENTREGA_TB (ID_DETALLE, DESCRIPCION, CANTIDAD, ID_ENTREGA, ID_ESTADO) VALUES (11, 'Alimento para tortugas (bote grande)', 1, 11, 10);
INSERT INTO FIDE_DETALLE_ENTREGA_TB (ID_DETALLE, DESCRIPCION, CANTIDAD, ID_ENTREGA, ID_ESTADO) VALUES (12, 'Limpiador de cristales magnético', 1, 12, 11);
INSERT INTO FIDE_DETALLE_ENTREGA_TB (ID_DETALLE, DESCRIPCION, CANTIDAD, ID_ENTREGA, ID_ESTADO) VALUES (13, 'Vitaminas para peces (líquidas)', 2, 13, 8);
INSERT INTO FIDE_DETALLE_ENTREGA_TB (ID_DETALLE, DESCRIPCION, CANTIDAD, ID_ENTREGA, ID_ESTADO) VALUES (14, 'Kit de CO2 para acuario plantado', 1, 14, 3);
INSERT INTO FIDE_DETALLE_ENTREGA_TB (ID_DETALLE, DESCRIPCION, CANTIDAD, ID_ENTREGA, ID_ESTADO) VALUES (15, 'Roca volcánica (varias piezas)', 10, 15, 11);
INSERT INTO FIDE_DETALLE_ENTREGA_TB (ID_DETALLE, DESCRIPCION, CANTIDAD, ID_ENTREGA, ID_ESTADO) VALUES (16, 'Adorno barco hundido (grande)', 1, 16, 2);
INSERT INTO FIDE_DETALLE_ENTREGA_TB (ID_DETALLE, DESCRIPCION, CANTIDAD, ID_ENTREGA, ID_ESTADO) VALUES (17, 'Bacterias beneficiosas (cultivo)', 3, 17, 1);
INSERT INTO FIDE_DETALLE_ENTREGA_TB (ID_DETALLE, DESCRIPCION, CANTIDAD, ID_ENTREGA, ID_ESTADO) VALUES (18, 'Gravilla para acuario (arena fina)', 5, 18, 6);
INSERT INTO FIDE_DETALLE_ENTREGA_TB (ID_DETALLE, DESCRIPCION, CANTIDAD, ID_ENTREGA, ID_ESTADO) VALUES (19, 'Bomba de circulación (potente)', 1, 19, 10);
INSERT INTO FIDE_DETALLE_ENTREGA_TB (ID_DETALLE, DESCRIPCION, CANTIDAD, ID_ENTREGA, ID_ESTADO) VALUES (20, 'Medicamento anti-algas', 2, 20, 13);
INSERT INTO FIDE_DETALLE_ENTREGA_TB (ID_DETALLE, DESCRIPCION, CANTIDAD, ID_ENTREGA, ID_ESTADO) VALUES (21, 'Calentador de agua (200W)', 1, 21, 2);
INSERT INTO FIDE_DETALLE_ENTREGA_TB (ID_DETALLE, DESCRIPCION, CANTIDAD, ID_ENTREGA, ID_ESTADO) VALUES (22, 'Limpiador de fondo con sifón', 1, 22, 8);
INSERT INTO FIDE_DETALLE_ENTREGA_TB (ID_DETALLE, DESCRIPCION, CANTIDAD, ID_ENTREGA, ID_ESTADO) VALUES (23, 'Test de amoníaco', 2, 23, 8);
INSERT INTO FIDE_DETALLE_ENTREGA_TB (ID_DETALLE, DESCRIPCION, CANTIDAD, ID_ENTREGA, ID_ESTADO) VALUES (24, 'Madera petrificada para decoración', 3, 24, 11);
INSERT INTO FIDE_DETALLE_ENTREGA_TB (ID_DETALLE, DESCRIPCION, CANTIDAD, ID_ENTREGA, ID_ESTADO) VALUES (25, 'Suplemento de hierro para plantas', 1, 25, 13);
INSERT INTO FIDE_DETALLE_ENTREGA_TB (ID_DETALLE, DESCRIPCION, CANTIDAD, ID_ENTREGA, ID_ESTADO) VALUES (26, 'Soporte para termómetro', 4, 26, 12);
INSERT INTO FIDE_DETALLE_ENTREGA_TB (ID_DETALLE, DESCRIPCION, CANTIDAD, ID_ENTREGA, ID_ESTADO) VALUES (27, 'Kit de iluminación LED (azul)', 1, 27, 13);
INSERT INTO FIDE_DETALLE_ENTREGA_TB (ID_DETALLE, DESCRIPCION, CANTIDAD, ID_ENTREGA, ID_ESTADO) VALUES (28, 'Comida viva para alevines', 5, 28, 13);
INSERT INTO FIDE_DETALLE_ENTREGA_TB (ID_DETALLE, DESCRIPCION, CANTIDAD, ID_ENTREGA, ID_ESTADO) VALUES (29, 'Kit de análisis de nitratos', 1, 29, 12);
INSERT INTO FIDE_DETALLE_ENTREGA_TB (ID_DETALLE, DESCRIPCION, CANTIDAD, ID_ENTREGA, ID_ESTADO) VALUES (30, 'Adorno castillo (pequeño)', 1, 30, 5);

INSERT INTO FIDE_GENERO_TB VALUES (1, 'Macho', 1);
INSERT INTO FIDE_GENERO_TB VALUES (2, 'Hembra', 1);
INSERT INTO FIDE_GENERO_TB VALUES (3, 'Hembra', 1);
INSERT INTO FIDE_GENERO_TB VALUES (4, 'Macho', 1);
INSERT INTO FIDE_GENERO_TB VALUES (5, 'Hembra', 2);
INSERT INTO FIDE_GENERO_TB VALUES (6, 'Macho', 2);
INSERT INTO FIDE_GENERO_TB VALUES (7, 'Macho', 1);
INSERT INTO FIDE_GENERO_TB VALUES (8, 'Hembra', 1);
INSERT INTO FIDE_GENERO_TB VALUES (9, 'Macho', 1);
INSERT INTO FIDE_GENERO_TB VALUES (10, 'Hembra', 1);
INSERT INTO FIDE_GENERO_TB VALUES (11, 'Hembra', 1);
INSERT INTO FIDE_GENERO_TB VALUES (12, 'Macho', 1);
INSERT INTO FIDE_GENERO_TB VALUES (13, 'Hembra', 2);
INSERT INTO FIDE_GENERO_TB VALUES (14, 'Macho', 2);
INSERT INTO FIDE_GENERO_TB VALUES (15, 'Macho', 1);
INSERT INTO FIDE_GENERO_TB VALUES (16, 'Hembra', 1);
INSERT INTO FIDE_GENERO_TB VALUES (17, 'Hembra', 1);
INSERT INTO FIDE_GENERO_TB VALUES (18, 'Macho', 1);
INSERT INTO FIDE_GENERO_TB VALUES (19, 'Hembra', 1);
INSERT INTO FIDE_GENERO_TB VALUES (20, 'Macho', 2);

INSERT INTO FIDE_TIPO_TB VALUES (1, 'Mamífero', 'Animal de sangre caliente', 1);
INSERT INTO FIDE_TIPO_TB VALUES (2, 'Ave', 'Animal con plumas', 1);
INSERT INTO FIDE_TIPO_TB VALUES (3, 'Reptil', 'Animal de sangre fría', 1);
INSERT INTO FIDE_TIPO_TB VALUES (4, 'Pez', 'Animal acuático', 1);
INSERT INTO FIDE_TIPO_TB VALUES (5, 'Anfibio', 'Animal que vive en agua y tierra', 1);
INSERT INTO FIDE_TIPO_TB VALUES (6, 'Insecto', 'Artrópodo', 1);
INSERT INTO FIDE_TIPO_TB VALUES (7, 'Arácnido', 'Ocho patas', 1);
INSERT INTO FIDE_TIPO_TB VALUES (8, 'Crustáceo', 'Viven en agua', 1);
INSERT INTO FIDE_TIPO_TB VALUES (9, 'Molusco', 'Con concha', 1);
INSERT INTO FIDE_TIPO_TB VALUES (10, 'Equinodermo', 'Marinos', 1);
INSERT INTO FIDE_TIPO_TB VALUES (11, 'Mamífero', 'Pelaje y leche', 1);
INSERT INTO FIDE_TIPO_TB VALUES (12, 'Ave', 'Pico', 1);
INSERT INTO FIDE_TIPO_TB VALUES (13, 'Reptil', 'Escamas', 1);
INSERT INTO FIDE_TIPO_TB VALUES (14, 'Pez', 'Agallas', 1);
INSERT INTO FIDE_TIPO_TB VALUES (15, 'Anfibio', 'Metamorfosis', 1);
INSERT INTO FIDE_TIPO_TB VALUES (16, 'Insecto', 'Antenas', 1);
INSERT INTO FIDE_TIPO_TB VALUES (17, 'Arácnido', 'Veneno', 1);
INSERT INTO FIDE_TIPO_TB VALUES (18, 'Crustáceo', 'Caparazón', 1);
INSERT INTO FIDE_TIPO_TB VALUES (19, 'Molusco', 'Blandos', 1);
INSERT INTO FIDE_TIPO_TB VALUES (20, 'Equinodermo', 'Pies ambulacrales', 1);

INSERT INTO FIDE_HABITAT_TB VALUES (1, 'Selva', 'Húmeda y tropical', 1);
INSERT INTO FIDE_HABITAT_TB VALUES (2, 'Desierto', 'Clima seco', 1);
INSERT INTO FIDE_HABITAT_TB VALUES (3, 'Océano', 'Agua salada', 1);
INSERT INTO FIDE_HABITAT_TB VALUES (4, 'Río', 'Agua dulce', 1);
INSERT INTO FIDE_HABITAT_TB VALUES (5, 'Montaña', 'Altas altitudes', 1);
INSERT INTO FIDE_HABITAT_TB VALUES (6, 'Sabana', 'Árida y plana', 1);
INSERT INTO FIDE_HABITAT_TB VALUES (7, 'Bosque', 'Templado', 1);
INSERT INTO FIDE_HABITAT_TB VALUES (8, 'Pantano', 'Húmedo', 1);
INSERT INTO FIDE_HABITAT_TB VALUES (9, 'Pradera', 'Hierba y pasto', 1);
INSERT INTO FIDE_HABITAT_TB VALUES (10, 'Cueva', 'Oscuro', 1);
INSERT INTO FIDE_HABITAT_TB VALUES (11, 'Isla', 'Aislada', 1);
INSERT INTO FIDE_HABITAT_TB VALUES (12, 'Glaciar', 'Frío extremo', 1);
INSERT INTO FIDE_HABITAT_TB VALUES (13, 'Selva', 'Alta humedad', 1);
INSERT INTO FIDE_HABITAT_TB VALUES (14, 'Ciénaga', 'Agua estancada', 1);
INSERT INTO FIDE_HABITAT_TB VALUES (15, 'Volcán', 'Calor', 1);
INSERT INTO FIDE_HABITAT_TB VALUES (16, 'Coral', 'Bajo mar', 1);
INSERT INTO FIDE_HABITAT_TB VALUES (17, 'Bosque', 'Frondoso', 1);
INSERT INTO FIDE_HABITAT_TB VALUES (18, 'Llanura', 'Abierta', 1);
INSERT INTO FIDE_HABITAT_TB VALUES (19, 'Valle', 'Rodeado de montañas', 1);
INSERT INTO FIDE_HABITAT_TB VALUES (20, 'Tundra', 'Congelada', 1);


INSERT INTO FIDE_RUTINA_TB VALUES (1, 'Matutina', 1);
INSERT INTO FIDE_RUTINA_TB VALUES (2, 'Vespertina', 1);
INSERT INTO FIDE_RUTINA_TB VALUES (3, 'Nocturna', 1);
INSERT INTO FIDE_RUTINA_TB VALUES (4, '24/7', 1);
INSERT INTO FIDE_RUTINA_TB VALUES (5, 'Cada 6h', 1);
INSERT INTO FIDE_RUTINA_TB VALUES (6, 'Cada 8h', 1);
INSERT INTO FIDE_RUTINA_TB VALUES (7, 'Diaria', 1);
INSERT INTO FIDE_RUTINA_TB VALUES (8, 'Semanal', 1);
INSERT INTO FIDE_RUTINA_TB VALUES (9, 'Mensual', 1);
INSERT INTO FIDE_RUTINA_TB VALUES (10, 'Alterna', 1);
INSERT INTO FIDE_RUTINA_TB VALUES (11, 'Flexible', 1);
INSERT INTO FIDE_RUTINA_TB VALUES (12, 'Continua', 1);
INSERT INTO FIDE_RUTINA_TB VALUES (13, 'Puntual', 1);
INSERT INTO FIDE_RUTINA_TB VALUES (14, 'Personalizada', 1);
INSERT INTO FIDE_RUTINA_TB VALUES (15, 'Especial', 1);
INSERT INTO FIDE_RUTINA_TB VALUES (16, 'Esporádica', 1);
INSERT INTO FIDE_RUTINA_TB VALUES (17, 'Condicional', 1);
INSERT INTO FIDE_RUTINA_TB VALUES (18, 'Frecuente', 1);
INSERT INTO FIDE_RUTINA_TB VALUES (19, 'Ocasional', 1);
INSERT INTO FIDE_RUTINA_TB VALUES (20, 'Única', 1);

INSERT INTO FIDE_MARCA_ALIMENTO_TB VALUES (1, 'Purina', 'Alimento balanceado', 1);
INSERT INTO FIDE_MARCA_ALIMENTO_TB VALUES (2, 'Pedigree', 'Alta energía', 1);
INSERT INTO FIDE_MARCA_ALIMENTO_TB VALUES (3, 'Royal Canin', 'Nutrición premium', 1);
INSERT INTO FIDE_MARCA_ALIMENTO_TB VALUES (4, 'Whiskas', 'Para felinos', 1);
INSERT INTO FIDE_MARCA_ALIMENTO_TB VALUES (5, 'ProPlan', 'Rendimiento', 1);
INSERT INTO FIDE_MARCA_ALIMENTO_TB VALUES (6, 'Eukanuba', 'Nutrición avanzada', 1);
INSERT INTO FIDE_MARCA_ALIMENTO_TB VALUES (7, 'Hill’s', 'Recetado', 1);
INSERT INTO FIDE_MARCA_ALIMENTO_TB VALUES (8, 'Dog Chow', 'Balanceado', 1);
INSERT INTO FIDE_MARCA_ALIMENTO_TB VALUES (9, 'Cat Chow', 'Para gatos', 1);
INSERT INTO FIDE_MARCA_ALIMENTO_TB VALUES (10, 'Acana', 'Natural', 1);
INSERT INTO FIDE_MARCA_ALIMENTO_TB VALUES (11, 'Orijen', 'Alta proteína', 1);
INSERT INTO FIDE_MARCA_ALIMENTO_TB VALUES (12, 'Nutrience', 'Holístico', 1);
INSERT INTO FIDE_MARCA_ALIMENTO_TB VALUES (13, 'Natural Balance', 'Sin granos', 1);
INSERT INTO FIDE_MARCA_ALIMENTO_TB VALUES (14, 'Blue Buffalo', 'Ingredientes reales', 1);
INSERT INTO FIDE_MARCA_ALIMENTO_TB VALUES (15, 'Taste of the Wild', 'Carnívoro', 1);
INSERT INTO FIDE_MARCA_ALIMENTO_TB VALUES (16, 'Kirkland', 'Costo/calidad', 1);
INSERT INTO FIDE_MARCA_ALIMENTO_TB VALUES (17, 'Victor', 'Alto rendimiento', 1);
INSERT INTO FIDE_MARCA_ALIMENTO_TB VALUES (18, 'NutriSource', 'Digestivo', 1);
INSERT INTO FIDE_MARCA_ALIMENTO_TB VALUES (19, 'Diamond', 'Proteína media', 1);
INSERT INTO FIDE_MARCA_ALIMENTO_TB VALUES (20, 'Iams', 'Fácil digestión', 1);

INSERT INTO FIDE_ALIMENTACION_TB VALUES (1, 100, '08:00', 'Diario', 1, 1, 1);
INSERT INTO FIDE_ALIMENTACION_TB VALUES (2, 200, '09:00', 'Diario', 2, 1, 2);
INSERT INTO FIDE_ALIMENTACION_TB VALUES (3, 150, '10:00', 'Cada 2 días', 3, 1, 3);
INSERT INTO FIDE_ALIMENTACION_TB VALUES (4, 300, '07:30', 'Diario', 4, 1, 4);
INSERT INTO FIDE_ALIMENTACION_TB VALUES (5, 250, '06:45', 'Cada semana', 5, 1, 5);
INSERT INTO FIDE_ALIMENTACION_TB VALUES (6, 180, '08:15', 'Cada 3 días', 6, 1, 6);
INSERT INTO FIDE_ALIMENTACION_TB VALUES (7, 90, '12:00', 'Diario', 7, 1, 7);
INSERT INTO FIDE_ALIMENTACION_TB VALUES (8, 220, '13:30', 'Semanal', 8, 1, 8);
INSERT INTO FIDE_ALIMENTACION_TB VALUES (9, 110, '15:00', 'Diario', 9, 1, 9);
INSERT INTO FIDE_ALIMENTACION_TB VALUES (10, 170, '16:45', 'Cada 2 días', 10, 1, 10);
INSERT INTO FIDE_ALIMENTACION_TB VALUES (11, 200, '17:00', 'Diario', 11, 1, 11);
INSERT INTO FIDE_ALIMENTACION_TB VALUES (12, 300, '07:00', 'Diario', 12, 1, 12);
INSERT INTO FIDE_ALIMENTACION_TB VALUES (13, 160, '09:30', 'Cada 3 días', 13, 1, 13);
INSERT INTO FIDE_ALIMENTACION_TB VALUES (14, 210, '11:15', 'Diario', 14, 1, 14);
INSERT INTO FIDE_ALIMENTACION_TB VALUES (15, 190, '12:45', 'Semanal', 15, 1, 15);
INSERT INTO FIDE_ALIMENTACION_TB VALUES (16, 220, '14:00', 'Diario', 16, 1, 16);
INSERT INTO FIDE_ALIMENTACION_TB VALUES (17, 250, '18:00', 'Cada semana', 17, 1, 17);
INSERT INTO FIDE_ALIMENTACION_TB VALUES (18, 230, '19:00', 'Cada 2 días', 18, 1, 18);
INSERT INTO FIDE_ALIMENTACION_TB VALUES (19, 180, '20:30', 'Diario', 19, 1, 19);
INSERT INTO FIDE_ALIMENTACION_TB VALUES (20, 270, '21:00', 'Diario', 20, 1, 20);
