--- INSERCIONES BASE DE DATOS PROYECTO_FINAL
----INSERCION TABLA ESTADOS--
INSERT INTO FIDE_ESTADOS_TB (ID_ESTADO, NOMBRE_ESTADO, DESCRIPCION_ESTADO) VALUES (1, 'Activo', 'Estado disponible y funcional');
INSERT INTO FIDE_ESTADOS_TB (ID_ESTADO, NOMBRE_ESTADO, DESCRIPCION_ESTADO) VALUES (2, 'Inactivo', 'Estado no activo actualmente');
INSERT INTO FIDE_ESTADOS_TB (ID_ESTADO, NOMBRE_ESTADO, DESCRIPCION_ESTADO) VALUES (3, 'En mantenimiento', 'Elemento en proceso de reparación o revisión');
INSERT INTO FIDE_ESTADOS_TB (ID_ESTADO, NOMBRE_ESTADO, DESCRIPCION_ESTADO) VALUES (4, 'Pendiente', 'En espera de ser procesado');
INSERT INTO FIDE_ESTADOS_TB (ID_ESTADO, NOMBRE_ESTADO, DESCRIPCION_ESTADO) VALUES (5, 'Cancelado', 'Proceso anulado');
INSERT INTO FIDE_ESTADOS_TB (ID_ESTADO, NOMBRE_ESTADO, DESCRIPCION_ESTADO) VALUES (6, 'Finalizado', 'Proceso completado');
INSERT INTO FIDE_ESTADOS_TB (ID_ESTADO, NOMBRE_ESTADO, DESCRIPCION_ESTADO) VALUES (7, 'En revisión', 'Elemento en evaluación');
INSERT INTO FIDE_ESTADOS_TB (ID_ESTADO, NOMBRE_ESTADO, DESCRIPCION_ESTADO) VALUES (8, 'Aprobado', 'Validado correctamente');
INSERT INTO FIDE_ESTADOS_TB (ID_ESTADO, NOMBRE_ESTADO, DESCRIPCION_ESTADO) VALUES (9, 'Rechazado', 'No cumple con los requisitos');
INSERT INTO FIDE_ESTADOS_TB (ID_ESTADO, NOMBRE_ESTADO, DESCRIPCION_ESTADO) VALUES (10, 'Suspendido', 'Temporalmente detenido');
INSERT INTO FIDE_ESTADOS_TB (ID_ESTADO, NOMBRE_ESTADO, DESCRIPCION_ESTADO) VALUES (11, 'En espera', 'Esperando acción o confirmación');
INSERT INTO FIDE_ESTADOS_TB (ID_ESTADO, NOMBRE_ESTADO, DESCRIPCION_ESTADO) VALUES (12, 'Concluido', 'Tarea completada');
INSERT INTO FIDE_ESTADOS_TB (ID_ESTADO, NOMBRE_ESTADO, DESCRIPCION_ESTADO) VALUES (13, 'Reportado', 'Ha sido informado o denunciado');



------INSERCION TABLA PAIS---
INSERT INTO FIDE_PAIS_TB (ID_PAIS, NOMBRE_PAIS, ID_ESTADO) VALUES (1, 'Costa Rica', 12);
INSERT INTO FIDE_PAIS_TB (ID_PAIS, NOMBRE_PAIS, ID_ESTADO) VALUES (2, 'Panamá', 7);
INSERT INTO FIDE_PAIS_TB (ID_PAIS, NOMBRE_PAIS, ID_ESTADO) VALUES (3, 'Nicaragua', 13);
INSERT INTO FIDE_PAIS_TB (ID_PAIS, NOMBRE_PAIS, ID_ESTADO) VALUES (4, 'Guatemala', 5);
INSERT INTO FIDE_PAIS_TB (ID_PAIS, NOMBRE_PAIS, ID_ESTADO) VALUES (5, 'El Salvador', 3);
INSERT INTO FIDE_PAIS_TB (ID_PAIS, NOMBRE_PAIS, ID_ESTADO) VALUES (6, 'Honduras', 1);
INSERT INTO FIDE_PAIS_TB (ID_PAIS, NOMBRE_PAIS, ID_ESTADO) VALUES (7, 'México', 13);
INSERT INTO FIDE_PAIS_TB (ID_PAIS, NOMBRE_PAIS, ID_ESTADO) VALUES (8, 'Colombia', 1);
INSERT INTO FIDE_PAIS_TB (ID_PAIS, NOMBRE_PAIS, ID_ESTADO) VALUES (9, 'Perú', 13);
INSERT INTO FIDE_PAIS_TB (ID_PAIS, NOMBRE_PAIS, ID_ESTADO) VALUES (10, 'Chile', 11);
INSERT INTO FIDE_PAIS_TB (ID_PAIS, NOMBRE_PAIS, ID_ESTADO) VALUES (11, 'Argentina', 10);
INSERT INTO FIDE_PAIS_TB (ID_PAIS, NOMBRE_PAIS, ID_ESTADO) VALUES (12, 'Brasil', 7);
INSERT INTO FIDE_PAIS_TB (ID_PAIS, NOMBRE_PAIS, ID_ESTADO) VALUES (13, 'Uruguay', 11);
INSERT INTO FIDE_PAIS_TB (ID_PAIS, NOMBRE_PAIS, ID_ESTADO) VALUES (14, 'Paraguay', 4);
INSERT INTO FIDE_PAIS_TB (ID_PAIS, NOMBRE_PAIS, ID_ESTADO) VALUES (15, 'Ecuador', 9);
INSERT INTO FIDE_PAIS_TB (ID_PAIS, NOMBRE_PAIS, ID_ESTADO) VALUES (17, 'Bolivia', 6);
INSERT INTO FIDE_PAIS_TB (ID_PAIS, NOMBRE_PAIS, ID_ESTADO) VALUES (18, 'Cuba', 12);
INSERT INTO FIDE_PAIS_TB (ID_PAIS, NOMBRE_PAIS, ID_ESTADO) VALUES (19, 'República Dominicana', 8);
INSERT INTO FIDE_PAIS_TB (ID_PAIS, NOMBRE_PAIS, ID_ESTADO) VALUES (20, 'Puerto Rico', 11);
INSERT INTO FIDE_PAIS_TB (ID_PAIS, NOMBRE_PAIS, ID_ESTADO) VALUES (21, 'Canadá', 9);
INSERT INTO FIDE_PAIS_TB (ID_PAIS, NOMBRE_PAIS, ID_ESTADO) VALUES (22, 'Estados Unidos', 11);
INSERT INTO FIDE_PAIS_TB (ID_PAIS, NOMBRE_PAIS, ID_ESTADO) VALUES (23, 'España', 3);
INSERT INTO FIDE_PAIS_TB (ID_PAIS, NOMBRE_PAIS, ID_ESTADO) VALUES (24, 'Francia', 6);
INSERT INTO FIDE_PAIS_TB (ID_PAIS, NOMBRE_PAIS, ID_ESTADO) VALUES (25, 'Alemania', 3);
INSERT INTO FIDE_PAIS_TB (ID_PAIS, NOMBRE_PAIS, ID_ESTADO) VALUES (26, 'Italia', 2);
INSERT INTO FIDE_PAIS_TB (ID_PAIS, NOMBRE_PAIS, ID_ESTADO) VALUES (27, 'Portugal', 10);
INSERT INTO FIDE_PAIS_TB (ID_PAIS, NOMBRE_PAIS, ID_ESTADO) VALUES (28, 'Inglaterra', 13);
INSERT INTO FIDE_PAIS_TB (ID_PAIS, NOMBRE_PAIS, ID_ESTADO) VALUES (29, 'Irlanda', 7);
INSERT INTO FIDE_PAIS_TB (ID_PAIS, NOMBRE_PAIS, ID_ESTADO) VALUES (30, 'Australia', 1);
INSERT INTO FIDE_PAIS_TB (ID_PAIS, NOMBRE_PAIS, ID_ESTADO) VALUES (32, 'Sudáfrica', 3);
INSERT INTO FIDE_PAIS_TB (ID_PAIS, NOMBRE_PAIS, ID_ESTADO) VALUES (34, 'India', 7);
INSERT INTO FIDE_PAIS_TB (ID_PAIS, NOMBRE_PAIS, ID_ESTADO) VALUES (35, 'China', 10);
INSERT INTO FIDE_PAIS_TB (ID_PAIS, NOMBRE_PAIS, ID_ESTADO) VALUES (36, 'Japón', 11);
INSERT INTO FIDE_PAIS_TB (ID_PAIS, NOMBRE_PAIS, ID_ESTADO) VALUES (37, 'Corea del Sur', 1);
INSERT INTO FIDE_PAIS_TB (ID_PAIS, NOMBRE_PAIS, ID_ESTADO) VALUES (38, 'Rusia', 6);
INSERT INTO FIDE_PAIS_TB (ID_PAIS, NOMBRE_PAIS, ID_ESTADO) VALUES (39, 'Turquía', 2);
INSERT INTO FIDE_PAIS_TB (ID_PAIS, NOMBRE_PAIS, ID_ESTADO) VALUES (40, 'Filipinas', 8);
INSERT INTO FIDE_PAIS_TB (ID_PAIS, NOMBRE_PAIS, ID_ESTADO) VALUES (41, 'Indonesia', 5);
INSERT INTO FIDE_PAIS_TB (ID_PAIS, NOMBRE_PAIS, ID_ESTADO) VALUES (42, 'Tailandia', 13);
INSERT INTO FIDE_PAIS_TB (ID_PAIS, NOMBRE_PAIS, ID_ESTADO) VALUES (43, 'Vietnam', 12);
INSERT INTO FIDE_PAIS_TB (ID_PAIS, NOMBRE_PAIS, ID_ESTADO) VALUES (44, 'Malasia', 3);
INSERT INTO FIDE_PAIS_TB (ID_PAIS, NOMBRE_PAIS, ID_ESTADO) VALUES (45, 'Singapur', 9);
INSERT INTO FIDE_PAIS_TB (ID_PAIS, NOMBRE_PAIS, ID_ESTADO) VALUES (46, 'Emiratos Árabes', 7);
INSERT INTO FIDE_PAIS_TB (ID_PAIS, NOMBRE_PAIS, ID_ESTADO) VALUES (47, 'Arabia Saudita', 6);
INSERT INTO FIDE_PAIS_TB (ID_PAIS, NOMBRE_PAIS, ID_ESTADO) VALUES (48, 'Israel', 8);
INSERT INTO FIDE_PAIS_TB (ID_PAIS, NOMBRE_PAIS, ID_ESTADO) VALUES (49, 'Noruega', 4);
INSERT INTO FIDE_PAIS_TB (ID_PAIS, NOMBRE_PAIS, ID_ESTADO) VALUES (50, 'Suecia', 5);


-----INSERCION TABLA PROVINCIA
INSERT INTO FIDE_PROVINCIA_TB (ID_PROVINCIA, NOMBRE_PROVINCIA, ID_ESTADO) VALUES (1, 'San José', 5);
INSERT INTO FIDE_PROVINCIA_TB (ID_PROVINCIA, NOMBRE_PROVINCIA, ID_ESTADO) VALUES (2, 'Alajuela', 6);
INSERT INTO FIDE_PROVINCIA_TB (ID_PROVINCIA, NOMBRE_PROVINCIA, ID_ESTADO) VALUES (3, 'Cartago', 13);
INSERT INTO FIDE_PROVINCIA_TB (ID_PROVINCIA, NOMBRE_PROVINCIA, ID_ESTADO) VALUES (4, 'Heredia', 11);
INSERT INTO FIDE_PROVINCIA_TB (ID_PROVINCIA, NOMBRE_PROVINCIA, ID_ESTADO) VALUES (5, 'Guanacaste', 7);
INSERT INTO FIDE_PROVINCIA_TB (ID_PROVINCIA, NOMBRE_PROVINCIA, ID_ESTADO) VALUES (6, 'Puntarenas', 13);
INSERT INTO FIDE_PROVINCIA_TB (ID_PROVINCIA, NOMBRE_PROVINCIA, ID_ESTADO) VALUES (7, 'Limón', 11);
INSERT INTO FIDE_PROVINCIA_TB (ID_PROVINCIA, NOMBRE_PROVINCIA, ID_ESTADO) VALUES (8, 'Chiriquí', 9);
INSERT INTO FIDE_PROVINCIA_TB (ID_PROVINCIA, NOMBRE_PROVINCIA, ID_ESTADO) VALUES (9, 'Veraguas', 6);
INSERT INTO FIDE_PROVINCIA_TB (ID_PROVINCIA, NOMBRE_PROVINCIA, ID_ESTADO) VALUES (10, 'Coclé', 6);
INSERT INTO FIDE_PROVINCIA_TB (ID_PROVINCIA, NOMBRE_PROVINCIA, ID_ESTADO) VALUES (11, 'Panamá', 2);
INSERT INTO FIDE_PROVINCIA_TB (ID_PROVINCIA, NOMBRE_PROVINCIA, ID_ESTADO) VALUES (12, 'Colón', 2);
INSERT INTO FIDE_PROVINCIA_TB (ID_PROVINCIA, NOMBRE_PROVINCIA, ID_ESTADO) VALUES (13, 'Antioquia', 1);
INSERT INTO FIDE_PROVINCIA_TB (ID_PROVINCIA, NOMBRE_PROVINCIA, ID_ESTADO) VALUES (14, 'Cundinamarca', 8);
INSERT INTO FIDE_PROVINCIA_TB (ID_PROVINCIA, NOMBRE_PROVINCIA, ID_ESTADO) VALUES (15, 'Valle del Cauca', 6);
INSERT INTO FIDE_PROVINCIA_TB (ID_PROVINCIA, NOMBRE_PROVINCIA, ID_ESTADO) VALUES (16, 'Amazonas', 12);
INSERT INTO FIDE_PROVINCIA_TB (ID_PROVINCIA, NOMBRE_PROVINCIA, ID_ESTADO) VALUES (17, 'Pichincha', 5);
INSERT INTO FIDE_PROVINCIA_TB (ID_PROVINCIA, NOMBRE_PROVINCIA, ID_ESTADO) VALUES (18, 'Guayas', 10);
INSERT INTO FIDE_PROVINCIA_TB (ID_PROVINCIA, NOMBRE_PROVINCIA, ID_ESTADO) VALUES (19, 'Azuay', 3);
INSERT INTO FIDE_PROVINCIA_TB (ID_PROVINCIA, NOMBRE_PROVINCIA, ID_ESTADO) VALUES (20, 'Santa Elena', 7);
INSERT INTO FIDE_PROVINCIA_TB (ID_PROVINCIA, NOMBRE_PROVINCIA, ID_ESTADO) VALUES (21, 'Buenos Aires', 1);
INSERT INTO FIDE_PROVINCIA_TB (ID_PROVINCIA, NOMBRE_PROVINCIA, ID_ESTADO) VALUES (22, 'Córdoba', 6);
INSERT INTO FIDE_PROVINCIA_TB (ID_PROVINCIA, NOMBRE_PROVINCIA, ID_ESTADO) VALUES (23, 'Mendoza', 5);
INSERT INTO FIDE_PROVINCIA_TB (ID_PROVINCIA, NOMBRE_PROVINCIA, ID_ESTADO) VALUES (24, 'Santa Fe', 5);
INSERT INTO FIDE_PROVINCIA_TB (ID_PROVINCIA, NOMBRE_PROVINCIA, ID_ESTADO) VALUES (25, 'Salta', 5);
INSERT INTO FIDE_PROVINCIA_TB (ID_PROVINCIA, NOMBRE_PROVINCIA, ID_ESTADO) VALUES (26, 'Ontario', 2);
INSERT INTO FIDE_PROVINCIA_TB (ID_PROVINCIA, NOMBRE_PROVINCIA, ID_ESTADO) VALUES (27, 'Quebec', 6);
INSERT INTO FIDE_PROVINCIA_TB (ID_PROVINCIA, NOMBRE_PROVINCIA, ID_ESTADO) VALUES (28, 'British Columbia', 9);
INSERT INTO FIDE_PROVINCIA_TB (ID_PROVINCIA, NOMBRE_PROVINCIA, ID_ESTADO) VALUES (29, 'Alberta', 9);
INSERT INTO FIDE_PROVINCIA_TB (ID_PROVINCIA, NOMBRE_PROVINCIA, ID_ESTADO) VALUES (30, 'Nova Scotia', 4);
INSERT INTO FIDE_PROVINCIA_TB (ID_PROVINCIA, NOMBRE_PROVINCIA, ID_ESTADO) VALUES (31, 'Texas', 6);
INSERT INTO FIDE_PROVINCIA_TB (ID_PROVINCIA, NOMBRE_PROVINCIA, ID_ESTADO) VALUES (32, 'California', 1);
INSERT INTO FIDE_PROVINCIA_TB (ID_PROVINCIA, NOMBRE_PROVINCIA, ID_ESTADO) VALUES (33, 'Florida', 10);
INSERT INTO FIDE_PROVINCIA_TB (ID_PROVINCIA, NOMBRE_PROVINCIA, ID_ESTADO) VALUES (34, 'New York', 3);
INSERT INTO FIDE_PROVINCIA_TB (ID_PROVINCIA, NOMBRE_PROVINCIA, ID_ESTADO) VALUES (35, 'Nevada', 2);
INSERT INTO FIDE_PROVINCIA_TB (ID_PROVINCIA, NOMBRE_PROVINCIA, ID_ESTADO) VALUES (36, 'Madrid', 4);
INSERT INTO FIDE_PROVINCIA_TB (ID_PROVINCIA, NOMBRE_PROVINCIA, ID_ESTADO) VALUES (37, 'Cataluña', 5);
INSERT INTO FIDE_PROVINCIA_TB (ID_PROVINCIA, NOMBRE_PROVINCIA, ID_ESTADO) VALUES (38, 'Andalucía', 6);
INSERT INTO FIDE_PROVINCIA_TB (ID_PROVINCIA, NOMBRE_PROVINCIA, ID_ESTADO) VALUES (39, 'Galicia', 7);
INSERT INTO FIDE_PROVINCIA_TB (ID_PROVINCIA, NOMBRE_PROVINCIA, ID_ESTADO) VALUES (40, 'Castilla y León', 8);
INSERT INTO FIDE_PROVINCIA_TB (ID_PROVINCIA, NOMBRE_PROVINCIA, ID_ESTADO) VALUES (41, 'Paraná', 9);
INSERT INTO FIDE_PROVINCIA_TB (ID_PROVINCIA, NOMBRE_PROVINCIA, ID_ESTADO) VALUES (42, 'Bahía', 10);
INSERT INTO FIDE_PROVINCIA_TB (ID_PROVINCIA, NOMBRE_PROVINCIA, ID_ESTADO) VALUES (43, 'Pernambuco', 11);
INSERT INTO FIDE_PROVINCIA_TB (ID_PROVINCIA, NOMBRE_PROVINCIA, ID_ESTADO) VALUES (44, 'Minas Gerais', 12);
INSERT INTO FIDE_PROVINCIA_TB (ID_PROVINCIA, NOMBRE_PROVINCIA, ID_ESTADO) VALUES (45, 'Río de Janeiro', 13);
INSERT INTO FIDE_PROVINCIA_TB (ID_PROVINCIA, NOMBRE_PROVINCIA, ID_ESTADO) VALUES (46, 'Tokyo', 1);
INSERT INTO FIDE_PROVINCIA_TB (ID_PROVINCIA, NOMBRE_PROVINCIA, ID_ESTADO) VALUES (47, 'Osaka', 2);
INSERT INTO FIDE_PROVINCIA_TB (ID_PROVINCIA, NOMBRE_PROVINCIA, ID_ESTADO) VALUES (48, 'Hokkaido', 3);
INSERT INTO FIDE_PROVINCIA_TB (ID_PROVINCIA, NOMBRE_PROVINCIA, ID_ESTADO) VALUES (49, 'Kyoto', 4);
INSERT INTO FIDE_PROVINCIA_TB (ID_PROVINCIA, NOMBRE_PROVINCIA, ID_ESTADO) VALUES (50, 'Fukuoka', 5);

------INSERCION TABLA CANTÓN
INSERT INTO FIDE_CANTON_TB (ID_CANTON, NOMBRE_CANTON, ID_ESTADO) VALUES (1, 'Central', 10);
INSERT INTO FIDE_CANTON_TB (ID_CANTON, NOMBRE_CANTON, ID_ESTADO) VALUES (2, 'Escazú', 12);
INSERT INTO FIDE_CANTON_TB (ID_CANTON, NOMBRE_CANTON, ID_ESTADO) VALUES (3, 'Desamparados', 10);
INSERT INTO FIDE_CANTON_TB (ID_CANTON, NOMBRE_CANTON, ID_ESTADO) VALUES (4, 'Alajuelita', 7);
INSERT INTO FIDE_CANTON_TB (ID_CANTON, NOMBRE_CANTON, ID_ESTADO) VALUES (5, 'Goicoechea', 6);
INSERT INTO FIDE_CANTON_TB (ID_CANTON, NOMBRE_CANTON, ID_ESTADO) VALUES (6, 'Santa Ana', 6);
INSERT INTO FIDE_CANTON_TB (ID_CANTON, NOMBRE_CANTON, ID_ESTADO) VALUES (7, 'Tibas', 9);
INSERT INTO FIDE_CANTON_TB (ID_CANTON, NOMBRE_CANTON, ID_ESTADO) VALUES (8, 'Moravia', 11);
INSERT INTO FIDE_CANTON_TB (ID_CANTON, NOMBRE_CANTON, ID_ESTADO) VALUES (9, 'Montes de Oca', 2);
INSERT INTO FIDE_CANTON_TB (ID_CANTON, NOMBRE_CANTON, ID_ESTADO) VALUES (10, 'Curridabat', 9);
INSERT INTO FIDE_CANTON_TB (ID_CANTON, NOMBRE_CANTON, ID_ESTADO) VALUES (11, 'Alajuela', 11);
INSERT INTO FIDE_CANTON_TB (ID_CANTON, NOMBRE_CANTON, ID_ESTADO) VALUES (12, 'San Ramón', 1);
INSERT INTO FIDE_CANTON_TB (ID_CANTON, NOMBRE_CANTON, ID_ESTADO) VALUES (13, 'Grecia', 10);
INSERT INTO FIDE_CANTON_TB (ID_CANTON, NOMBRE_CANTON, ID_ESTADO) VALUES (14, 'Atenas', 3);
INSERT INTO FIDE_CANTON_TB (ID_CANTON, NOMBRE_CANTON, ID_ESTADO) VALUES (15, 'Poás', 1);
INSERT INTO FIDE_CANTON_TB (ID_CANTON, NOMBRE_CANTON, ID_ESTADO) VALUES (16, 'Cartago', 9);
INSERT INTO FIDE_CANTON_TB (ID_CANTON, NOMBRE_CANTON, ID_ESTADO) VALUES (17, 'Paraíso', 8);
INSERT INTO FIDE_CANTON_TB (ID_CANTON, NOMBRE_CANTON, ID_ESTADO) VALUES (18, 'La Unión', 11);
INSERT INTO FIDE_CANTON_TB (ID_CANTON, NOMBRE_CANTON, ID_ESTADO) VALUES (19, 'Jiménez', 2);
INSERT INTO FIDE_CANTON_TB (ID_CANTON, NOMBRE_CANTON, ID_ESTADO) VALUES (20, 'Turrialba', 8);
INSERT INTO FIDE_CANTON_TB (ID_CANTON, NOMBRE_CANTON, ID_ESTADO) VALUES (21, 'Heredia', 6);
INSERT INTO FIDE_CANTON_TB (ID_CANTON, NOMBRE_CANTON, ID_ESTADO) VALUES (22, 'Barva', 13);
INSERT INTO FIDE_CANTON_TB (ID_CANTON, NOMBRE_CANTON, ID_ESTADO) VALUES (23, 'Santo Domingo', 1);
INSERT INTO FIDE_CANTON_TB (ID_CANTON, NOMBRE_CANTON, ID_ESTADO) VALUES (24, 'San Rafael', 13);
INSERT INTO FIDE_CANTON_TB (ID_CANTON, NOMBRE_CANTON, ID_ESTADO) VALUES (25, 'Sarapiquí', 3);
INSERT INTO FIDE_CANTON_TB (ID_CANTON, NOMBRE_CANTON, ID_ESTADO) VALUES (26, 'Liberia', 11);
INSERT INTO FIDE_CANTON_TB (ID_CANTON, NOMBRE_CANTON, ID_ESTADO) VALUES (27, 'Nicoya', 12);
INSERT INTO FIDE_CANTON_TB (ID_CANTON, NOMBRE_CANTON, ID_ESTADO) VALUES (28, 'Santa Cruz', 13);
INSERT INTO FIDE_CANTON_TB (ID_CANTON, NOMBRE_CANTON, ID_ESTADO) VALUES (29, 'Bagaces', 2);
INSERT INTO FIDE_CANTON_TB (ID_CANTON, NOMBRE_CANTON, ID_ESTADO) VALUES (30, 'Cañas', 4);
INSERT INTO FIDE_CANTON_TB (ID_CANTON, NOMBRE_CANTON, ID_ESTADO) VALUES (31, 'Puntarenas', 3);
INSERT INTO FIDE_CANTON_TB (ID_CANTON, NOMBRE_CANTON, ID_ESTADO) VALUES (32, 'Esparza', 4);
INSERT INTO FIDE_CANTON_TB (ID_CANTON, NOMBRE_CANTON, ID_ESTADO) VALUES (33, 'Buenos Aires', 1);
INSERT INTO FIDE_CANTON_TB (ID_CANTON, NOMBRE_CANTON, ID_ESTADO) VALUES (34, 'Golfito', 9);
INSERT INTO FIDE_CANTON_TB (ID_CANTON, NOMBRE_CANTON, ID_ESTADO) VALUES (35, 'Osa', 3);
INSERT INTO FIDE_CANTON_TB (ID_CANTON, NOMBRE_CANTON, ID_ESTADO) VALUES (36, 'Limón', 11);
INSERT INTO FIDE_CANTON_TB (ID_CANTON, NOMBRE_CANTON, ID_ESTADO) VALUES (37, 'Pococí', 6);
INSERT INTO FIDE_CANTON_TB (ID_CANTON, NOMBRE_CANTON, ID_ESTADO) VALUES (38, 'Siquirres', 4);
INSERT INTO FIDE_CANTON_TB (ID_CANTON, NOMBRE_CANTON, ID_ESTADO) VALUES (39, 'Talamanca', 2);
INSERT INTO FIDE_CANTON_TB (ID_CANTON, NOMBRE_CANTON, ID_ESTADO) VALUES (40, 'Matina', 5);
INSERT INTO FIDE_CANTON_TB (ID_CANTON, NOMBRE_CANTON, ID_ESTADO) VALUES (41, 'Chitré', 10);
INSERT INTO FIDE_CANTON_TB (ID_CANTON, NOMBRE_CANTON, ID_ESTADO) VALUES (42, 'David', 6);
INSERT INTO FIDE_CANTON_TB (ID_CANTON, NOMBRE_CANTON, ID_ESTADO) VALUES (43, 'Santiago', 3);
INSERT INTO FIDE_CANTON_TB (ID_CANTON, NOMBRE_CANTON, ID_ESTADO) VALUES (44, 'Penonomé', 11);
INSERT INTO FIDE_CANTON_TB (ID_CANTON, NOMBRE_CANTON, ID_ESTADO) VALUES (45, 'La Chorrera', 1);
INSERT INTO FIDE_CANTON_TB (ID_CANTON, NOMBRE_CANTON, ID_ESTADO) VALUES (46, 'Guadalupe', 6);
INSERT INTO FIDE_CANTON_TB (ID_CANTON, NOMBRE_CANTON, ID_ESTADO) VALUES (47, 'Zapote', 8);
INSERT INTO FIDE_CANTON_TB (ID_CANTON, NOMBRE_CANTON, ID_ESTADO) VALUES (48, 'San Pedro', 4);
INSERT INTO FIDE_CANTON_TB (ID_CANTON, NOMBRE_CANTON, ID_ESTADO) VALUES (49, 'San Pablo', 9);
INSERT INTO FIDE_CANTON_TB (ID_CANTON, NOMBRE_CANTON, ID_ESTADO) VALUES (50, 'El Carmen', 7);

------INSERCION TABLA DISTRITO
INSERT INTO FIDE_DISTRITO_TB (ID_DISTRITO, NOMBRE_DISTRITO, ID_ESTADO) VALUES (1, 'Carmen', 4);
INSERT INTO FIDE_DISTRITO_TB (ID_DISTRITO, NOMBRE_DISTRITO, ID_ESTADO) VALUES (2, 'Merced', 8);
INSERT INTO FIDE_DISTRITO_TB (ID_DISTRITO, NOMBRE_DISTRITO, ID_ESTADO) VALUES (3, 'Hospital', 13);
INSERT INTO FIDE_DISTRITO_TB (ID_DISTRITO, NOMBRE_DISTRITO, ID_ESTADO) VALUES (4, 'Catedral', 12);
INSERT INTO FIDE_DISTRITO_TB (ID_DISTRITO, NOMBRE_DISTRITO, ID_ESTADO) VALUES (5, 'Zapote', 11);
INSERT INTO FIDE_DISTRITO_TB (ID_DISTRITO, NOMBRE_DISTRITO, ID_ESTADO) VALUES (6, 'San Francisco', 3);
INSERT INTO FIDE_DISTRITO_TB (ID_DISTRITO, NOMBRE_DISTRITO, ID_ESTADO) VALUES (7, 'San Sebastián', 3);
INSERT INTO FIDE_DISTRITO_TB (ID_DISTRITO, NOMBRE_DISTRITO, ID_ESTADO) VALUES (8, 'Hatillo', 10);
INSERT INTO FIDE_DISTRITO_TB (ID_DISTRITO, NOMBRE_DISTRITO, ID_ESTADO) VALUES (9, 'Pavas', 2);
INSERT INTO FIDE_DISTRITO_TB (ID_DISTRITO, NOMBRE_DISTRITO, ID_ESTADO) VALUES (10, 'Uruca', 9);
INSERT INTO FIDE_DISTRITO_TB (ID_DISTRITO, NOMBRE_DISTRITO, ID_ESTADO) VALUES (11, 'San Rafael', 13);
INSERT INTO FIDE_DISTRITO_TB (ID_DISTRITO, NOMBRE_DISTRITO, ID_ESTADO) VALUES (12, 'San Antonio', 12);
INSERT INTO FIDE_DISTRITO_TB (ID_DISTRITO, NOMBRE_DISTRITO, ID_ESTADO) VALUES (13, 'San Miguel', 13);
INSERT INTO FIDE_DISTRITO_TB (ID_DISTRITO, NOMBRE_DISTRITO, ID_ESTADO) VALUES (14, 'San Juan', 1);
INSERT INTO FIDE_DISTRITO_TB (ID_DISTRITO, NOMBRE_DISTRITO, ID_ESTADO) VALUES (15, 'San Pedro', 1);
INSERT INTO FIDE_DISTRITO_TB (ID_DISTRITO, NOMBRE_DISTRITO, ID_ESTADO) VALUES (16, 'Sabanilla', 5);
INSERT INTO FIDE_DISTRITO_TB (ID_DISTRITO, NOMBRE_DISTRITO, ID_ESTADO) VALUES (17, 'Mercedes', 1);
INSERT INTO FIDE_DISTRITO_TB (ID_DISTRITO, NOMBRE_DISTRITO, ID_ESTADO) VALUES (18, 'San Pablo', 10);
INSERT INTO FIDE_DISTRITO_TB (ID_DISTRITO, NOMBRE_DISTRITO, ID_ESTADO) VALUES (19, 'San Vicente', 5);
INSERT INTO FIDE_DISTRITO_TB (ID_DISTRITO, NOMBRE_DISTRITO, ID_ESTADO) VALUES (20, 'Santo Domingo', 10);
INSERT INTO FIDE_DISTRITO_TB (ID_DISTRITO, NOMBRE_DISTRITO, ID_ESTADO) VALUES (21, 'Carrandi', 5);
INSERT INTO FIDE_DISTRITO_TB (ID_DISTRITO, NOMBRE_DISTRITO, ID_ESTADO) VALUES (22, 'Matama', 10);
INSERT INTO FIDE_DISTRITO_TB (ID_DISTRITO, NOMBRE_DISTRITO, ID_ESTADO) VALUES (23, 'Limón Centro', 9);
INSERT INTO FIDE_DISTRITO_TB (ID_DISTRITO, NOMBRE_DISTRITO, ID_ESTADO) VALUES (24, 'Guápiles', 7);
INSERT INTO FIDE_DISTRITO_TB (ID_DISTRITO, NOMBRE_DISTRITO, ID_ESTADO) VALUES (25, 'Jiménez', 5);
INSERT INTO FIDE_DISTRITO_TB (ID_DISTRITO, NOMBRE_DISTRITO, ID_ESTADO) VALUES (26, 'Tucurrique', 4);
INSERT INTO FIDE_DISTRITO_TB (ID_DISTRITO, NOMBRE_DISTRITO, ID_ESTADO) VALUES (27, 'La Suiza', 11);
INSERT INTO FIDE_DISTRITO_TB (ID_DISTRITO, NOMBRE_DISTRITO, ID_ESTADO) VALUES (28, 'Pejibaye', 4);
INSERT INTO FIDE_DISTRITO_TB (ID_DISTRITO, NOMBRE_DISTRITO, ID_ESTADO) VALUES (29, 'Turrialba', 4);
INSERT INTO FIDE_DISTRITO_TB (ID_DISTRITO, NOMBRE_DISTRITO, ID_ESTADO) VALUES (30, 'Santa Cruz', 11);
INSERT INTO FIDE_DISTRITO_TB (ID_DISTRITO, NOMBRE_DISTRITO, ID_ESTADO) VALUES (31, 'Liberia', 12);
INSERT INTO FIDE_DISTRITO_TB (ID_DISTRITO, NOMBRE_DISTRITO, ID_ESTADO) VALUES (32, 'Filadelfia', 3);
INSERT INTO FIDE_DISTRITO_TB (ID_DISTRITO, NOMBRE_DISTRITO, ID_ESTADO) VALUES (33, 'Nicoya', 6);
INSERT INTO FIDE_DISTRITO_TB (ID_DISTRITO, NOMBRE_DISTRITO, ID_ESTADO) VALUES (34, 'Santa Rosa', 4);
INSERT INTO FIDE_DISTRITO_TB (ID_DISTRITO, NOMBRE_DISTRITO, ID_ESTADO) VALUES (35, 'Quebrada Honda', 2);
INSERT INTO FIDE_DISTRITO_TB (ID_DISTRITO, NOMBRE_DISTRITO, ID_ESTADO) VALUES (36, 'Puerto Viejo', 7);
INSERT INTO FIDE_DISTRITO_TB (ID_DISTRITO, NOMBRE_DISTRITO, ID_ESTADO) VALUES (37, 'Cahuita', 1);
INSERT INTO FIDE_DISTRITO_TB (ID_DISTRITO, NOMBRE_DISTRITO, ID_ESTADO) VALUES (38, 'Bribrí', 8);
INSERT INTO FIDE_DISTRITO_TB (ID_DISTRITO, NOMBRE_DISTRITO, ID_ESTADO) VALUES (39, 'Sixaola', 12);
INSERT INTO FIDE_DISTRITO_TB (ID_DISTRITO, NOMBRE_DISTRITO, ID_ESTADO) VALUES (40, 'Paraiso', 10);
INSERT INTO FIDE_DISTRITO_TB (ID_DISTRITO, NOMBRE_DISTRITO, ID_ESTADO) VALUES (41, 'Orosi', 6);
INSERT INTO FIDE_DISTRITO_TB (ID_DISTRITO, NOMBRE_DISTRITO, ID_ESTADO) VALUES (42, 'Cachí', 8);
INSERT INTO FIDE_DISTRITO_TB (ID_DISTRITO, NOMBRE_DISTRITO, ID_ESTADO) VALUES (43, 'Tejar', 9);
INSERT INTO FIDE_DISTRITO_TB (ID_DISTRITO, NOMBRE_DISTRITO, ID_ESTADO) VALUES (44, 'Tres Ríos', 11);
INSERT INTO FIDE_DISTRITO_TB (ID_DISTRITO, NOMBRE_DISTRITO, ID_ESTADO) VALUES (45, 'San Diego', 10);
INSERT INTO FIDE_DISTRITO_TB (ID_DISTRITO, NOMBRE_DISTRITO, ID_ESTADO) VALUES (46, 'Curridabat', 3);
INSERT INTO FIDE_DISTRITO_TB (ID_DISTRITO, NOMBRE_DISTRITO, ID_ESTADO) VALUES (47, 'Granadilla', 9);
INSERT INTO FIDE_DISTRITO_TB (ID_DISTRITO, NOMBRE_DISTRITO, ID_ESTADO) VALUES (48, 'Sánchez', 13);
INSERT INTO FIDE_DISTRITO_TB (ID_DISTRITO, NOMBRE_DISTRITO, ID_ESTADO) VALUES (49, 'San Rafael Abajo', 1);
INSERT INTO FIDE_DISTRITO_TB (ID_DISTRITO, NOMBRE_DISTRITO, ID_ESTADO) VALUES (50, 'San Rafael Arriba', 3);



------INSERCION TABLA DIRECCION
INSERT INTO FIDE_DIRECCION_TB (ID_DIRECCION, DETALLE_DIRECCION, ID_DISTRITO, ID_CANTON, ID_PROVINCIA, ID_PAIS, ID_USUARIO, ID_ESTADO) VALUES (1, 'Frente al acuario principal', 1, 1, 1, 1, 101, 7);
INSERT INTO FIDE_DIRECCION_TB (ID_DIRECCION, DETALLE_DIRECCION, ID_DISTRITO, ID_CANTON, ID_PROVINCIA, ID_PAIS, ID_USUARIO, ID_ESTADO) VALUES (2, 'Detrás del tanque de medusas', 2, 2, 2, 2, 102, 9);
INSERT INTO FIDE_DIRECCION_TB (ID_DIRECCION, DETALLE_DIRECCION, ID_DISTRITO, ID_CANTON, ID_PROVINCIA, ID_PAIS, ID_USUARIO, ID_ESTADO) VALUES (3, 'Cerca del área de tiburones', 3, 3, 3, 3, 103, 12);
INSERT INTO FIDE_DIRECCION_TB (ID_DIRECCION, DETALLE_DIRECCION, ID_DISTRITO, ID_CANTON, ID_PROVINCIA, ID_PAIS, ID_USUARIO, ID_ESTADO) VALUES (4, 'Contiguo a la entrada principal', 4, 4, 4, 4, 104, 11);
INSERT INTO FIDE_DIRECCION_TB (ID_DIRECCION, DETALLE_DIRECCION, ID_DISTRITO, ID_CANTON, ID_PROVINCIA, ID_PAIS, ID_USUARIO, ID_ESTADO) VALUES (5, 'Junto al estanque de tortugas', 5, 5, 5, 5, 105, 13);
INSERT INTO FIDE_DIRECCION_TB (ID_DIRECCION, DETALLE_DIRECCION, ID_DISTRITO, ID_CANTON, ID_PROVINCIA, ID_PAIS, ID_USUARIO, ID_ESTADO) VALUES (6, 'Segundo piso, zona administrativa', 6, 6, 6, 6, 106, 3);
INSERT INTO FIDE_DIRECCION_TB (ID_DIRECCION, DETALLE_DIRECCION, ID_DISTRITO, ID_CANTON, ID_PROVINCIA, ID_PAIS, ID_USUARIO, ID_ESTADO) VALUES (7, 'Pasillo oeste, módulo 3', 7, 7, 7, 7, 107, 7);
INSERT INTO FIDE_DIRECCION_TB (ID_DIRECCION, DETALLE_DIRECCION, ID_DISTRITO, ID_CANTON, ID_PROVINCIA, ID_PAIS, ID_USUARIO, ID_ESTADO) VALUES (8, 'Zona de cuarentena de peces', 8, 8, 8, 8, 108, 1);
INSERT INTO FIDE_DIRECCION_TB (ID_DIRECCION, DETALLE_DIRECCION, ID_DISTRITO, ID_CANTON, ID_PROVINCIA, ID_PAIS, ID_USUARIO, ID_ESTADO) VALUES (9, 'Planta baja, al lado del elevador', 9, 9, 9, 9, 109, 13);
INSERT INTO FIDE_DIRECCION_TB (ID_DIRECCION, DETALLE_DIRECCION, ID_DISTRITO, ID_CANTON, ID_PROVINCIA, ID_PAIS, ID_USUARIO, ID_ESTADO) VALUES (10, 'Frente a la tienda de regalos', 10, 10, 10, 10, 110, 10);
INSERT INTO FIDE_DIRECCION_TB (ID_DIRECCION, DETALLE_DIRECCION, ID_DISTRITO, ID_CANTON, ID_PROVINCIA, ID_PAIS, ID_USUARIO, ID_ESTADO) VALUES (11, 'Contiguo a la cafetería', 11, 11, 11, 11, 111, 10);
INSERT INTO FIDE_DIRECCION_TB (ID_DIRECCION, DETALLE_DIRECCION, ID_DISTRITO, ID_CANTON, ID_PROVINCIA, ID_PAIS, ID_USUARIO, ID_ESTADO) VALUES (12, 'Oficina de mantenimiento', 12, 12, 12, 12, 112, 11);
INSERT INTO FIDE_DIRECCION_TB (ID_DIRECCION, DETALLE_DIRECCION, ID_DISTRITO, ID_CANTON, ID_PROVINCIA, ID_PAIS, ID_USUARIO, ID_ESTADO) VALUES (13, 'Frente a la entrada de proveedores', 13, 13, 13, 13, 113, 8);
INSERT INTO FIDE_DIRECCION_TB (ID_DIRECCION, DETALLE_DIRECCION, ID_DISTRITO, ID_CANTON, ID_PROVINCIA, ID_PAIS, ID_USUARIO, ID_ESTADO) VALUES (14, 'Cerca del estanque de mantarrayas', 14, 14, 14, 14, 114, 3);
INSERT INTO FIDE_DIRECCION_TB (ID_DIRECCION, DETALLE_DIRECCION, ID_DISTRITO, ID_CANTON, ID_PROVINCIA, ID_PAIS, ID_USUARIO, ID_ESTADO) VALUES (15, 'Área de investigación', 15, 15, 15, 15, 115, 11);
INSERT INTO FIDE_DIRECCION_TB (ID_DIRECCION, DETALLE_DIRECCION, ID_DISTRITO, ID_CANTON, ID_PROVINCIA, ID_PAIS, ID_USUARIO, ID_ESTADO) VALUES (16, 'Edificio azul, entrada lateral', 16, 16, 16, 16, 116, 2);
INSERT INTO FIDE_DIRECCION_TB (ID_DIRECCION, DETALLE_DIRECCION, ID_DISTRITO, ID_CANTON, ID_PROVINCIA, ID_PAIS, ID_USUARIO, ID_ESTADO) VALUES (17, 'Junto al laboratorio marino', 17, 17, 17, 17, 117, 1);
INSERT INTO FIDE_DIRECCION_TB (ID_DIRECCION, DETALLE_DIRECCION, ID_DISTRITO, ID_CANTON, ID_PROVINCIA, ID_PAIS, ID_USUARIO, ID_ESTADO) VALUES (18, 'Zona educativa, salón 1', 18, 18, 18, 18, 118, 6);
INSERT INTO FIDE_DIRECCION_TB (ID_DIRECCION, DETALLE_DIRECCION, ID_DISTRITO, ID_CANTON, ID_PROVINCIA, ID_PAIS, ID_USUARIO, ID_ESTADO) VALUES (19, 'Pasillo este, módulo 2', 19, 19, 19, 19, 119, 10);
INSERT INTO FIDE_DIRECCION_TB (ID_DIRECCION, DETALLE_DIRECCION, ID_DISTRITO, ID_CANTON, ID_PROVINCIA, ID_PAIS, ID_USUARIO, ID_ESTADO) VALUES (20, 'Área de eventos', 20, 20, 20, 20, 120, 13);
INSERT INTO FIDE_DIRECCION_TB (ID_DIRECCION, DETALLE_DIRECCION, ID_DISTRITO, ID_CANTON, ID_PROVINCIA, ID_PAIS, ID_USUARIO, ID_ESTADO) VALUES (21, 'Estacionamiento subterráneo', 21, 21, 21, 21, 121, 2);
INSERT INTO FIDE_DIRECCION_TB (ID_DIRECCION, DETALLE_DIRECCION, ID_DISTRITO, ID_CANTON, ID_PROVINCIA, ID_PAIS, ID_USUARIO, ID_ESTADO) VALUES (22, 'Cerca del área de delfines', 22, 22, 22, 22, 122, 8);
INSERT INTO FIDE_DIRECCION_TB (ID_DIRECCION, DETALLE_DIRECCION, ID_DISTRITO, ID_CANTON, ID_PROVINCIA, ID_PAIS, ID_USUARIO, ID_ESTADO) VALUES (23, 'Oficina de dirección', 23, 23, 23, 23, 123, 8);
INSERT INTO FIDE_DIRECCION_TB (ID_DIRECCION, DETALLE_DIRECCION, ID_DISTRITO, ID_CANTON, ID_PROVINCIA, ID_PAIS, ID_USUARIO, ID_ESTADO) VALUES (24, 'Bodega general', 24, 24, 24, 24, 124, 11);
INSERT INTO FIDE_DIRECCION_TB (ID_DIRECCION, DETALLE_DIRECCION, ID_DISTRITO, ID_CANTON, ID_PROVINCIA, ID_PAIS, ID_USUARIO, ID_ESTADO) VALUES (25, 'Segundo nivel, escalera norte', 25, 25, 25, 25, 125, 13);
INSERT INTO FIDE_DIRECCION_TB (ID_DIRECCION, DETALLE_DIRECCION, ID_DISTRITO, ID_CANTON, ID_PROVINCIA, ID_PAIS, ID_USUARIO, ID_ESTADO) VALUES (26, 'Al lado de la recepción', 26, 26, 26, 26, 126, 12);
INSERT INTO FIDE_DIRECCION_TB (ID_DIRECCION, DETALLE_DIRECCION, ID_DISTRITO, ID_CANTON, ID_PROVINCIA, ID_PAIS, ID_USUARIO, ID_ESTADO) VALUES (27, 'Pasillo de exhibición', 27, 27, 27, 27, 127, 13);
INSERT INTO FIDE_DIRECCION_TB (ID_DIRECCION, DETALLE_DIRECCION, ID_DISTRITO, ID_CANTON, ID_PROVINCIA, ID_PAIS, ID_USUARIO, ID_ESTADO) VALUES (28, 'Puerta de acceso restringido', 28, 28, 28, 28, 128, 13);
INSERT INTO FIDE_DIRECCION_TB (ID_DIRECCION, DETALLE_DIRECCION, ID_DISTRITO, ID_CANTON, ID_PROVINCIA, ID_PAIS, ID_USUARIO, ID_ESTADO) VALUES (29, 'Edificio verde, segundo piso', 29, 29, 29, 29, 129, 12);
INSERT INTO FIDE_DIRECCION_TB (ID_DIRECCION, DETALLE_DIRECCION, ID_DISTRITO, ID_CANTON, ID_PROVINCIA, ID_PAIS, ID_USUARIO, ID_ESTADO) VALUES (30, 'Zona de reproducción', 30, 30, 30, 30, 130, 5);
INSERT INTO FIDE_DIRECCION_TB (ID_DIRECCION, DETALLE_DIRECCION, ID_DISTRITO, ID_CANTON, ID_PROVINCIA, ID_PAIS, ID_USUARIO, ID_ESTADO) VALUES (31, 'Laboratorio de agua', 31, 31, 31, 31, 131, 8);
INSERT INTO FIDE_DIRECCION_TB (ID_DIRECCION, DETALLE_DIRECCION, ID_DISTRITO, ID_CANTON, ID_PROVINCIA, ID_PAIS, ID_USUARIO, ID_ESTADO) VALUES (32, 'Contiguo al tanque tropical', 32, 32, 32, 32, 132, 3);
INSERT INTO FIDE_DIRECCION_TB (ID_DIRECCION, DETALLE_DIRECCION, ID_DISTRITO, ID_CANTON, ID_PROVINCIA, ID_PAIS, ID_USUARIO, ID_ESTADO) VALUES (33, 'Frente a la salida de emergencia', 33, 33, 33, 33, 133, 5);
INSERT INTO FIDE_DIRECCION_TB (ID_DIRECCION, DETALLE_DIRECCION, ID_DISTRITO, ID_CANTON, ID_PROVINCIA, ID_PAIS, ID_USUARIO, ID_ESTADO) VALUES (34, 'Zona de seguridad', 34, 34, 34, 34, 134, 2);
INSERT INTO FIDE_DIRECCION_TB (ID_DIRECCION, DETALLE_DIRECCION, ID_DISTRITO, ID_CANTON, ID_PROVINCIA, ID_PAIS, ID_USUARIO, ID_ESTADO) VALUES (35, 'Sala de conferencias', 35, 35, 35, 35, 135, 2);
INSERT INTO FIDE_DIRECCION_TB (ID_DIRECCION, DETALLE_DIRECCION, ID_DISTRITO, ID_CANTON, ID_PROVINCIA, ID_PAIS, ID_USUARIO, ID_ESTADO) VALUES (36, 'Zona técnica de filtración', 36, 36, 36, 36, 136, 9);
INSERT INTO FIDE_DIRECCION_TB (ID_DIRECCION, DETALLE_DIRECCION, ID_DISTRITO, ID_CANTON, ID_PROVINCIA, ID_PAIS, ID_USUARIO, ID_ESTADO) VALUES (37, 'Área de voluntarios', 37, 37, 37, 37, 137, 8);
INSERT INTO FIDE_DIRECCION_TB (ID_DIRECCION, DETALLE_DIRECCION, ID_DISTRITO, ID_CANTON, ID_PROVINCIA, ID_PAIS, ID_USUARIO, ID_ESTADO) VALUES (38, 'Tercer piso, módulo B', 38, 38, 38, 38, 138, 13);
INSERT INTO FIDE_DIRECCION_TB (ID_DIRECCION, DETALLE_DIRECCION, ID_DISTRITO, ID_CANTON, ID_PROVINCIA, ID_PAIS, ID_USUARIO, ID_ESTADO) VALUES (39, 'Acceso personal autorizado', 39, 39, 39, 39, 139, 6);
INSERT INTO FIDE_DIRECCION_TB (ID_DIRECCION, DETALLE_DIRECCION, ID_DISTRITO, ID_CANTON, ID_PROVINCIA, ID_PAIS, ID_USUARIO, ID_ESTADO) VALUES (40, 'Zona de iluminación', 40, 40, 40, 40, 140, 2);
INSERT INTO FIDE_DIRECCION_TB (ID_DIRECCION, DETALLE_DIRECCION, ID_DISTRITO, ID_CANTON, ID_PROVINCIA, ID_PAIS, ID_USUARIO, ID_ESTADO) VALUES (41, 'Cerca del hábitat de pingüinos', 41, 41, 41, 41, 141, 5);
INSERT INTO FIDE_DIRECCION_TB (ID_DIRECCION, DETALLE_DIRECCION, ID_DISTRITO, ID_CANTON, ID_PROVINCIA, ID_PAIS, ID_USUARIO, ID_ESTADO) VALUES (42, 'Zona de entrenamiento', 42, 42, 42, 42, 142, 4);
INSERT INTO FIDE_DIRECCION_TB (ID_DIRECCION, DETALLE_DIRECCION, ID_DISTRITO, ID_CANTON, ID_PROVINCIA, ID_PAIS, ID_USUARIO, ID_ESTADO) VALUES (43, 'Centro de visitantes', 43, 43, 43, 43, 143, 12);
INSERT INTO FIDE_DIRECCION_TB (ID_DIRECCION, DETALLE_DIRECCION, ID_DISTRITO, ID_CANTON, ID_PROVINCIA, ID_PAIS, ID_USUARIO, ID_ESTADO) VALUES (44, 'Área de primeros auxilios', 44, 44, 44, 44, 144, 12);
INSERT INTO FIDE_DIRECCION_TB (ID_DIRECCION, DETALLE_DIRECCION, ID_DISTRITO, ID_CANTON, ID_PROVINCIA, ID_PAIS, ID_USUARIO, ID_ESTADO) VALUES (45, 'Junto al sistema de bombeo', 45, 45, 45, 45, 145, 5);
INSERT INTO FIDE_DIRECCION_TB (ID_DIRECCION, DETALLE_DIRECCION, ID_DISTRITO, ID_CANTON, ID_PROVINCIA, ID_PAIS, ID_USUARIO, ID_ESTADO) VALUES (46, 'Almacén de alimentos', 46, 46, 46, 46, 146, 11);
INSERT INTO FIDE_DIRECCION_TB (ID_DIRECCION, DETALLE_DIRECCION, ID_DISTRITO, ID_CANTON, ID_PROVINCIA, ID_PAIS, ID_USUARIO, ID_ESTADO) VALUES (47, 'Contiguo al túnel submarino', 47, 47, 47, 47, 147, 6);
INSERT INTO FIDE_DIRECCION_TB (ID_DIRECCION, DETALLE_DIRECCION, ID_DISTRITO, ID_CANTON, ID_PROVINCIA, ID_PAIS, ID_USUARIO, ID_ESTADO) VALUES (48, 'Zona de fotografía', 48, 48, 48, 48, 148, 5);
INSERT INTO FIDE_DIRECCION_TB (ID_DIRECCION, DETALLE_DIRECCION, ID_DISTRITO, ID_CANTON, ID_PROVINCIA, ID_PAIS, ID_USUARIO, ID_ESTADO) VALUES (49, 'Puerta 7, módulo de servicio', 49, 49, 49, 49, 149, 8);
INSERT INTO FIDE_DIRECCION_TB (ID_DIRECCION, DETALLE_DIRECCION, ID_DISTRITO, ID_CANTON, ID_PROVINCIA, ID_PAIS, ID_USUARIO, ID_ESTADO) VALUES (50, 'Sector noroeste, punto de control', 50, 50, 50, 50, 150, 12);


SELECT *FROM FIDE_DIRECCION_TB;


-----INSERCION TABLA USUARIO
INSERT INTO FIDE_USUARIO_TB (ID_USUARIO, NOMBRE, FECHA_REGISTRO, TELEFONO, CORREO, ID_ESTADO, ID_ROL) VALUES (101, 'Usuario_1', TO_DATE('2024-01-02', 'YYYY-MM-DD'), '8888-0001', 'usuario1@acuario.com', 12, 4);
INSERT INTO FIDE_USUARIO_TB (ID_USUARIO, NOMBRE, FECHA_REGISTRO, TELEFONO, CORREO, ID_ESTADO, ID_ROL) VALUES (102, 'Usuario_2', TO_DATE('2024-01-03', 'YYYY-MM-DD'), '8888-0002', 'usuario2@acuario.com', 2, 13);
INSERT INTO FIDE_USUARIO_TB (ID_USUARIO, NOMBRE, FECHA_REGISTRO, TELEFONO, CORREO, ID_ESTADO, ID_ROL) VALUES (103, 'Usuario_3', TO_DATE('2024-01-04', 'YYYY-MM-DD'), '8888-0003', 'usuario3@acuario.com', 3, 7);
INSERT INTO FIDE_USUARIO_TB (ID_USUARIO, NOMBRE, FECHA_REGISTRO, TELEFONO, CORREO, ID_ESTADO, ID_ROL) VALUES (104, 'Usuario_4', TO_DATE('2024-01-05', 'YYYY-MM-DD'), '8888-0004', 'usuario4@acuario.com', 11, 8);
INSERT INTO FIDE_USUARIO_TB (ID_USUARIO, NOMBRE, FECHA_REGISTRO, TELEFONO, CORREO, ID_ESTADO, ID_ROL) VALUES (105, 'Usuario_5', TO_DATE('2024-01-06', 'YYYY-MM-DD'), '8888-0005', 'usuario5@acuario.com', 5, 1);
INSERT INTO FIDE_USUARIO_TB (ID_USUARIO, NOMBRE, FECHA_REGISTRO, TELEFONO, CORREO, ID_ESTADO, ID_ROL) VALUES (106, 'Usuario_6', TO_DATE('2024-01-07', 'YYYY-MM-DD'), '8888-0006', 'usuario6@acuario.com', 9, 10);
INSERT INTO FIDE_USUARIO_TB (ID_USUARIO, NOMBRE, FECHA_REGISTRO, TELEFONO, CORREO, ID_ESTADO, ID_ROL) VALUES (107, 'Usuario_7', TO_DATE('2024-01-08', 'YYYY-MM-DD'), '8888-0007', 'usuario7@acuario.com', 7, 10);
INSERT INTO FIDE_USUARIO_TB (ID_USUARIO, NOMBRE, FECHA_REGISTRO, TELEFONO, CORREO, ID_ESTADO, ID_ROL) VALUES (108, 'Usuario_8', TO_DATE('2024-01-09', 'YYYY-MM-DD'), '8888-0008', 'usuario8@acuario.com', 7, 2);
INSERT INTO FIDE_USUARIO_TB (ID_USUARIO, NOMBRE, FECHA_REGISTRO, TELEFONO, CORREO, ID_ESTADO, ID_ROL) VALUES (109, 'Usuario_9', TO_DATE('2024-01-10', 'YYYY-MM-DD'), '8888-0009', 'usuario9@acuario.com', 7, 13);
INSERT INTO FIDE_USUARIO_TB (ID_USUARIO, NOMBRE, FECHA_REGISTRO, TELEFONO, CORREO, ID_ESTADO, ID_ROL) VALUES (110, 'Usuario_10', TO_DATE('2024-01-11', 'YYYY-MM-DD'), '8888-0010', 'usuario10@acuario.com', 10, 11);
INSERT INTO FIDE_USUARIO_TB (ID_USUARIO, NOMBRE, FECHA_REGISTRO, TELEFONO, CORREO, ID_ESTADO, ID_ROL) VALUES (111, 'Usuario_11', TO_DATE('2024-01-12', 'YYYY-MM-DD'), '8888-0011', 'usuario11@acuario.com', 6, 7);
INSERT INTO FIDE_USUARIO_TB (ID_USUARIO, NOMBRE, FECHA_REGISTRO, TELEFONO, CORREO, ID_ESTADO, ID_ROL) VALUES (112, 'Usuario_12', TO_DATE('2024-01-13', 'YYYY-MM-DD'), '8888-0012', 'usuario12@acuario.com', 9, 9);
INSERT INTO FIDE_USUARIO_TB (ID_USUARIO, NOMBRE, FECHA_REGISTRO, TELEFONO, CORREO, ID_ESTADO, ID_ROL) VALUES (113, 'Usuario_13', TO_DATE('2024-01-14', 'YYYY-MM-DD'), '8888-0013', 'usuario13@acuario.com', 7, 14);
INSERT INTO FIDE_USUARIO_TB (ID_USUARIO, NOMBRE, FECHA_REGISTRO, TELEFONO, CORREO, ID_ESTADO, ID_ROL) VALUES (114, 'Usuario_14', TO_DATE('2024-01-15', 'YYYY-MM-DD'), '8888-0014', 'usuario14@acuario.com', 6, 13);
INSERT INTO FIDE_USUARIO_TB (ID_USUARIO, NOMBRE, FECHA_REGISTRO, TELEFONO, CORREO, ID_ESTADO, ID_ROL) VALUES (115, 'Usuario_15', TO_DATE('2024-01-16', 'YYYY-MM-DD'), '8888-0015', 'usuario15@acuario.com', 3, 13);
INSERT INTO FIDE_USUARIO_TB (ID_USUARIO, NOMBRE, FECHA_REGISTRO, TELEFONO, CORREO, ID_ESTADO, ID_ROL) VALUES (116, 'Usuario_16', TO_DATE('2024-01-17', 'YYYY-MM-DD'), '8888-0016', 'usuario16@acuario.com', 10, 14);
INSERT INTO FIDE_USUARIO_TB (ID_USUARIO, NOMBRE, FECHA_REGISTRO, TELEFONO, CORREO, ID_ESTADO, ID_ROL) VALUES (117, 'Usuario_17', TO_DATE('2024-01-18', 'YYYY-MM-DD'), '8888-0017', 'usuario17@acuario.com', 6, 11);
INSERT INTO FIDE_USUARIO_TB (ID_USUARIO, NOMBRE, FECHA_REGISTRO, TELEFONO, CORREO, ID_ESTADO, ID_ROL) VALUES (118, 'Usuario_18', TO_DATE('2024-01-19', 'YYYY-MM-DD'), '8888-0018', 'usuario18@acuario.com', 11, 11);
INSERT INTO FIDE_USUARIO_TB (ID_USUARIO, NOMBRE, FECHA_REGISTRO, TELEFONO, CORREO, ID_ESTADO, ID_ROL) VALUES (119, 'Usuario_19', TO_DATE('2024-01-20', 'YYYY-MM-DD'), '8888-0019', 'usuario19@acuario.com', 10, 7);
INSERT INTO FIDE_USUARIO_TB (ID_USUARIO, NOMBRE, FECHA_REGISTRO, TELEFONO, CORREO, ID_ESTADO, ID_ROL) VALUES (120, 'Usuario_20', TO_DATE('2024-01-21', 'YYYY-MM-DD'), '8888-0020', 'usuario20@acuario.com', 11, 7);
INSERT INTO FIDE_USUARIO_TB (ID_USUARIO, NOMBRE, FECHA_REGISTRO, TELEFONO, CORREO, ID_ESTADO, ID_ROL) VALUES (121, 'Usuario_21', TO_DATE('2024-01-22', 'YYYY-MM-DD'), '8888-0021', 'usuario21@acuario.com', 10, 6);
INSERT INTO FIDE_USUARIO_TB (ID_USUARIO, NOMBRE, FECHA_REGISTRO, TELEFONO, CORREO, ID_ESTADO, ID_ROL) VALUES (122, 'Usuario_22', TO_DATE('2024-01-23', 'YYYY-MM-DD'), '8888-0022', 'usuario22@acuario.com', 5, 12);
INSERT INTO FIDE_USUARIO_TB (ID_USUARIO, NOMBRE, FECHA_REGISTRO, TELEFONO, CORREO, ID_ESTADO, ID_ROL) VALUES (123, 'Usuario_23', TO_DATE('2024-01-24', 'YYYY-MM-DD'), '8888-0023', 'usuario23@acuario.com', 13, 2);
INSERT INTO FIDE_USUARIO_TB (ID_USUARIO, NOMBRE, FECHA_REGISTRO, TELEFONO, CORREO, ID_ESTADO, ID_ROL) VALUES (124, 'Usuario_24', TO_DATE('2024-01-25', 'YYYY-MM-DD'), '8888-0024', 'usuario24@acuario.com', 1, 4);
INSERT INTO FIDE_USUARIO_TB (ID_USUARIO, NOMBRE, FECHA_REGISTRO, TELEFONO, CORREO, ID_ESTADO, ID_ROL) VALUES (125, 'Usuario_25', TO_DATE('2024-01-26', 'YYYY-MM-DD'), '8888-0025', 'usuario25@acuario.com', 2, 4);
INSERT INTO FIDE_USUARIO_TB (ID_USUARIO, NOMBRE, FECHA_REGISTRO, TELEFONO, CORREO, ID_ESTADO, ID_ROL) VALUES (126, 'Usuario_26', TO_DATE('2024-01-27', 'YYYY-MM-DD'), '8888-0026', 'usuario26@acuario.com', 4, 5);
INSERT INTO FIDE_USUARIO_TB (ID_USUARIO, NOMBRE, FECHA_REGISTRO, TELEFONO, CORREO, ID_ESTADO, ID_ROL) VALUES (127, 'Usuario_27', TO_DATE('2024-01-28', 'YYYY-MM-DD'), '8888-0027', 'usuario27@acuario.com', 9, 15);
INSERT INTO FIDE_USUARIO_TB (ID_USUARIO, NOMBRE, FECHA_REGISTRO, TELEFONO, CORREO, ID_ESTADO, ID_ROL) VALUES (128, 'Usuario_28', TO_DATE('2024-01-29', 'YYYY-MM-DD'), '8888-0028', 'usuario28@acuario.com', 1, 4);
INSERT INTO FIDE_USUARIO_TB (ID_USUARIO, NOMBRE, FECHA_REGISTRO, TELEFONO, CORREO, ID_ESTADO, ID_ROL) VALUES (129, 'Usuario_29', TO_DATE('2024-01-30', 'YYYY-MM-DD'), '8888-0029', 'usuario29@acuario.com', 6, 5);
INSERT INTO FIDE_USUARIO_TB (ID_USUARIO, NOMBRE, FECHA_REGISTRO, TELEFONO, CORREO, ID_ESTADO, ID_ROL) VALUES (130, 'Usuario_30', TO_DATE('2024-01-31', 'YYYY-MM-DD'), '8888-0030', 'usuario30@acuario.com', 3, 15);
INSERT INTO FIDE_USUARIO_TB (ID_USUARIO, NOMBRE, FECHA_REGISTRO, TELEFONO, CORREO, ID_ESTADO, ID_ROL) VALUES (131, 'Usuario_31', TO_DATE('2024-02-01', 'YYYY-MM-DD'), '8888-0031', 'usuario31@acuario.com', 7, 9);
INSERT INTO FIDE_USUARIO_TB (ID_USUARIO, NOMBRE, FECHA_REGISTRO, TELEFONO, CORREO, ID_ESTADO, ID_ROL) VALUES (132, 'Usuario_32', TO_DATE('2024-02-02', 'YYYY-MM-DD'), '8888-0032', 'usuario32@acuario.com', 7, 5);
INSERT INTO FIDE_USUARIO_TB (ID_USUARIO, NOMBRE, FECHA_REGISTRO, TELEFONO, CORREO, ID_ESTADO, ID_ROL) VALUES (133, 'Usuario_33', TO_DATE('2024-02-03', 'YYYY-MM-DD'), '8888-0033', 'usuario33@acuario.com', 13, 4);
INSERT INTO FIDE_USUARIO_TB (ID_USUARIO, NOMBRE, FECHA_REGISTRO, TELEFONO, CORREO, ID_ESTADO, ID_ROL) VALUES (134, 'Usuario_34', TO_DATE('2024-02-04', 'YYYY-MM-DD'), '8888-0034', 'usuario34@acuario.com', 7, 3);
INSERT INTO FIDE_USUARIO_TB (ID_USUARIO, NOMBRE, FECHA_REGISTRO, TELEFONO, CORREO, ID_ESTADO, ID_ROL) VALUES (135, 'Usuario_35', TO_DATE('2024-02-05', 'YYYY-MM-DD'), '8888-0035', 'usuario35@acuario.com', 6, 15);
INSERT INTO FIDE_USUARIO_TB (ID_USUARIO, NOMBRE, FECHA_REGISTRO, TELEFONO, CORREO, ID_ESTADO, ID_ROL) VALUES (136, 'Usuario_36', TO_DATE('2024-02-06', 'YYYY-MM-DD'), '8888-0036', 'usuario36@acuario.com', 11, 15);
INSERT INTO FIDE_USUARIO_TB (ID_USUARIO, NOMBRE, FECHA_REGISTRO, TELEFONO, CORREO, ID_ESTADO, ID_ROL) VALUES (137, 'Usuario_37', TO_DATE('2024-02-07', 'YYYY-MM-DD'), '8888-0037', 'usuario37@acuario.com', 7, 5);
INSERT INTO FIDE_USUARIO_TB (ID_USUARIO, NOMBRE, FECHA_REGISTRO, TELEFONO, CORREO, ID_ESTADO, ID_ROL) VALUES (138, 'Usuario_38', TO_DATE('2024-02-08', 'YYYY-MM-DD'), '8888-0038', 'usuario38@acuario.com', 7, 2);
INSERT INTO FIDE_USUARIO_TB (ID_USUARIO, NOMBRE, FECHA_REGISTRO, TELEFONO, CORREO, ID_ESTADO, ID_ROL) VALUES (139, 'Usuario_39', TO_DATE('2024-02-09', 'YYYY-MM-DD'), '8888-0039', 'usuario39@acuario.com', 6, 7);
INSERT INTO FIDE_USUARIO_TB (ID_USUARIO, NOMBRE, FECHA_REGISTRO, TELEFONO, CORREO, ID_ESTADO, ID_ROL) VALUES (140, 'Usuario_40', TO_DATE('2024-02-10', 'YYYY-MM-DD'), '8888-0040', 'usuario40@acuario.com', 1, 1);
INSERT INTO FIDE_USUARIO_TB (ID_USUARIO, NOMBRE, FECHA_REGISTRO, TELEFONO, CORREO, ID_ESTADO, ID_ROL) VALUES (141, 'Usuario_41', TO_DATE('2024-02-11', 'YYYY-MM-DD'), '8888-0041', 'usuario41@acuario.com', 7, 1);
INSERT INTO FIDE_USUARIO_TB (ID_USUARIO, NOMBRE, FECHA_REGISTRO, TELEFONO, CORREO, ID_ESTADO, ID_ROL) VALUES (142, 'Usuario_42', TO_DATE('2024-02-12', 'YYYY-MM-DD'), '8888-0042', 'usuario42@acuario.com', 10, 7);
INSERT INTO FIDE_USUARIO_TB (ID_USUARIO, NOMBRE, FECHA_REGISTRO, TELEFONO, CORREO, ID_ESTADO, ID_ROL) VALUES (143, 'Usuario_43', TO_DATE('2024-02-13', 'YYYY-MM-DD'), '8888-0043', 'usuario43@acuario.com', 10, 2);
INSERT INTO FIDE_USUARIO_TB (ID_USUARIO, NOMBRE, FECHA_REGISTRO, TELEFONO, CORREO, ID_ESTADO, ID_ROL) VALUES (144, 'Usuario_44', TO_DATE('2024-02-14', 'YYYY-MM-DD'), '8888-0044', 'usuario44@acuario.com', 10, 10);
INSERT INTO FIDE_USUARIO_TB (ID_USUARIO, NOMBRE, FECHA_REGISTRO, TELEFONO, CORREO, ID_ESTADO, ID_ROL) VALUES (145, 'Usuario_45', TO_DATE('2024-02-15', 'YYYY-MM-DD'), '8888-0045', 'usuario45@acuario.com', 4, 10);
INSERT INTO FIDE_USUARIO_TB (ID_USUARIO, NOMBRE, FECHA_REGISTRO, TELEFONO, CORREO, ID_ESTADO, ID_ROL) VALUES (146, 'Usuario_46', TO_DATE('2024-02-16', 'YYYY-MM-DD'), '8888-0046', 'usuario46@acuario.com', 2, 2);
INSERT INTO FIDE_USUARIO_TB (ID_USUARIO, NOMBRE, FECHA_REGISTRO, TELEFONO, CORREO, ID_ESTADO, ID_ROL) VALUES (147, 'Usuario_47', TO_DATE('2024-02-17', 'YYYY-MM-DD'), '8888-0047', 'usuario47@acuario.com', 11, 10);
INSERT INTO FIDE_USUARIO_TB (ID_USUARIO, NOMBRE, FECHA_REGISTRO, TELEFONO, CORREO, ID_ESTADO, ID_ROL) VALUES (148, 'Usuario_48', TO_DATE('2024-02-18', 'YYYY-MM-DD'), '8888-0048', 'usuario48@acuario.com', 11, 12);
INSERT INTO FIDE_USUARIO_TB (ID_USUARIO, NOMBRE, FECHA_REGISTRO, TELEFONO, CORREO, ID_ESTADO, ID_ROL) VALUES (149, 'Usuario_49', TO_DATE('2024-02-19', 'YYYY-MM-DD'), '8888-0049', 'usuario49@acuario.com', 3, 1);
INSERT INTO FIDE_USUARIO_TB (ID_USUARIO, NOMBRE, FECHA_REGISTRO, TELEFONO, CORREO, ID_ESTADO, ID_ROL) VALUES (150, 'Usuario_50', TO_DATE('2024-02-20', 'YYYY-MM-DD'), '8888-0050', 'usuario50@acuario.com', 5, 1);



-------INSERCION TABLA ROL---
INSERT INTO FIDE_USUARIO_TB (ID_USUARIO, NOMBRE, FECHA_REGISTRO, TELEFONO, CORREO, ID_ESTADO, ID_ROL) VALUES (101, 'Andrés', TO_DATE('2024-01-02', 'YYYY-MM-DD'), '8801-001', 'andrés@acuario.com', 3, 6);
INSERT INTO FIDE_USUARIO_TB (ID_USUARIO, NOMBRE, FECHA_REGISTRO, TELEFONO, CORREO, ID_ESTADO, ID_ROL) VALUES (102, 'Melany', TO_DATE('2024-01-03', 'YYYY-MM-DD'), '8802-002', 'melany@acuario.com', 10, 2);
INSERT INTO FIDE_USUARIO_TB (ID_USUARIO, NOMBRE, FECHA_REGISTRO, TELEFONO, CORREO, ID_ESTADO, ID_ROL) VALUES (103, 'Nataly', TO_DATE('2024-01-04', 'YYYY-MM-DD'), '8803-003', 'nataly@acuario.com', 2, 11);
INSERT INTO FIDE_USUARIO_TB (ID_USUARIO, NOMBRE, FECHA_REGISTRO, TELEFONO, CORREO, ID_ESTADO, ID_ROL) VALUES (104, 'Carlos', TO_DATE('2024-01-05', 'YYYY-MM-DD'), '8804-004', 'carlos@acuario.com', 5, 4);
INSERT INTO FIDE_USUARIO_TB (ID_USUARIO, NOMBRE, FECHA_REGISTRO, TELEFONO, CORREO, ID_ESTADO, ID_ROL) VALUES (105, 'Sofía', TO_DATE('2024-01-06', 'YYYY-MM-DD'), '8805-005', 'sofía@acuario.com', 2, 10);
INSERT INTO FIDE_USUARIO_TB (ID_USUARIO, NOMBRE, FECHA_REGISTRO, TELEFONO, CORREO, ID_ESTADO, ID_ROL) VALUES (106, 'Daniel', TO_DATE('2024-01-07', 'YYYY-MM-DD'), '8806-006', 'daniel@acuario.com', 10, 12);
INSERT INTO FIDE_USUARIO_TB (ID_USUARIO, NOMBRE, FECHA_REGISTRO, TELEFONO, CORREO, ID_ESTADO, ID_ROL) VALUES (107, 'Valeria', TO_DATE('2024-01-08', 'YYYY-MM-DD'), '8807-007', 'valeria@acuario.com', 8, 6);
INSERT INTO FIDE_USUARIO_TB (ID_USUARIO, NOMBRE, FECHA_REGISTRO, TELEFONO, CORREO, ID_ESTADO, ID_ROL) VALUES (108, 'José', TO_DATE('2024-01-09', 'YYYY-MM-DD'), '8808-008', 'josé@acuario.com', 12, 7);
INSERT INTO FIDE_USUARIO_TB (ID_USUARIO, NOMBRE, FECHA_REGISTRO, TELEFONO, CORREO, ID_ESTADO, ID_ROL) VALUES (109, 'María', TO_DATE('2024-01-10', 'YYYY-MM-DD'), '8809-009', 'maría@acuario.com', 6, 4);
INSERT INTO FIDE_USUARIO_TB (ID_USUARIO, NOMBRE, FECHA_REGISTRO, TELEFONO, CORREO, ID_ESTADO, ID_ROL) VALUES (110, 'Luis', TO_DATE('2024-01-11', 'YYYY-MM-DD'), '8810-000', 'luis@acuario.com', 11, 1);
INSERT INTO FIDE_USUARIO_TB (ID_USUARIO, NOMBRE, FECHA_REGISTRO, TELEFONO, CORREO, ID_ESTADO, ID_ROL) VALUES (111, 'Isabela', TO_DATE('2024-01-12', 'YYYY-MM-DD'), '8811-001', 'isabela@acuario.com', 10, 5);
INSERT INTO FIDE_USUARIO_TB (ID_USUARIO, NOMBRE, FECHA_REGISTRO, TELEFONO, CORREO, ID_ESTADO, ID_ROL) VALUES (112, 'Javier', TO_DATE('2024-01-13', 'YYYY-MM-DD'), '8812-002', 'javier@acuario.com', 1, 6);
INSERT INTO FIDE_USUARIO_TB (ID_USUARIO, NOMBRE, FECHA_REGISTRO, TELEFONO, CORREO, ID_ESTADO, ID_ROL) VALUES (113, 'Camila', TO_DATE('2024-01-14', 'YYYY-MM-DD'), '8813-003', 'camila@acuario.com', 11, 15);
INSERT INTO FIDE_USUARIO_TB (ID_USUARIO, NOMBRE, FECHA_REGISTRO, TELEFONO, CORREO, ID_ESTADO, ID_ROL) VALUES (114, 'Alejandro', TO_DATE('2024-01-15', 'YYYY-MM-DD'), '8814-004', 'alejandro@acuario.com', 6, 14);
INSERT INTO FIDE_USUARIO_TB (ID_USUARIO, NOMBRE, FECHA_REGISTRO, TELEFONO, CORREO, ID_ESTADO, ID_ROL) VALUES (115, 'Gabriela', TO_DATE('2024-01-16', 'YYYY-MM-DD'), '8815-005', 'gabriela@acuario.com', 9, 11);
INSERT INTO FIDE_USUARIO_TB (ID_USUARIO, NOMBRE, FECHA_REGISTRO, TELEFONO, CORREO, ID_ESTADO, ID_ROL) VALUES (116, 'Fernando', TO_DATE('2024-01-17', 'YYYY-MM-DD'), '8816-006', 'fernando@acuario.com', 12, 6);
INSERT INTO FIDE_USUARIO_TB (ID_USUARIO, NOMBRE, FECHA_REGISTRO, TELEFONO, CORREO, ID_ESTADO, ID_ROL) VALUES (117, 'Daniela', TO_DATE('2024-01-18', 'YYYY-MM-DD'), '8817-007', 'daniela@acuario.com', 9, 1);
INSERT INTO FIDE_USUARIO_TB (ID_USUARIO, NOMBRE, FECHA_REGISTRO, TELEFONO, CORREO, ID_ESTADO, ID_ROL) VALUES (118, 'Ricardo', TO_DATE('2024-01-19', 'YYYY-MM-DD'), '8818-008', 'ricardo@acuario.com', 2, 3);
INSERT INTO FIDE_USUARIO_TB (ID_USUARIO, NOMBRE, FECHA_REGISTRO, TELEFONO, CORREO, ID_ESTADO, ID_ROL) VALUES (119, 'Laura', TO_DATE('2024-01-20', 'YYYY-MM-DD'), '8819-009', 'laura@acuario.com', 6, 15);
INSERT INTO FIDE_USUARIO_TB (ID_USUARIO, NOMBRE, FECHA_REGISTRO, TELEFONO, CORREO, ID_ESTADO, ID_ROL) VALUES (120, 'Marco', TO_DATE('2024-01-21', 'YYYY-MM-DD'), '8820-000', 'marco@acuario.com', 6, 12);
INSERT INTO FIDE_USUARIO_TB (ID_USUARIO, NOMBRE, FECHA_REGISTRO, TELEFONO, CORREO, ID_ESTADO, ID_ROL) VALUES (121, 'Nicole', TO_DATE('2024-01-22', 'YYYY-MM-DD'), '8821-001', 'nicole@acuario.com', 9, 4);
INSERT INTO FIDE_USUARIO_TB (ID_USUARIO, NOMBRE, FECHA_REGISTRO, TELEFONO, CORREO, ID_ESTADO, ID_ROL) VALUES (122, 'Diego', TO_DATE('2024-01-23', 'YYYY-MM-DD'), '8822-002', 'diego@acuario.com', 12, 12);
INSERT INTO FIDE_USUARIO_TB (ID_USUARIO, NOMBRE, FECHA_REGISTRO, TELEFONO, CORREO, ID_ESTADO, ID_ROL) VALUES (123, 'Lucía', TO_DATE('2024-01-24', 'YYYY-MM-DD'), '8823-003', 'lucía@acuario.com', 12, 6);
INSERT INTO FIDE_USUARIO_TB (ID_USUARIO, NOMBRE, FECHA_REGISTRO, TELEFONO, CORREO, ID_ESTADO, ID_ROL) VALUES (124, 'Sebastián', TO_DATE('2024-01-25', 'YYYY-MM-DD'), '8824-004', 'sebastián@acuario.com', 2, 13);
INSERT INTO FIDE_USUARIO_TB (ID_USUARIO, NOMBRE, FECHA_REGISTRO, TELEFONO, CORREO, ID_ESTADO, ID_ROL) VALUES (125, 'Ana', TO_DATE('2024-01-26', 'YYYY-MM-DD'), '8825-005', 'ana@acuario.com', 8, 15);
INSERT INTO FIDE_USUARIO_TB (ID_USUARIO, NOMBRE, FECHA_REGISTRO, TELEFONO, CORREO, ID_ESTADO, ID_ROL) VALUES (126, 'David', TO_DATE('2024-01-27', 'YYYY-MM-DD'), '8826-006', 'david@acuario.com', 9, 3);
INSERT INTO FIDE_USUARIO_TB (ID_USUARIO, NOMBRE, FECHA_REGISTRO, TELEFONO, CORREO, ID_ESTADO, ID_ROL) VALUES (127, 'Jimena', TO_DATE('2024-01-28', 'YYYY-MM-DD'), '8827-007', 'jimena@acuario.com', 6, 4);
INSERT INTO FIDE_USUARIO_TB (ID_USUARIO, NOMBRE, FECHA_REGISTRO, TELEFONO, CORREO, ID_ESTADO, ID_ROL) VALUES (128, 'Cristian', TO_DATE('2024-01-29', 'YYYY-MM-DD'), '8828-008', 'cristian@acuario.com', 4, 15);
INSERT INTO FIDE_USUARIO_TB (ID_USUARIO, NOMBRE, FECHA_REGISTRO, TELEFONO, CORREO, ID_ESTADO, ID_ROL) VALUES (129, 'Pamela', TO_DATE('2024-01-30', 'YYYY-MM-DD'), '8829-009', 'pamela@acuario.com', 5, 12);
INSERT INTO FIDE_USUARIO_TB (ID_USUARIO, NOMBRE, FECHA_REGISTRO, TELEFONO, CORREO, ID_ESTADO, ID_ROL) VALUES (130, 'Enrique', TO_DATE('2024-01-31', 'YYYY-MM-DD'), '8830-000', 'enrique@acuario.com', 10, 10);
INSERT INTO FIDE_USUARIO_TB (ID_USUARIO, NOMBRE, FECHA_REGISTRO, TELEFONO, CORREO, ID_ESTADO, ID_ROL) VALUES (131, 'Alexa', TO_DATE('2024-02-01', 'YYYY-MM-DD'), '8831-001', 'alexa@acuario.com', 10, 7);
INSERT INTO FIDE_USUARIO_TB (ID_USUARIO, NOMBRE, FECHA_REGISTRO, TELEFONO, CORREO, ID_ESTADO, ID_ROL) VALUES (132, 'Mauricio', TO_DATE('2024-02-02', 'YYYY-MM-DD'), '8832-002', 'mauricio@acuario.com', 1, 9);
INSERT INTO FIDE_USUARIO_TB (ID_USUARIO, NOMBRE, FECHA_REGISTRO, TELEFONO, CORREO, ID_ESTADO, ID_ROL) VALUES (133, 'Bianca', TO_DATE('2024-02-03', 'YYYY-MM-DD'), '8833-003', 'bianca@acuario.com', 6, 2);
INSERT INTO FIDE_USUARIO_TB (ID_USUARIO, NOMBRE, FECHA_REGISTRO, TELEFONO, CORREO, ID_ESTADO, ID_ROL) VALUES (134, 'Pablo', TO_DATE('2024-02-04', 'YYYY-MM-DD'), '8834-004', 'pablo@acuario.com', 13, 5);
INSERT INTO FIDE_USUARIO_TB (ID_USUARIO, NOMBRE, FECHA_REGISTRO, TELEFONO, CORREO, ID_ESTADO, ID_ROL) VALUES (135, 'Karina', TO_DATE('2024-02-05', 'YYYY-MM-DD'), '8835-005', 'karina@acuario.com', 11, 14);
INSERT INTO FIDE_USUARIO_TB (ID_USUARIO, NOMBRE, FECHA_REGISTRO, TELEFONO, CORREO, ID_ESTADO, ID_ROL) VALUES (136, 'Kevin', TO_DATE('2024-02-06', 'YYYY-MM-DD'), '8836-006', 'kevin@acuario.com', 11, 2);
INSERT INTO FIDE_USUARIO_TB (ID_USUARIO, NOMBRE, FECHA_REGISTRO, TELEFONO, CORREO, ID_ESTADO, ID_ROL) VALUES (137, 'Mónica', TO_DATE('2024-02-07', 'YYYY-MM-DD'), '8837-007', 'mónica@acuario.com', 5, 10);
INSERT INTO FIDE_USUARIO_TB (ID_USUARIO, NOMBRE, FECHA_REGISTRO, TELEFONO, CORREO, ID_ESTADO, ID_ROL) VALUES (138, 'Allan', TO_DATE('2024-02-08', 'YYYY-MM-DD'), '8838-008', 'allan@acuario.com', 4, 12);
INSERT INTO FIDE_USUARIO_TB (ID_USUARIO, NOMBRE, FECHA_REGISTRO, TELEFONO, CORREO, ID_ESTADO, ID_ROL) VALUES (139, 'Elena', TO_DATE('2024-02-09', 'YYYY-MM-DD'), '8839-009', 'elena@acuario.com', 10, 3);
INSERT INTO FIDE_USUARIO_TB (ID_USUARIO, NOMBRE, FECHA_REGISTRO, TELEFONO, CORREO, ID_ESTADO, ID_ROL) VALUES (140, 'Esteban', TO_DATE('2024-02-10', 'YYYY-MM-DD'), '8840-000', 'esteban@acuario.com', 11, 3);
INSERT INTO FIDE_USUARIO_TB (ID_USUARIO, NOMBRE, FECHA_REGISTRO, TELEFONO, CORREO, ID_ESTADO, ID_ROL) VALUES (141, 'Michelle', TO_DATE('2024-02-11', 'YYYY-MM-DD'), '8841-001', 'michelle@acuario.com', 4, 2);
INSERT INTO FIDE_USUARIO_TB (ID_USUARIO, NOMBRE, FECHA_REGISTRO, TELEFONO, CORREO, ID_ESTADO, ID_ROL) VALUES (142, 'Jonathan', TO_DATE('2024-02-12', 'YYYY-MM-DD'), '8842-002', 'jonathan@acuario.com', 1, 5);
INSERT INTO FIDE_USUARIO_TB (ID_USUARIO, NOMBRE, FECHA_REGISTRO, TELEFONO, CORREO, ID_ESTADO, ID_ROL) VALUES (143, 'Juliana', TO_DATE('2024-02-13', 'YYYY-MM-DD'), '8843-003', 'juliana@acuario.com', 11, 4);
INSERT INTO FIDE_USUARIO_TB (ID_USUARIO, NOMBRE, FECHA_REGISTRO, TELEFONO, CORREO, ID_ESTADO, ID_ROL) VALUES (144, 'Tomás', TO_DATE('2024-02-14', 'YYYY-MM-DD'), '8844-004', 'tomás@acuario.com', 12, 11);
INSERT INTO FIDE_USUARIO_TB (ID_USUARIO, NOMBRE, FECHA_REGISTRO, TELEFONO, CORREO, ID_ESTADO, ID_ROL) VALUES (145, 'Paola', TO_DATE('2024-02-15', 'YYYY-MM-DD'), '8845-005', 'paola@acuario.com', 7, 14);
INSERT INTO FIDE_USUARIO_TB (ID_USUARIO, NOMBRE, FECHA_REGISTRO, TELEFONO, CORREO, ID_ESTADO, ID_ROL) VALUES (146, 'Manuel', TO_DATE('2024-02-16', 'YYYY-MM-DD'), '8846-006', 'manuel@acuario.com', 10, 1);
INSERT INTO FIDE_USUARIO_TB (ID_USUARIO, NOMBRE, FECHA_REGISTRO, TELEFONO, CORREO, ID_ESTADO, ID_ROL) VALUES (147, 'Adriana', TO_DATE('2024-02-17', 'YYYY-MM-DD'), '8847-007', 'adriana@acuario.com', 4, 11);
INSERT INTO FIDE_USUARIO_TB (ID_USUARIO, NOMBRE, FECHA_REGISTRO, TELEFONO, CORREO, ID_ESTADO, ID_ROL) VALUES (148, 'Eduardo', TO_DATE('2024-02-18', 'YYYY-MM-DD'), '8848-008', 'eduardo@acuario.com', 4, 4);
INSERT INTO FIDE_USUARIO_TB (ID_USUARIO, NOMBRE, FECHA_REGISTRO, TELEFONO, CORREO, ID_ESTADO, ID_ROL) VALUES (149, 'Melissa', TO_DATE('2024-02-19', 'YYYY-MM-DD'), '8849-009', 'melissa@acuario.com', 8, 13);
INSERT INTO FIDE_USUARIO_TB (ID_USUARIO, NOMBRE, FECHA_REGISTRO, TELEFONO, CORREO, ID_ESTADO, ID_ROL) VALUES (150, 'Fabián', TO_DATE('2024-02-20', 'YYYY-MM-DD'), '8850-000', 'fabián@acuario.com', 12, 14);




-----INSERCION TABLA EMPRESA--
INSERT INTO FIDE_EMPRESA_TB (ID_EMPRESA, NOMBRE_EMPRESA, TELEFONO, CORREO, ID_DIRECCION, ID_ESTADO) VALUES (1, 'AquaVida S.A.', '22001-001', 'aquavidasa@acuario.com', 1, 12);
INSERT INTO FIDE_EMPRESA_TB (ID_EMPRESA, NOMBRE_EMPRESA, TELEFONO, CORREO, ID_DIRECCION, ID_ESTADO) VALUES (2, 'Oceanarium CR', '22002-002', 'oceanariumcr@acuario.com', 2, 9);
INSERT INTO FIDE_EMPRESA_TB (ID_EMPRESA, NOMBRE_EMPRESA, TELEFONO, CORREO, ID_DIRECCION, ID_ESTADO) VALUES (3, 'Mar y Tierra Ltda.', '22003-003', 'marytierraltda@acuario.com', 3, 5);
INSERT INTO FIDE_EMPRESA_TB (ID_EMPRESA, NOMBRE_EMPRESA, TELEFONO, CORREO, ID_DIRECCION, ID_ESTADO) VALUES (4, 'Reino Marino', '22004-004', 'reinomarino@acuario.com', 4, 6);
INSERT INTO FIDE_EMPRESA_TB (ID_EMPRESA, NOMBRE_EMPRESA, TELEFONO, CORREO, ID_DIRECCION, ID_ESTADO) VALUES (5, 'EcoAcuario Tropical', '22005-005', 'ecoacuariotropical@acuario.com', 5, 5);
INSERT INTO FIDE_EMPRESA_TB (ID_EMPRESA, NOMBRE_EMPRESA, TELEFONO, CORREO, ID_DIRECCION, ID_ESTADO) VALUES (6, 'Corales del Sur', '22006-006', 'coralesdelsur@acuario.com', 6, 10);
INSERT INTO FIDE_EMPRESA_TB (ID_EMPRESA, NOMBRE_EMPRESA, TELEFONO, CORREO, ID_DIRECCION, ID_ESTADO) VALUES (7, 'Acuaventuras', '22007-007', 'acuaventuras@acuario.com', 7, 10);
INSERT INTO FIDE_EMPRESA_TB (ID_EMPRESA, NOMBRE_EMPRESA, TELEFONO, CORREO, ID_DIRECCION, ID_ESTADO) VALUES (8, 'Mundo Submarino', '22008-008', 'mundosubmarino@acuario.com', 8, 6);
INSERT INTO FIDE_EMPRESA_TB (ID_EMPRESA, NOMBRE_EMPRESA, TELEFONO, CORREO, ID_DIRECCION, ID_ESTADO) VALUES (9, 'Mar Azul Acuarios', '22009-009', 'marazulacuarios@acuario.com', 9, 8);
INSERT INTO FIDE_EMPRESA_TB (ID_EMPRESA, NOMBRE_EMPRESA, TELEFONO, CORREO, ID_DIRECCION, ID_ESTADO) VALUES (10, 'Acuatech Innovations', '22010-000', 'acuatechinnovations@acuario.com', 10, 5);
INSERT INTO FIDE_EMPRESA_TB (ID_EMPRESA, NOMBRE_EMPRESA, TELEFONO, CORREO, ID_DIRECCION, ID_ESTADO) VALUES (11, 'Aqualandia', '22011-001', 'aqualandia@acuario.com', 11, 1);
INSERT INTO FIDE_EMPRESA_TB (ID_EMPRESA, NOMBRE_EMPRESA, TELEFONO, CORREO, ID_DIRECCION, ID_ESTADO) VALUES (12, 'Vida Marina S.A.', '22012-002', 'vidamarinasa@acuario.com', 12, 3);
INSERT INTO FIDE_EMPRESA_TB (ID_EMPRESA, NOMBRE_EMPRESA, TELEFONO, CORREO, ID_DIRECCION, ID_ESTADO) VALUES (13, 'Planeta Acuático', '22013-003', 'planetaacuatico@acuario.com', 13, 13);
INSERT INTO FIDE_EMPRESA_TB (ID_EMPRESA, NOMBRE_EMPRESA, TELEFONO, CORREO, ID_DIRECCION, ID_ESTADO) VALUES (14, 'Burbujas del Caribe', '22014-004', 'burbujasdelcaribe@acuario.com', 14, 10);
INSERT INTO FIDE_EMPRESA_TB (ID_EMPRESA, NOMBRE_EMPRESA, TELEFONO, CORREO, ID_DIRECCION, ID_ESTADO) VALUES (15, 'Tropical Reef Ltda.', '22015-005', 'tropicalreefltda@acuario.com', 15, 4);
INSERT INTO FIDE_EMPRESA_TB (ID_EMPRESA, NOMBRE_EMPRESA, TELEFONO, CORREO, ID_DIRECCION, ID_ESTADO) VALUES (16, 'Oceánica Costa Rica', '22016-006', 'oceanicacostarica@acuario.com', 16, 10);
INSERT INTO FIDE_EMPRESA_TB (ID_EMPRESA, NOMBRE_EMPRESA, TELEFONO, CORREO, ID_DIRECCION, ID_ESTADO) VALUES (17, 'Aquaria EcoPark', '22017-007', 'aquariaecopark@acuario.com', 17, 3);
INSERT INTO FIDE_EMPRESA_TB (ID_EMPRESA, NOMBRE_EMPRESA, TELEFONO, CORREO, ID_DIRECCION, ID_ESTADO) VALUES (18, 'CoralVivo CR', '22018-008', 'coralvivocr@acuario.com', 18, 6);
INSERT INTO FIDE_EMPRESA_TB (ID_EMPRESA, NOMBRE_EMPRESA, TELEFONO, CORREO, ID_DIRECCION, ID_ESTADO) VALUES (19, 'NaturaAqua', '22019-009', 'naturaaqua@acuario.com', 19, 4);
INSERT INTO FIDE_EMPRESA_TB (ID_EMPRESA, NOMBRE_EMPRESA, TELEFONO, CORREO, ID_DIRECCION, ID_ESTADO) VALUES (20, 'BlueSea Dynamics', '22020-000', 'blueseadynamics@acuario.com', 20, 1);
INSERT INTO FIDE_EMPRESA_TB (ID_EMPRESA, NOMBRE_EMPRESA, TELEFONO, CORREO, ID_DIRECCION, ID_ESTADO) VALUES (21, 'Acuarios Atlántida', '22021-001', 'acuariosatlantida@acuario.com', 21, 13);
INSERT INTO FIDE_EMPRESA_TB (ID_EMPRESA, NOMBRE_EMPRESA, TELEFONO, CORREO, ID_DIRECCION, ID_ESTADO) VALUES (22, 'Pacific AquaWorld', '22022-002', 'pacificaquaworld@acuario.com', 22, 7);
INSERT INTO FIDE_EMPRESA_TB (ID_EMPRESA, NOMBRE_EMPRESA, TELEFONO, CORREO, ID_DIRECCION, ID_ESTADO) VALUES (23, 'BioAqua Systems', '22023-003', 'bioaquasystems@acuario.com', 23, 8);
INSERT INTO FIDE_EMPRESA_TB (ID_EMPRESA, NOMBRE_EMPRESA, TELEFONO, CORREO, ID_DIRECCION, ID_ESTADO) VALUES (24, 'Cristal Marino', '22024-004', 'cristalmarino@acuario.com', 24, 1);
INSERT INTO FIDE_EMPRESA_TB (ID_EMPRESA, NOMBRE_EMPRESA, TELEFONO, CORREO, ID_DIRECCION, ID_ESTADO) VALUES (25, 'Reef World', '22025-005', 'reefworld@acuario.com', 25, 3);
INSERT INTO FIDE_EMPRESA_TB (ID_EMPRESA, NOMBRE_EMPRESA, TELEFONO, CORREO, ID_DIRECCION, ID_ESTADO) VALUES (26, 'Acuamagic', '22026-006', 'acuamagic@acuario.com', 26, 9);
INSERT INTO FIDE_EMPRESA_TB (ID_EMPRESA, NOMBRE_EMPRESA, TELEFONO, CORREO, ID_DIRECCION, ID_ESTADO) VALUES (27, 'Ecosistemas Marinos', '22027-007', 'ecosistemasmarinos@acuario.com', 27, 3);
INSERT INTO FIDE_EMPRESA_TB (ID_EMPRESA, NOMBRE_EMPRESA, TELEFONO, CORREO, ID_DIRECCION, ID_ESTADO) VALUES (28, 'Mar Interior S.A.', '22028-008', 'marinteriorsa@acuario.com', 28, 8);
INSERT INTO FIDE_EMPRESA_TB (ID_EMPRESA, NOMBRE_EMPRESA, TELEFONO, CORREO, ID_DIRECCION, ID_ESTADO) VALUES (29, 'Océano y Ciencia', '22029-009', 'oceanoyciencia@acuario.com', 29, 13);
INSERT INTO FIDE_EMPRESA_TB (ID_EMPRESA, NOMBRE_EMPRESA, TELEFONO, CORREO, ID_DIRECCION, ID_ESTADO) VALUES (30, 'OceanLife CR', '22030-000', 'oceanlifecr@acuario.com', 30, 7);
INSERT INTO FIDE_EMPRESA_TB (ID_EMPRESA, NOMBRE_EMPRESA, TELEFONO, CORREO, ID_DIRECCION, ID_ESTADO) VALUES (31, 'Agua Clara Ltda.', '22031-001', 'aguaclaraltda@acuario.com', 31, 1);
INSERT INTO FIDE_EMPRESA_TB (ID_EMPRESA, NOMBRE_EMPRESA, TELEFONO, CORREO, ID_DIRECCION, ID_ESTADO) VALUES (32, 'Mar Profundo', '22032-002', 'marprofundo@acuario.com', 32, 5);
INSERT INTO FIDE_EMPRESA_TB (ID_EMPRESA, NOMBRE_EMPRESA, TELEFONO, CORREO, ID_DIRECCION, ID_ESTADO) VALUES (33, 'ExploraAcuarios', '22033-003', 'exploraacuarios@acuario.com', 33, 8);
INSERT INTO FIDE_EMPRESA_TB (ID_EMPRESA, NOMBRE_EMPRESA, TELEFONO, CORREO, ID_DIRECCION, ID_ESTADO) VALUES (34, 'Coral Dreams', '22034-004', 'coraldreams@acuario.com', 34, 11);
INSERT INTO FIDE_EMPRESA_TB (ID_EMPRESA, NOMBRE_EMPRESA, TELEFONO, CORREO, ID_DIRECCION, ID_ESTADO) VALUES (35, 'Reino Coralino', '22035-005', 'reinocoralino@acuario.com', 35, 5);
INSERT INTO FIDE_EMPRESA_TB (ID_EMPRESA, NOMBRE_EMPRESA, TELEFONO, CORREO, ID_DIRECCION, ID_ESTADO) VALUES (36, 'BlueDrop Ltda.', '22036-006', 'bluedropltda@acuario.com', 36, 1);
INSERT INTO FIDE_EMPRESA_TB (ID_EMPRESA, NOMBRE_EMPRESA, TELEFONO, CORREO, ID_DIRECCION, ID_ESTADO) VALUES (37, 'Zoológico Marino', '22037-007', 'zoologicomarino@acuario.com', 37, 13);
INSERT INTO FIDE_EMPRESA_TB (ID_EMPRESA, NOMBRE_EMPRESA, TELEFONO, CORREO, ID_DIRECCION, ID_ESTADO) VALUES (38, 'Aquatecnia Avanzada', '22038-008', 'aquatecniaavanzada@acuario.com', 38, 4);
INSERT INTO FIDE_EMPRESA_TB (ID_EMPRESA, NOMBRE_EMPRESA, TELEFONO, CORREO, ID_DIRECCION, ID_ESTADO) VALUES (39, 'Mar y Vida', '22039-009', 'maryvida@acuario.com', 39, 3);
INSERT INTO FIDE_EMPRESA_TB (ID_EMPRESA, NOMBRE_EMPRESA, TELEFONO, CORREO, ID_DIRECCION, ID_ESTADO) VALUES (40, 'EcoReef Innovaciones', '22040-000', 'ecoreefinnovaciones@acuario.com', 40, 13);
INSERT INTO FIDE_EMPRESA_TB (ID_EMPRESA, NOMBRE_EMPRESA, TELEFONO, CORREO, ID_DIRECCION, ID_ESTADO) VALUES (41, 'OceanView Costa Rica', '22041-001', 'oceanviewcostarica@acuario.com', 41, 8);
INSERT INTO FIDE_EMPRESA_TB (ID_EMPRESA, NOMBRE_EMPRESA, TELEFONO, CORREO, ID_DIRECCION, ID_ESTADO) VALUES (42, 'Acuasoluciones', '22042-002', 'acuasoluciones@acuario.com', 42, 1);
INSERT INTO FIDE_EMPRESA_TB (ID_EMPRESA, NOMBRE_EMPRESA, TELEFONO, CORREO, ID_DIRECCION, ID_ESTADO) VALUES (43, 'Nautilus CR', '22043-003', 'nautiluscr@acuario.com', 43, 2);
INSERT INTO FIDE_EMPRESA_TB (ID_EMPRESA, NOMBRE_EMPRESA, TELEFONO, CORREO, ID_DIRECCION, ID_ESTADO) VALUES (44, 'Acuaterra', '22044-004', 'acuaterra@acuario.com', 44, 10);
INSERT INTO FIDE_EMPRESA_TB (ID_EMPRESA, NOMBRE_EMPRESA, TELEFONO, CORREO, ID_DIRECCION, ID_ESTADO) VALUES (45, 'DeepBlue Research', '22045-005', 'deepblueresearch@acuario.com', 45, 2);
INSERT INTO FIDE_EMPRESA_TB (ID_EMPRESA, NOMBRE_EMPRESA, TELEFONO, CORREO, ID_DIRECCION, ID_ESTADO) VALUES (46, 'Aquazone CR', '22046-006', 'aquazonecr@acuario.com', 46, 4);
INSERT INTO FIDE_EMPRESA_TB (ID_EMPRESA, NOMBRE_EMPRESA, TELEFONO, CORREO, ID_DIRECCION, ID_ESTADO) VALUES (47, 'CoralCare', '22047-007', 'coralcare@acuario.com', 47, 4);
INSERT INTO FIDE_EMPRESA_TB (ID_EMPRESA, NOMBRE_EMPRESA, TELEFONO, CORREO, ID_DIRECCION, ID_ESTADO) VALUES (48, 'HydroAcuario', '22048-008', 'hydroacuario@acuario.com', 48, 5);
INSERT INTO FIDE_EMPRESA_TB (ID_EMPRESA, NOMBRE_EMPRESA, TELEFONO, CORREO, ID_DIRECCION, ID_ESTADO) VALUES (49, 'Mares Tropicales', '22049-009', 'marestropicales@acuario.com', 49, 1);
INSERT INTO FIDE_EMPRESA_TB (ID_EMPRESA, NOMBRE_EMPRESA, TELEFONO, CORREO, ID_DIRECCION, ID_ESTADO) VALUES (50, 'AquaNaturaleza', '22050-000', 'aquanaturaleza@acuario.com', 50, 7);
SELECT*FROM  FIDE_EMPRESA_TB ;


