--Insert de los metodos de pago
INSERT INTO FIDE_METODO_PAGO_TB (ID_METODO_PAGO, NOMBRE_METODO_PAGO, ID_ESTADO) 
VALUES (1, 'Efectivo', 1);

INSERT INTO FIDE_METODO_PAGO_TB (ID_METODO_PAGO, NOMBRE_METODO_PAGO, ID_ESTADO) 
VALUES (2, 'Tarjeta de Crédito', 1);

INSERT INTO FIDE_METODO_PAGO_TB (ID_METODO_PAGO, NOMBRE_METODO_PAGO, ID_ESTADO) 
VALUES (3, 'Tarjeta de Débito', 1);

INSERT INTO FIDE_METODO_PAGO_TB (ID_METODO_PAGO, NOMBRE_METODO_PAGO, ID_ESTADO) 
VALUES (4, 'Transferencia Bancaria', 1);

INSERT INTO FIDE_METODO_PAGO_TB (ID_METODO_PAGO, NOMBRE_METODO_PAGO, ID_ESTADO) 
VALUES (5, 'Sinpe Móvil', 1);

INSERT INTO FIDE_METODO_PAGO_TB (ID_METODO_PAGO, NOMBRE_METODO_PAGO, ID_ESTADO) 
VALUES (6, 'Cheque', 2);

INSERT INTO FIDE_METODO_PAGO_TB (ID_METODO_PAGO, NOMBRE_METODO_PAGO, ID_ESTADO) 
VALUES (7, 'PayPal', 1);

INSERT INTO FIDE_METODO_PAGO_TB (ID_METODO_PAGO, NOMBRE_METODO_PAGO, ID_ESTADO) 
VALUES (8, 'Bitcoin', 2);

--inserts de la tabla factura
INSERT INTO FIDE_FACTURA_TB (ID_FACTURA, FECHA_REGISTRO, MONTO_TOTAL, SUBTOTAL, IVA, DESCUENTO, ID_USUARIO, ID_METODO_PAGO, ID_ESTADO) VALUES (1, TO_DATE('2025-01-13', 'YYYY-MM-DD'), 53393.72, 48726.41, 6334.43, 1667.12, 9, 6, 1);
INSERT INTO FIDE_FACTURA_TB (ID_FACTURA, FECHA_REGISTRO, MONTO_TOTAL, SUBTOTAL, IVA, DESCUENTO, ID_USUARIO, ID_METODO_PAGO, ID_ESTADO) VALUES (2, TO_DATE('2025-02-26', 'YYYY-MM-DD'), 30241.420000000002, 28082.02, 3650.66, 1491.26, 9, 7, 1);
INSERT INTO FIDE_FACTURA_TB (ID_FACTURA, FECHA_REGISTRO, MONTO_TOTAL, SUBTOTAL, IVA, DESCUENTO, ID_USUARIO, ID_METODO_PAGO, ID_ESTADO) VALUES (3, TO_DATE('2024-12-15', 'YYYY-MM-DD'), 85895.73000000001, 77282.96, 10046.78, 1434.01, 8, 7, 2);
INSERT INTO FIDE_FACTURA_TB (ID_FACTURA, FECHA_REGISTRO, MONTO_TOTAL, SUBTOTAL, IVA, DESCUENTO, ID_USUARIO, ID_METODO_PAGO, ID_ESTADO) VALUES (4, TO_DATE('2024-07-28', 'YYYY-MM-DD'), 46956.16, 41816.83, 5436.19, 296.86, 7, 7, 1);
INSERT INTO FIDE_FACTURA_TB (ID_FACTURA, FECHA_REGISTRO, MONTO_TOTAL, SUBTOTAL, IVA, DESCUENTO, ID_USUARIO, ID_METODO_PAGO, ID_ESTADO) VALUES (5, TO_DATE('2025-02-05', 'YYYY-MM-DD'), 34855.280000000006, 32489.52, 4223.64, 1857.88, 3, 7, 2);
INSERT INTO FIDE_FACTURA_TB (ID_FACTURA, FECHA_REGISTRO, MONTO_TOTAL, SUBTOTAL, IVA, DESCUENTO, ID_USUARIO, ID_METODO_PAGO, ID_ESTADO) VALUES (6, TO_DATE('2024-09-09', 'YYYY-MM-DD'), 14979.97, 14358.32, 1866.58, 1244.93, 4, 2, 1);
INSERT INTO FIDE_FACTURA_TB (ID_FACTURA, FECHA_REGISTRO, MONTO_TOTAL, SUBTOTAL, IVA, DESCUENTO, ID_USUARIO, ID_METODO_PAGO, ID_ESTADO) VALUES (7, TO_DATE('2024-08-05', 'YYYY-MM-DD'), 20700.489999999998, 19955.37, 2594.2, 1849.08, 8, 8, 2);
INSERT INTO FIDE_FACTURA_TB (ID_FACTURA, FECHA_REGISTRO, MONTO_TOTAL, SUBTOTAL, IVA, DESCUENTO, ID_USUARIO, ID_METODO_PAGO, ID_ESTADO) VALUES (8, TO_DATE('2024-10-14', 'YYYY-MM-DD'), 20408.83, 19138.33, 2487.98, 1217.48, 2, 7, 2);
INSERT INTO FIDE_FACTURA_TB (ID_FACTURA, FECHA_REGISTRO, MONTO_TOTAL, SUBTOTAL, IVA, DESCUENTO, ID_USUARIO, ID_METODO_PAGO, ID_ESTADO) VALUES (9, TO_DATE('2025-05-19', 'YYYY-MM-DD'), 93927.75, 88434.82, 11496.53, 6003.6, 3, 7, 2);
INSERT INTO FIDE_FACTURA_TB (ID_FACTURA, FECHA_REGISTRO, MONTO_TOTAL, SUBTOTAL, IVA, DESCUENTO, ID_USUARIO, ID_METODO_PAGO, ID_ESTADO) VALUES (10, TO_DATE('2024-08-17', 'YYYY-MM-DD'), 9710.45, 8683.04, 1128.8, 101.39, 1, 2, 2);
INSERT INTO FIDE_FACTURA_TB (ID_FACTURA, FECHA_REGISTRO, MONTO_TOTAL, SUBTOTAL, IVA, DESCUENTO, ID_USUARIO, ID_METODO_PAGO, ID_ESTADO) VALUES (11, TO_DATE('2024-09-20', 'YYYY-MM-DD'), 14207.52, 13754.51, 1788.09, 1335.08, 5, 4, 1);
INSERT INTO FIDE_FACTURA_TB (ID_FACTURA, FECHA_REGISTRO, MONTO_TOTAL, SUBTOTAL, IVA, DESCUENTO, ID_USUARIO, ID_METODO_PAGO, ID_ESTADO) VALUES (12, TO_DATE('2024-12-17', 'YYYY-MM-DD'), 45347.37, 43381.11, 5639.54, 3673.28, 3, 7, 2);
INSERT INTO FIDE_FACTURA_TB (ID_FACTURA, FECHA_REGISTRO, MONTO_TOTAL, SUBTOTAL, IVA, DESCUENTO, ID_USUARIO, ID_METODO_PAGO, ID_ESTADO) VALUES (13, TO_DATE('2024-09-05', 'YYYY-MM-DD'), 12975.89, 12164.82, 1581.43, 770.36, 10, 7, 2);
INSERT INTO FIDE_FACTURA_TB (ID_FACTURA, FECHA_REGISTRO, MONTO_TOTAL, SUBTOTAL, IVA, DESCUENTO, ID_USUARIO, ID_METODO_PAGO, ID_ESTADO) VALUES (14, TO_DATE('2025-01-19', 'YYYY-MM-DD'), 53044.8, 50363.43, 6547.25, 3865.88, 8, 5, 2);
INSERT INTO FIDE_FACTURA_TB (ID_FACTURA, FECHA_REGISTRO, MONTO_TOTAL, SUBTOTAL, IVA, DESCUENTO, ID_USUARIO, ID_METODO_PAGO, ID_ESTADO) VALUES (15, TO_DATE('2025-03-09', 'YYYY-MM-DD'), 11359.49, 10298.05, 1338.75, 277.31, 6, 8, 2);
INSERT INTO FIDE_FACTURA_TB (ID_FACTURA, FECHA_REGISTRO, MONTO_TOTAL, SUBTOTAL, IVA, DESCUENTO, ID_USUARIO, ID_METODO_PAGO, ID_ESTADO) VALUES (16, TO_DATE('2024-10-08', 'YYYY-MM-DD'), 74432.5, 66577.74, 8655.11, 800.35, 6, 3, 2);
INSERT INTO FIDE_FACTURA_TB (ID_FACTURA, FECHA_REGISTRO, MONTO_TOTAL, SUBTOTAL, IVA, DESCUENTO, ID_USUARIO, ID_METODO_PAGO, ID_ESTADO) VALUES (17, TO_DATE('2024-11-15', 'YYYY-MM-DD'), 11183.76, 9966.45, 1295.64, 78.33, 9, 3, 2);
INSERT INTO FIDE_FACTURA_TB (ID_FACTURA, FECHA_REGISTRO, MONTO_TOTAL, SUBTOTAL, IVA, DESCUENTO, ID_USUARIO, ID_METODO_PAGO, ID_ESTADO) VALUES (18, TO_DATE('2025-04-26', 'YYYY-MM-DD'), 5925.87, 5505.54, 715.72, 295.39, 1, 8, 2);
INSERT INTO FIDE_FACTURA_TB (ID_FACTURA, FECHA_REGISTRO, MONTO_TOTAL, SUBTOTAL, IVA, DESCUENTO, ID_USUARIO, ID_METODO_PAGO, ID_ESTADO) VALUES (19, TO_DATE('2025-04-16', 'YYYY-MM-DD'), 58683.63, 53855.37, 7001.2, 2172.94, 5, 7, 2);
INSERT INTO FIDE_FACTURA_TB (ID_FACTURA, FECHA_REGISTRO, MONTO_TOTAL, SUBTOTAL, IVA, DESCUENTO, ID_USUARIO, ID_METODO_PAGO, ID_ESTADO) VALUES (20, TO_DATE('2025-01-13', 'YYYY-MM-DD'), 35251.049999999996, 32382.77, 4209.76, 1341.48, 4, 4, 2);
INSERT INTO FIDE_FACTURA_TB (ID_FACTURA, FECHA_REGISTRO, MONTO_TOTAL, SUBTOTAL, IVA, DESCUENTO, ID_USUARIO, ID_METODO_PAGO, ID_ESTADO) VALUES (21, TO_DATE('2025-06-19', 'YYYY-MM-DD'), 53021.490000000005, 49963.41, 6495.24, 3437.16, 4, 2, 1);
INSERT INTO FIDE_FACTURA_TB (ID_FACTURA, FECHA_REGISTRO, MONTO_TOTAL, SUBTOTAL, IVA, DESCUENTO, ID_USUARIO, ID_METODO_PAGO, ID_ESTADO) VALUES (22, TO_DATE('2025-05-28', 'YYYY-MM-DD'), 24165.67, 22729.17, 2954.79, 1518.29, 8, 6, 2);
INSERT INTO FIDE_FACTURA_TB (ID_FACTURA, FECHA_REGISTRO, MONTO_TOTAL, SUBTOTAL, IVA, DESCUENTO, ID_USUARIO, ID_METODO_PAGO, ID_ESTADO) VALUES (23, TO_DATE('2025-03-02', 'YYYY-MM-DD'), 7986.01, 7681.66, 998.62, 694.27, 10, 7, 1);
INSERT INTO FIDE_FACTURA_TB (ID_FACTURA, FECHA_REGISTRO, MONTO_TOTAL, SUBTOTAL, IVA, DESCUENTO, ID_USUARIO, ID_METODO_PAGO, ID_ESTADO) VALUES (24, TO_DATE('2025-05-20', 'YYYY-MM-DD'), 37835.549999999996, 35710.7, 4642.39, 2517.54, 4, 1, 2);
INSERT INTO FIDE_FACTURA_TB (ID_FACTURA, FECHA_REGISTRO, MONTO_TOTAL, SUBTOTAL, IVA, DESCUENTO, ID_USUARIO, ID_METODO_PAGO, ID_ESTADO) VALUES (25, TO_DATE('2025-05-05', 'YYYY-MM-DD'), 71954.14, 66719.81, 8673.58, 3439.25, 2, 2, 1);
INSERT INTO FIDE_FACTURA_TB (ID_FACTURA, FECHA_REGISTRO, MONTO_TOTAL, SUBTOTAL, IVA, DESCUENTO, ID_USUARIO, ID_METODO_PAGO, ID_ESTADO) VALUES (26, TO_DATE('2024-07-26', 'YYYY-MM-DD'), 30901.84, 29556.96, 3842.4, 2497.52, 7, 4, 1);
INSERT INTO FIDE_FACTURA_TB (ID_FACTURA, FECHA_REGISTRO, MONTO_TOTAL, SUBTOTAL, IVA, DESCUENTO, ID_USUARIO, ID_METODO_PAGO, ID_ESTADO) VALUES (27, TO_DATE('2025-04-24', 'YYYY-MM-DD'), 57211.0, 50937.71, 6621.9, 348.61, 2, 7, 1);
INSERT INTO FIDE_FACTURA_TB (ID_FACTURA, FECHA_REGISTRO, MONTO_TOTAL, SUBTOTAL, IVA, DESCUENTO, ID_USUARIO, ID_METODO_PAGO, ID_ESTADO) VALUES (28, TO_DATE('2025-01-02', 'YYYY-MM-DD'), 17500.5, 15511.69, 2016.52, 27.71, 8, 1, 2);
INSERT INTO FIDE_FACTURA_TB (ID_FACTURA, FECHA_REGISTRO, MONTO_TOTAL, SUBTOTAL, IVA, DESCUENTO, ID_USUARIO, ID_METODO_PAGO, ID_ESTADO) VALUES (29, TO_DATE('2024-11-06', 'YYYY-MM-DD'), 80495.78000000001, 73683.47, 9578.85, 2766.54, 2, 8, 1);
INSERT INTO FIDE_FACTURA_TB (ID_FACTURA, FECHA_REGISTRO, MONTO_TOTAL, SUBTOTAL, IVA, DESCUENTO, ID_USUARIO, ID_METODO_PAGO, ID_ESTADO) VALUES (30, TO_DATE('2025-02-26', 'YYYY-MM-DD'), 11020.14, 10062.15, 1308.08, 350.09, 8, 7, 2);
INSERT INTO FIDE_FACTURA_TB (ID_FACTURA, FECHA_REGISTRO, MONTO_TOTAL, SUBTOTAL, IVA, DESCUENTO, ID_USUARIO, ID_METODO_PAGO, ID_ESTADO) VALUES (31, TO_DATE('2025-03-31', 'YYYY-MM-DD'), 100356.37000000001, 92402.96, 12012.38, 4058.97, 7, 7, 1);
INSERT INTO FIDE_FACTURA_TB (ID_FACTURA, FECHA_REGISTRO, MONTO_TOTAL, SUBTOTAL, IVA, DESCUENTO, ID_USUARIO, ID_METODO_PAGO, ID_ESTADO) VALUES (32, TO_DATE('2025-07-17', 'YYYY-MM-DD'), 82118.14000000001, 77495.96, 10074.47, 5452.29, 6, 5, 1);
INSERT INTO FIDE_FACTURA_TB (ID_FACTURA, FECHA_REGISTRO, MONTO_TOTAL, SUBTOTAL, IVA, DESCUENTO, ID_USUARIO, ID_METODO_PAGO, ID_ESTADO) VALUES (33, TO_DATE('2025-05-07', 'YYYY-MM-DD'), 71393.73999999999, 68845.17, 8949.87, 6401.3, 2, 6, 1);
INSERT INTO FIDE_FACTURA_TB (ID_FACTURA, FECHA_REGISTRO, MONTO_TOTAL, SUBTOTAL, IVA, DESCUENTO, ID_USUARIO, ID_METODO_PAGO, ID_ESTADO) VALUES (34, TO_DATE('2025-02-28', 'YYYY-MM-DD'), 91578.67, 86147.08, 11199.12, 5767.53, 10, 1, 1);
INSERT INTO FIDE_FACTURA_TB (ID_FACTURA, FECHA_REGISTRO, MONTO_TOTAL, SUBTOTAL, IVA, DESCUENTO, ID_USUARIO, ID_METODO_PAGO, ID_ESTADO) VALUES (35, TO_DATE('2025-03-18', 'YYYY-MM-DD'), 62522.94, 60280.6, 7836.48, 5594.14, 9, 4, 1);
INSERT INTO FIDE_FACTURA_TB (ID_FACTURA, FECHA_REGISTRO, MONTO_TOTAL, SUBTOTAL, IVA, DESCUENTO, ID_USUARIO, ID_METODO_PAGO, ID_ESTADO) VALUES (36, TO_DATE('2025-07-10', 'YYYY-MM-DD'), 91739.87, 84598.26, 10997.77, 3856.16, 7, 4, 2);
INSERT INTO FIDE_FACTURA_TB (ID_FACTURA, FECHA_REGISTRO, MONTO_TOTAL, SUBTOTAL, IVA, DESCUENTO, ID_USUARIO, ID_METODO_PAGO, ID_ESTADO) VALUES (37, TO_DATE('2025-03-22', 'YYYY-MM-DD'), 42966.090000000004, 40393.62, 5251.17, 2678.7, 9, 8, 1);
INSERT INTO FIDE_FACTURA_TB (ID_FACTURA, FECHA_REGISTRO, MONTO_TOTAL, SUBTOTAL, IVA, DESCUENTO, ID_USUARIO, ID_METODO_PAGO, ID_ESTADO) VALUES (38, TO_DATE('2024-09-12', 'YYYY-MM-DD'), 32619.190000000002, 29411.76, 3823.53, 616.1, 8, 6, 2);
INSERT INTO FIDE_FACTURA_TB (ID_FACTURA, FECHA_REGISTRO, MONTO_TOTAL, SUBTOTAL, IVA, DESCUENTO, ID_USUARIO, ID_METODO_PAGO, ID_ESTADO) VALUES (39, TO_DATE('2025-04-20', 'YYYY-MM-DD'), 24400.8, 22580.05, 2935.41, 1114.66, 3, 2, 2);
INSERT INTO FIDE_FACTURA_TB (ID_FACTURA, FECHA_REGISTRO, MONTO_TOTAL, SUBTOTAL, IVA, DESCUENTO, ID_USUARIO, ID_METODO_PAGO, ID_ESTADO) VALUES (40, TO_DATE('2025-06-27', 'YYYY-MM-DD'), 35454.54, 33518.73, 4357.43, 2421.62, 5, 8, 2);
INSERT INTO FIDE_FACTURA_TB (ID_FACTURA, FECHA_REGISTRO, MONTO_TOTAL, SUBTOTAL, IVA, DESCUENTO, ID_USUARIO, ID_METODO_PAGO, ID_ESTADO) VALUES (41, TO_DATE('2025-06-05', 'YYYY-MM-DD'), 57291.16, 54530.73, 7088.99, 4328.56, 6, 1, 1);
INSERT INTO FIDE_FACTURA_TB (ID_FACTURA, FECHA_REGISTRO, MONTO_TOTAL, SUBTOTAL, IVA, DESCUENTO, ID_USUARIO, ID_METODO_PAGO, ID_ESTADO) VALUES (42, TO_DATE('2025-06-11', 'YYYY-MM-DD'), 109051.05, 96991.45, 12608.89, 549.29, 2, 7, 2);
INSERT INTO FIDE_FACTURA_TB (ID_FACTURA, FECHA_REGISTRO, MONTO_TOTAL, SUBTOTAL, IVA, DESCUENTO, ID_USUARIO, ID_METODO_PAGO, ID_ESTADO) VALUES (43, TO_DATE('2025-07-02', 'YYYY-MM-DD'), 2164.92, 2093.88, 272.2, 201.16, 8, 3, 1);
INSERT INTO FIDE_FACTURA_TB (ID_FACTURA, FECHA_REGISTRO, MONTO_TOTAL, SUBTOTAL, IVA, DESCUENTO, ID_USUARIO, ID_METODO_PAGO, ID_ESTADO) VALUES (44, TO_DATE('2025-05-29', 'YYYY-MM-DD'), 4648.090000000001, 4394.72, 571.31, 317.94, 6, 6, 1);
INSERT INTO FIDE_FACTURA_TB (ID_FACTURA, FECHA_REGISTRO, MONTO_TOTAL, SUBTOTAL, IVA, DESCUENTO, ID_USUARIO, ID_METODO_PAGO, ID_ESTADO) VALUES (45, TO_DATE('2024-11-08', 'YYYY-MM-DD'), 66775.70999999999, 60815.77, 7906.05, 1946.11, 5, 8, 2);
INSERT INTO FIDE_FACTURA_TB (ID_FACTURA, FECHA_REGISTRO, MONTO_TOTAL, SUBTOTAL, IVA, DESCUENTO, ID_USUARIO, ID_METODO_PAGO, ID_ESTADO) VALUES (46, TO_DATE('2024-12-11', 'YYYY-MM-DD'), 71358.20999999999, 67569.29, 8784.01, 4995.09, 10, 3, 2);
INSERT INTO FIDE_FACTURA_TB (ID_FACTURA, FECHA_REGISTRO, MONTO_TOTAL, SUBTOTAL, IVA, DESCUENTO, ID_USUARIO, ID_METODO_PAGO, ID_ESTADO) VALUES (47, TO_DATE('2025-01-18', 'YYYY-MM-DD'), 107040.79000000001, 99207.62, 12896.99, 5063.82, 6, 1, 2);
INSERT INTO FIDE_FACTURA_TB (ID_FACTURA, FECHA_REGISTRO, MONTO_TOTAL, SUBTOTAL, IVA, DESCUENTO, ID_USUARIO, ID_METODO_PAGO, ID_ESTADO) VALUES (48, TO_DATE('2025-02-05', 'YYYY-MM-DD'), 25914.73, 23498.61, 3054.82, 638.7, 6, 8, 2);
INSERT INTO FIDE_FACTURA_TB (ID_FACTURA, FECHA_REGISTRO, MONTO_TOTAL, SUBTOTAL, IVA, DESCUENTO, ID_USUARIO, ID_METODO_PAGO, ID_ESTADO) VALUES (49, TO_DATE('2025-02-24', 'YYYY-MM-DD'), 52399.11, 49649.57, 6454.44, 3704.9, 5, 3, 1);
INSERT INTO FIDE_FACTURA_TB (ID_FACTURA, FECHA_REGISTRO, MONTO_TOTAL, SUBTOTAL, IVA, DESCUENTO, ID_USUARIO, ID_METODO_PAGO, ID_ESTADO) VALUES (50, TO_DATE('2025-02-06', 'YYYY-MM-DD'), 21003.35, 19646.44, 2554.04, 1197.13, 3, 7, 1);


--inserts de la tabla detalle factura
INSERT INTO FIDE_DETALLE_FACTURA_TB (ID_DETALLE, CANTIDAD, PRECIO_UNITARIO, TOTAL, ID_FACTURA, ID_PRODUCTO, ID_ESTADO) VALUES (1, 5, 1180.62, 5903.1, 9, 10, 2);
INSERT INTO FIDE_DETALLE_FACTURA_TB (ID_DETALLE, CANTIDAD, PRECIO_UNITARIO, TOTAL, ID_FACTURA, ID_PRODUCTO, ID_ESTADO) VALUES (2, 4, 9312.16, 37248.64, 9, 6, 2);
INSERT INTO FIDE_DETALLE_FACTURA_TB (ID_DETALLE, CANTIDAD, PRECIO_UNITARIO, TOTAL, ID_FACTURA, ID_PRODUCTO, ID_ESTADO) VALUES (3, 10, 5666.04, 56660.4, 50, 16, 2);
INSERT INTO FIDE_DETALLE_FACTURA_TB (ID_DETALLE, CANTIDAD, PRECIO_UNITARIO, TOTAL, ID_FACTURA, ID_PRODUCTO, ID_ESTADO) VALUES (4, 8, 1936.46, 15491.68, 26, 3, 1);
INSERT INTO FIDE_DETALLE_FACTURA_TB (ID_DETALLE, CANTIDAD, PRECIO_UNITARIO, TOTAL, ID_FACTURA, ID_PRODUCTO, ID_ESTADO) VALUES (5, 6, 3775.43, 22652.58, 7, 5, 1);
INSERT INTO FIDE_DETALLE_FACTURA_TB (ID_DETALLE, CANTIDAD, PRECIO_UNITARIO, TOTAL, ID_FACTURA, ID_PRODUCTO, ID_ESTADO) VALUES (6, 1, 6604.17, 6604.17, 14, 15, 2);
INSERT INTO FIDE_DETALLE_FACTURA_TB (ID_DETALLE, CANTIDAD, PRECIO_UNITARIO, TOTAL, ID_FACTURA, ID_PRODUCTO, ID_ESTADO) VALUES (7, 9, 6156.22, 55405.98, 30, 7, 2);
INSERT INTO FIDE_DETALLE_FACTURA_TB (ID_DETALLE, CANTIDAD, PRECIO_UNITARIO, TOTAL, ID_FACTURA, ID_PRODUCTO, ID_ESTADO) VALUES (8, 3, 7694.95, 23084.85, 21, 3, 2);
INSERT INTO FIDE_DETALLE_FACTURA_TB (ID_DETALLE, CANTIDAD, PRECIO_UNITARIO, TOTAL, ID_FACTURA, ID_PRODUCTO, ID_ESTADO) VALUES (9, 3, 1967.05, 5901.15, 23, 5, 1);
INSERT INTO FIDE_DETALLE_FACTURA_TB (ID_DETALLE, CANTIDAD, PRECIO_UNITARIO, TOTAL, ID_FACTURA, ID_PRODUCTO, ID_ESTADO) VALUES (10, 4, 5487.8, 21951.2, 45, 13, 2);
INSERT INTO FIDE_DETALLE_FACTURA_TB (ID_DETALLE, CANTIDAD, PRECIO_UNITARIO, TOTAL, ID_FACTURA, ID_PRODUCTO, ID_ESTADO) VALUES (11, 6, 7725.87, 46355.22, 6, 9, 2);
INSERT INTO FIDE_DETALLE_FACTURA_TB (ID_DETALLE, CANTIDAD, PRECIO_UNITARIO, TOTAL, ID_FACTURA, ID_PRODUCTO, ID_ESTADO) VALUES (12, 1, 3706.9, 3706.9, 26, 6, 2);
INSERT INTO FIDE_DETALLE_FACTURA_TB (ID_DETALLE, CANTIDAD, PRECIO_UNITARIO, TOTAL, ID_FACTURA, ID_PRODUCTO, ID_ESTADO) VALUES (13, 7, 1317.25, 9220.75, 29, 7, 1);
INSERT INTO FIDE_DETALLE_FACTURA_TB (ID_DETALLE, CANTIDAD, PRECIO_UNITARIO, TOTAL, ID_FACTURA, ID_PRODUCTO, ID_ESTADO) VALUES (14, 3, 7511.97, 22535.91, 16, 10, 1);
INSERT INTO FIDE_DETALLE_FACTURA_TB (ID_DETALLE, CANTIDAD, PRECIO_UNITARIO, TOTAL, ID_FACTURA, ID_PRODUCTO, ID_ESTADO) VALUES (15, 9, 7142.99, 64286.91, 36, 2, 1);
INSERT INTO FIDE_DETALLE_FACTURA_TB (ID_DETALLE, CANTIDAD, PRECIO_UNITARIO, TOTAL, ID_FACTURA, ID_PRODUCTO, ID_ESTADO) VALUES (16, 2, 1421.9, 2843.8, 5, 18, 2);
INSERT INTO FIDE_DETALLE_FACTURA_TB (ID_DETALLE, CANTIDAD, PRECIO_UNITARIO, TOTAL, ID_FACTURA, ID_PRODUCTO, ID_ESTADO) VALUES (17, 9, 8856.35, 79707.15, 32, 4, 1);
INSERT INTO FIDE_DETALLE_FACTURA_TB (ID_DETALLE, CANTIDAD, PRECIO_UNITARIO, TOTAL, ID_FACTURA, ID_PRODUCTO, ID_ESTADO) VALUES (18, 6, 6411.31, 38467.86, 8, 5, 1);
INSERT INTO FIDE_DETALLE_FACTURA_TB (ID_DETALLE, CANTIDAD, PRECIO_UNITARIO, TOTAL, ID_FACTURA, ID_PRODUCTO, ID_ESTADO) VALUES (19, 2, 6966.96, 13933.92, 44, 13, 2);
INSERT INTO FIDE_DETALLE_FACTURA_TB (ID_DETALLE, CANTIDAD, PRECIO_UNITARIO, TOTAL, ID_FACTURA, ID_PRODUCTO, ID_ESTADO) VALUES (20, 6, 6837.17, 41023.02, 47, 12, 1);
INSERT INTO FIDE_DETALLE_FACTURA_TB (ID_DETALLE, CANTIDAD, PRECIO_UNITARIO, TOTAL, ID_FACTURA, ID_PRODUCTO, ID_ESTADO) VALUES (21, 7, 7795.08, 54565.56, 25, 8, 1);
INSERT INTO FIDE_DETALLE_FACTURA_TB (ID_DETALLE, CANTIDAD, PRECIO_UNITARIO, TOTAL, ID_FACTURA, ID_PRODUCTO, ID_ESTADO) VALUES (22, 6, 7655.52, 45933.12, 33, 18, 2);
INSERT INTO FIDE_DETALLE_FACTURA_TB (ID_DETALLE, CANTIDAD, PRECIO_UNITARIO, TOTAL, ID_FACTURA, ID_PRODUCTO, ID_ESTADO) VALUES (23, 8, 3086.36, 24690.88, 23, 15, 2);
INSERT INTO FIDE_DETALLE_FACTURA_TB (ID_DETALLE, CANTIDAD, PRECIO_UNITARIO, TOTAL, ID_FACTURA, ID_PRODUCTO, ID_ESTADO) VALUES (24, 9, 8611.3, 77501.7, 6, 9, 1);
INSERT INTO FIDE_DETALLE_FACTURA_TB (ID_DETALLE, CANTIDAD, PRECIO_UNITARIO, TOTAL, ID_FACTURA, ID_PRODUCTO, ID_ESTADO) VALUES (25, 10, 3481.38, 34813.8, 2, 10, 2);
INSERT INTO FIDE_DETALLE_FACTURA_TB (ID_DETALLE, CANTIDAD, PRECIO_UNITARIO, TOTAL, ID_FACTURA, ID_PRODUCTO, ID_ESTADO) VALUES (26, 6, 1391.02, 8346.12, 45, 12, 2);
INSERT INTO FIDE_DETALLE_FACTURA_TB (ID_DETALLE, CANTIDAD, PRECIO_UNITARIO, TOTAL, ID_FACTURA, ID_PRODUCTO, ID_ESTADO) VALUES (27, 3, 993.0, 2979.0, 47, 12, 1);
INSERT INTO FIDE_DETALLE_FACTURA_TB (ID_DETALLE, CANTIDAD, PRECIO_UNITARIO, TOTAL, ID_FACTURA, ID_PRODUCTO, ID_ESTADO) VALUES (28, 3, 3742.41, 11227.23, 38, 9, 2);
INSERT INTO FIDE_DETALLE_FACTURA_TB (ID_DETALLE, CANTIDAD, PRECIO_UNITARIO, TOTAL, ID_FACTURA, ID_PRODUCTO, ID_ESTADO) VALUES (29, 4, 6676.12, 26704.48, 38, 14, 1);
INSERT INTO FIDE_DETALLE_FACTURA_TB (ID_DETALLE, CANTIDAD, PRECIO_UNITARIO, TOTAL, ID_FACTURA, ID_PRODUCTO, ID_ESTADO) VALUES (30, 7, 4033.61, 28235.27, 47, 9, 2);
INSERT INTO FIDE_DETALLE_FACTURA_TB (ID_DETALLE, CANTIDAD, PRECIO_UNITARIO, TOTAL, ID_FACTURA, ID_PRODUCTO, ID_ESTADO) VALUES (31, 9, 4793.46, 43141.14, 23, 3, 2);
INSERT INTO FIDE_DETALLE_FACTURA_TB (ID_DETALLE, CANTIDAD, PRECIO_UNITARIO, TOTAL, ID_FACTURA, ID_PRODUCTO, ID_ESTADO) VALUES (32, 9, 7166.0, 64494.0, 49, 17, 2);
INSERT INTO FIDE_DETALLE_FACTURA_TB (ID_DETALLE, CANTIDAD, PRECIO_UNITARIO, TOTAL, ID_FACTURA, ID_PRODUCTO, ID_ESTADO) VALUES (33, 4, 5489.09, 21956.36, 40, 7, 1);
INSERT INTO FIDE_DETALLE_FACTURA_TB (ID_DETALLE, CANTIDAD, PRECIO_UNITARIO, TOTAL, ID_FACTURA, ID_PRODUCTO, ID_ESTADO) VALUES (34, 10, 973.15, 9731.5, 31, 18, 1);
INSERT INTO FIDE_DETALLE_FACTURA_TB (ID_DETALLE, CANTIDAD, PRECIO_UNITARIO, TOTAL, ID_FACTURA, ID_PRODUCTO, ID_ESTADO) VALUES (35, 10, 5487.66, 54876.6, 39, 11, 1);
INSERT INTO FIDE_DETALLE_FACTURA_TB (ID_DETALLE, CANTIDAD, PRECIO_UNITARIO, TOTAL, ID_FACTURA, ID_PRODUCTO, ID_ESTADO) VALUES (36, 8, 6014.22, 48113.76, 5, 9, 2);
INSERT INTO FIDE_DETALLE_FACTURA_TB (ID_DETALLE, CANTIDAD, PRECIO_UNITARIO, TOTAL, ID_FACTURA, ID_PRODUCTO, ID_ESTADO) VALUES (37, 9, 6854.18, 61687.62, 1, 20, 1);
INSERT INTO FIDE_DETALLE_FACTURA_TB (ID_DETALLE, CANTIDAD, PRECIO_UNITARIO, TOTAL, ID_FACTURA, ID_PRODUCTO, ID_ESTADO) VALUES (38, 3, 604.18, 1812.54, 2, 15, 1);
INSERT INTO FIDE_DETALLE_FACTURA_TB (ID_DETALLE, CANTIDAD, PRECIO_UNITARIO, TOTAL, ID_FACTURA, ID_PRODUCTO, ID_ESTADO) VALUES (39, 6, 3815.47, 22892.82, 19, 20, 2);
INSERT INTO FIDE_DETALLE_FACTURA_TB (ID_DETALLE, CANTIDAD, PRECIO_UNITARIO, TOTAL, ID_FACTURA, ID_PRODUCTO, ID_ESTADO) VALUES (40, 8, 6523.94, 52191.52, 41, 5, 1);
INSERT INTO FIDE_DETALLE_FACTURA_TB (ID_DETALLE, CANTIDAD, PRECIO_UNITARIO, TOTAL, ID_FACTURA, ID_PRODUCTO, ID_ESTADO) VALUES (41, 6, 9567.21, 57403.26, 35, 17, 2);
INSERT INTO FIDE_DETALLE_FACTURA_TB (ID_DETALLE, CANTIDAD, PRECIO_UNITARIO, TOTAL, ID_FACTURA, ID_PRODUCTO, ID_ESTADO) VALUES (42, 6, 9246.15, 55476.9, 34, 7, 1);
INSERT INTO FIDE_DETALLE_FACTURA_TB (ID_DETALLE, CANTIDAD, PRECIO_UNITARIO, TOTAL, ID_FACTURA, ID_PRODUCTO, ID_ESTADO) VALUES (43, 9, 6378.92, 57410.28, 27, 14, 1);
INSERT INTO FIDE_DETALLE_FACTURA_TB (ID_DETALLE, CANTIDAD, PRECIO_UNITARIO, TOTAL, ID_FACTURA, ID_PRODUCTO, ID_ESTADO) VALUES (44, 7, 5907.13, 41349.91, 5, 17, 1);
INSERT INTO FIDE_DETALLE_FACTURA_TB (ID_DETALLE, CANTIDAD, PRECIO_UNITARIO, TOTAL, ID_FACTURA, ID_PRODUCTO, ID_ESTADO) VALUES (45, 1, 6224.62, 6224.62, 38, 3, 1);
INSERT INTO FIDE_DETALLE_FACTURA_TB (ID_DETALLE, CANTIDAD, PRECIO_UNITARIO, TOTAL, ID_FACTURA, ID_PRODUCTO, ID_ESTADO) VALUES (46, 1, 4844.5, 4844.5, 35, 17, 1);
INSERT INTO FIDE_DETALLE_FACTURA_TB (ID_DETALLE, CANTIDAD, PRECIO_UNITARIO, TOTAL, ID_FACTURA, ID_PRODUCTO, ID_ESTADO) VALUES (47, 10, 9944.88, 99448.8, 12, 11, 1);
INSERT INTO FIDE_DETALLE_FACTURA_TB (ID_DETALLE, CANTIDAD, PRECIO_UNITARIO, TOTAL, ID_FACTURA, ID_PRODUCTO, ID_ESTADO) VALUES (48, 8, 8765.38, 70123.04, 7, 11, 2);
INSERT INTO FIDE_DETALLE_FACTURA_TB (ID_DETALLE, CANTIDAD, PRECIO_UNITARIO, TOTAL, ID_FACTURA, ID_PRODUCTO, ID_ESTADO) VALUES (49, 5, 1516.96, 7584.8, 17, 3, 2);
INSERT INTO FIDE_DETALLE_FACTURA_TB (ID_DETALLE, CANTIDAD, PRECIO_UNITARIO, TOTAL, ID_FACTURA, ID_PRODUCTO, ID_ESTADO) VALUES (50, 10, 8468.75, 84687.5, 28, 4, 2);