INSERT INTO FIDE_EMPRESA_TB (ID_EMPRESA, NOMBRE_EMPRESA, TELEFONO, CORREO, ID_DIRECCION, ID_ESTADO)
VALUES (1, 'Coral Corp.', '2222-1001', 'coralcorp@acuario.com', 1, 1);

INSERT INTO FIDE_EMPRESA_TB (ID_EMPRESA, NOMBRE_EMPRESA, TELEFONO, CORREO, ID_DIRECCION, ID_ESTADO)
VALUES (2, 'Marea Alta Solutions', '2222-1002', 'mareaaltasolutions@acuario.com', 2, 1);

INSERT INTO FIDE_EMPRESA_TB (ID_EMPRESA, NOMBRE_EMPRESA, TELEFONO, CORREO, ID_DIRECCION, ID_ESTADO)
VALUES (3, 'Marino Solutions', '2222-1003', 'marinosolutions@acuario.com', 3, 1);

INSERT INTO FIDE_EMPRESA_TB (ID_EMPRESA, NOMBRE_EMPRESA, TELEFONO, CORREO, ID_DIRECCION, ID_ESTADO)
VALUES (4, 'Anémona International', '2222-1004', 'anemonainternational@acuario.com', 4, 1);

INSERT INTO FIDE_EMPRESA_TB (ID_EMPRESA, NOMBRE_EMPRESA, TELEFONO, CORREO, ID_DIRECCION, ID_ESTADO)
VALUES (5, 'Sirena S.A.', '2222-1005', 'sirenasa@acuario.com', 5, 1);

INSERT INTO FIDE_EMPRESA_TB (ID_EMPRESA, NOMBRE_EMPRESA, TELEFONO, CORREO, ID_DIRECCION, ID_ESTADO)
VALUES (6, 'Estrella Marina International', '2222-1006', 'estrellamarinainternational@acuario.com', 6, 1);

INSERT INTO FIDE_EMPRESA_TB (ID_EMPRESA, NOMBRE_EMPRESA, TELEFONO, CORREO, ID_DIRECCION, ID_ESTADO)
VALUES (7, 'Refugio Marino Corp.', '2222-1007', 'refugiomarinocorp@acuario.com', 7, 1);

INSERT INTO FIDE_EMPRESA_TB (ID_EMPRESA, NOMBRE_EMPRESA, TELEFONO, CORREO, ID_DIRECCION, ID_ESTADO)
VALUES (8, 'Pacífico Solutions', '2222-1008', 'pacificosolutions@acuario.com', 8, 1);

INSERT INTO FIDE_EMPRESA_TB (ID_EMPRESA, NOMBRE_EMPRESA, TELEFONO, CORREO, ID_DIRECCION, ID_ESTADO)
VALUES (9, 'Vida Marina Solutions', '2222-1009', 'vidamarinasolutions@acuario.com', 9, 1);

INSERT INTO FIDE_EMPRESA_TB (ID_EMPRESA, NOMBRE_EMPRESA, TELEFONO, CORREO, ID_DIRECCION, ID_ESTADO)
VALUES (10, 'Caballito de Mar Ltda.', '2222-1010', 'caballitodemarltda@acuario.com', 10, 1);

INSERT INTO FIDE_EMPRESA_TB (ID_EMPRESA, NOMBRE_EMPRESA, TELEFONO, CORREO, ID_DIRECCION, ID_ESTADO)
VALUES (11, 'Blue Waters Ltda.', '2222-1011', 'bluewatersltda@acuario.com', 11, 1);

INSERT INTO FIDE_EMPRESA_TB (ID_EMPRESA, NOMBRE_EMPRESA, TELEFONO, CORREO, ID_DIRECCION, ID_ESTADO)
VALUES (12, 'Coral S.A.', '2222-1012', 'coralsa@acuario.com', 12, 1);

INSERT INTO FIDE_EMPRESA_TB (ID_EMPRESA, NOMBRE_EMPRESA, TELEFONO, CORREO, ID_DIRECCION, ID_ESTADO)
VALUES (13, 'Perla Marina Group', '2222-1013', 'perlamarinagroup@acuario.com', 13, 1);

INSERT INTO FIDE_EMPRESA_TB (ID_EMPRESA, NOMBRE_EMPRESA, TELEFONO, CORREO, ID_DIRECCION, ID_ESTADO)
VALUES (14, 'Brisa Marina Corp.', '2222-1014', 'brisamarinacorp@acuario.com', 14, 1);

INSERT INTO FIDE_EMPRESA_TB (ID_EMPRESA, NOMBRE_EMPRESA, TELEFONO, CORREO, ID_DIRECCION, ID_ESTADO)
VALUES (15, 'Tiburón Blanco S.A.', '2222-1015', 'tiburonblancosa@acuario.com', 15, 1);

INSERT INTO FIDE_EMPRESA_TB (ID_EMPRESA, NOMBRE_EMPRESA, TELEFONO, CORREO, ID_DIRECCION, ID_ESTADO)
VALUES (16, 'Brisa Marina Group', '2222-1016', 'brisamarinagroup@acuario.com', 16, 1);

INSERT INTO FIDE_EMPRESA_TB (ID_EMPRESA, NOMBRE_EMPRESA, TELEFONO, CORREO, ID_DIRECCION, ID_ESTADO)
VALUES (17, 'Acuario S.A.', '2222-1017', 'acuariosa@acuario.com', 17, 1);

INSERT INTO FIDE_EMPRESA_TB (ID_EMPRESA, NOMBRE_EMPRESA, TELEFONO, CORREO, ID_DIRECCION, ID_ESTADO)
VALUES (18, 'Vida Marina Ltda.', '2222-1018', 'vidamarinaltda@acuario.com', 18, 1);

INSERT INTO FIDE_EMPRESA_TB (ID_EMPRESA, NOMBRE_EMPRESA, TELEFONO, CORREO, ID_DIRECCION, ID_ESTADO)
VALUES (19, 'Reef Life Ltda.', '2222-1019', 'reeflifeltda@acuario.com', 19, 1);

INSERT INTO FIDE_EMPRESA_TB (ID_EMPRESA, NOMBRE_EMPRESA, TELEFONO, CORREO, ID_DIRECCION, ID_ESTADO)
VALUES (20, 'Perla Marina International', '2222-1020', 'perlamarinainternational@acuario.com', 20, 1);

INSERT INTO FIDE_EMPRESA_TB (ID_EMPRESA, NOMBRE_EMPRESA, TELEFONO, CORREO, ID_DIRECCION, ID_ESTADO)
VALUES (21, 'Tridente International', '2222-1021', 'tridenteinternational@acuario.com', 21, 1);

INSERT INTO FIDE_EMPRESA_TB (ID_EMPRESA, NOMBRE_EMPRESA, TELEFONO, CORREO, ID_DIRECCION, ID_ESTADO)
VALUES (22, 'Poseidón International', '2222-1022', 'poseidoninternational@acuario.com', 22, 1);

INSERT INTO FIDE_EMPRESA_TB (ID_EMPRESA, NOMBRE_EMPRESA, TELEFONO, CORREO, ID_DIRECCION, ID_ESTADO)
VALUES (23, 'Nautilus Ltda.', '2222-1023', 'nautilusltda@acuario.com', 23, 1);

INSERT INTO FIDE_EMPRESA_TB (ID_EMPRESA, NOMBRE_EMPRESA, TELEFONO, CORREO, ID_DIRECCION, ID_ESTADO)
VALUES (24, 'Delfín Azul Corp.', '2222-1024', 'delfinazulcorp@acuario.com', 24, 1);

INSERT INTO FIDE_EMPRESA_TB (ID_EMPRESA, NOMBRE_EMPRESA, TELEFONO, CORREO, ID_DIRECCION, ID_ESTADO)
VALUES (25, 'Nautilus Corp.', '2222-1025', 'nautiluscorp@acuario.com', 25, 1);

INSERT INTO FIDE_EMPRESA_TB (ID_EMPRESA, NOMBRE_EMPRESA, TELEFONO, CORREO, ID_DIRECCION, ID_ESTADO)
VALUES (26, 'Marea Alta Ltda.', '2222-1026', 'mareaaltaltda@acuario.com', 26, 1);

INSERT INTO FIDE_EMPRESA_TB (ID_EMPRESA, NOMBRE_EMPRESA, TELEFONO, CORREO, ID_DIRECCION, ID_ESTADO)
VALUES (27, 'Mar Profundo Group', '2222-1027', 'marprofundogroup@acuario.com', 27, 1);

INSERT INTO FIDE_EMPRESA_TB (ID_EMPRESA, NOMBRE_EMPRESA, TELEFONO, CORREO, ID_DIRECCION, ID_ESTADO)
VALUES (28, 'Océano Group', '2222-1028', 'oceanogroup@acuario.com', 28, 1);

INSERT INTO FIDE_EMPRESA_TB (ID_EMPRESA, NOMBRE_EMPRESA, TELEFONO, CORREO, ID_DIRECCION, ID_ESTADO)
VALUES (29, 'Acuario Solutions', '2222-1029', 'acuariosolutions@acuario.com', 29, 1);

INSERT INTO FIDE_EMPRESA_TB (ID_EMPRESA, NOMBRE_EMPRESA, TELEFONO, CORREO, ID_DIRECCION, ID_ESTADO)
VALUES (30, 'Brisa Marina Ltda.', '2222-1030', 'brisamarinaltda@acuario.com', 30, 1);

INSERT INTO FIDE_EMPRESA_TB (ID_EMPRESA, NOMBRE_EMPRESA, TELEFONO, CORREO, ID_DIRECCION, ID_ESTADO)
VALUES (31, 'Aventura Acuática S.A.', '2222-1031', 'aventuraacuaticasa@acuario.com', 31, 1);

INSERT INTO FIDE_EMPRESA_TB (ID_EMPRESA, NOMBRE_EMPRESA, TELEFONO, CORREO, ID_DIRECCION, ID_ESTADO)
VALUES (32, 'Océano Solutions', '2222-1032', 'oceanosolutions@acuario.com', 32, 1);

INSERT INTO FIDE_EMPRESA_TB (ID_EMPRESA, NOMBRE_EMPRESA, TELEFONO, CORREO, ID_DIRECCION, ID_ESTADO)
VALUES (33, 'Bahía Coral Ltda.', '2222-1033', 'bahiacoralltda@acuario.com', 33, 1);

INSERT INTO FIDE_EMPRESA_TB (ID_EMPRESA, NOMBRE_EMPRESA, TELEFONO, CORREO, ID_DIRECCION, ID_ESTADO)
VALUES (34, 'Bahía Coral International', '2222-1034', 'bahiacoralinternational@acuario.com', 34, 1);

INSERT INTO FIDE_EMPRESA_TB (ID_EMPRESA, NOMBRE_EMPRESA, TELEFONO, CORREO, ID_DIRECCION, ID_ESTADO)
VALUES (35, 'Alga Verde Group', '2222-1035', 'algaverdegroup@acuario.com', 35, 1);

INSERT INTO FIDE_EMPRESA_TB (ID_EMPRESA, NOMBRE_EMPRESA, TELEFONO, CORREO, ID_DIRECCION, ID_ESTADO)
VALUES (36, 'Atlántico International', '2222-1036', 'atlanticointernational@acuario.com', 36, 1);

INSERT INTO FIDE_EMPRESA_TB (ID_EMPRESA, NOMBRE_EMPRESA, TELEFONO, CORREO, ID_DIRECCION, ID_ESTADO)
VALUES (37, 'Poseidón Corp.', '2222-1037', 'poseidoncorp@acuario.com', 37, 1);

INSERT INTO FIDE_EMPRESA_TB (ID_EMPRESA, NOMBRE_EMPRESA, TELEFONO, CORREO, ID_DIRECCION, ID_ESTADO)
VALUES (38, 'Estrella Marina Group', '2222-1038', 'estrellamarinagroup@acuario.com', 38, 1);

INSERT INTO FIDE_EMPRESA_TB (ID_EMPRESA, NOMBRE_EMPRESA, TELEFONO, CORREO, ID_DIRECCION, ID_ESTADO)
VALUES (39, 'Refugio Marino Solutions', '2222-1039', 'refugiomarinosolutions@acuario.com', 39, 1);

INSERT INTO FIDE_EMPRESA_TB (ID_EMPRESA, NOMBRE_EMPRESA, TELEFONO, CORREO, ID_DIRECCION, ID_ESTADO)
VALUES (40, 'Océano Solutions', '2222-1040', 'oceanosolutions@acuario.com', 40, 1);

INSERT INTO FIDE_EMPRESA_TB (ID_EMPRESA, NOMBRE_EMPRESA, TELEFONO, CORREO, ID_DIRECCION, ID_ESTADO)
VALUES (41, 'Reef Life Group', '2222-1041', 'reeflifegroup@acuario.com', 41, 1);

INSERT INTO FIDE_EMPRESA_TB (ID_EMPRESA, NOMBRE_EMPRESA, TELEFONO, CORREO, ID_DIRECCION, ID_ESTADO)
VALUES (42, 'Caballito de Mar Group', '2222-1042', 'caballitodemargroup@acuario.com', 42, 1);

INSERT INTO FIDE_EMPRESA_TB (ID_EMPRESA, NOMBRE_EMPRESA, TELEFONO, CORREO, ID_DIRECCION, ID_ESTADO)
VALUES (43, 'Delfín Azul Corp.', '2222-1043', 'delfinazulcorp@acuario.com', 43, 1);

INSERT INTO FIDE_EMPRESA_TB (ID_EMPRESA, NOMBRE_EMPRESA, TELEFONO, CORREO, ID_DIRECCION, ID_ESTADO)
VALUES (44, 'Acuario S.A.', '2222-1044', 'acuariosa@acuario.com', 44, 1);

INSERT INTO FIDE_EMPRESA_TB (ID_EMPRESA, NOMBRE_EMPRESA, TELEFONO, CORREO, ID_DIRECCION, ID_ESTADO)
VALUES (45, 'Alga Verde Solutions', '2222-1045', 'algaverdesolutions@acuario.com', 45, 1);

INSERT INTO FIDE_EMPRESA_TB (ID_EMPRESA, NOMBRE_EMPRESA, TELEFONO, CORREO, ID_DIRECCION, ID_ESTADO)
VALUES (46, 'Isla Tropical Corp.', '2222-1046', 'islatropicalcorp@acuario.com', 46, 1);

INSERT INTO FIDE_EMPRESA_TB (ID_EMPRESA, NOMBRE_EMPRESA, TELEFONO, CORREO, ID_DIRECCION, ID_ESTADO)
VALUES (47, 'Bahía Coral Corp.', '2222-1047', 'bahiacoralcorp@acuario.com', 47, 1);

INSERT INTO FIDE_EMPRESA_TB (ID_EMPRESA, NOMBRE_EMPRESA, TELEFONO, CORREO, ID_DIRECCION, ID_ESTADO)
VALUES (48, 'Anémona Group', '2222-1048', 'anemonagroup@acuario.com', 48, 1);

INSERT INTO FIDE_EMPRESA_TB (ID_EMPRESA, NOMBRE_EMPRESA, TELEFONO, CORREO, ID_DIRECCION, ID_ESTADO)
VALUES (49, 'Nautilus Corp.', '2222-1049', 'nautiluscorp@acuario.com', 49, 1);

INSERT INTO FIDE_EMPRESA_TB (ID_EMPRESA, NOMBRE_EMPRESA, TELEFONO, CORREO, ID_DIRECCION, ID_ESTADO)
VALUES (50, 'Poseidón Solutions', '2222-1050', 'poseidonsolutions@acuario.com', 50, 1);






INSERT INTO FIDE_ENTREGA_TB (ID_ENTREGA, FECHA, ID_DIRECCION, ID_USUARIO, ID_ESTADO)
VALUES (1, TO_DATE('2024-04-30', 'YYYY-MM-DD'), 4, 9, 2);

INSERT INTO FIDE_ENTREGA_TB (ID_ENTREGA, FECHA, ID_DIRECCION, ID_USUARIO, ID_ESTADO)
VALUES (2, TO_DATE('2024-03-03', 'YYYY-MM-DD'), 29, 36, 1);

INSERT INTO FIDE_ENTREGA_TB (ID_ENTREGA, FECHA, ID_DIRECCION, ID_USUARIO, ID_ESTADO)
VALUES (3, TO_DATE('2024-11-28', 'YYYY-MM-DD'), 21, 68, 8);

INSERT INTO FIDE_ENTREGA_TB (ID_ENTREGA, FECHA, ID_DIRECCION, ID_USUARIO, ID_ESTADO)
VALUES (4, TO_DATE('2024-03-26', 'YYYY-MM-DD'), 11, 143, 2);

INSERT INTO FIDE_ENTREGA_TB (ID_ENTREGA, FECHA, ID_DIRECCION, ID_USUARIO, ID_ESTADO)
VALUES (5, TO_DATE('2024-03-16', 'YYYY-MM-DD'), 7, 101, 8);

INSERT INTO FIDE_ENTREGA_TB (ID_ENTREGA, FECHA, ID_DIRECCION, ID_USUARIO, ID_ESTADO)
VALUES (6, TO_DATE('2024-07-16', 'YYYY-MM-DD'), 47, 21, 11);

INSERT INTO FIDE_ENTREGA_TB (ID_ENTREGA, FECHA, ID_DIRECCION, ID_USUARIO, ID_ESTADO)
VALUES (7, TO_DATE('2024-12-29', 'YYYY-MM-DD'), 2, 117, 2);

INSERT INTO FIDE_ENTREGA_TB (ID_ENTREGA, FECHA, ID_DIRECCION, ID_USUARIO, ID_ESTADO)
VALUES (8, TO_DATE('2024-09-28', 'YYYY-MM-DD'), 45, 3, 14);

INSERT INTO FIDE_ENTREGA_TB (ID_ENTREGA, FECHA, ID_DIRECCION, ID_USUARIO, ID_ESTADO)
VALUES (9, TO_DATE('2024-08-10', 'YYYY-MM-DD'), 28, 13, 4);

INSERT INTO FIDE_ENTREGA_TB (ID_ENTREGA, FECHA, ID_DIRECCION, ID_USUARIO, ID_ESTADO)
VALUES (10, TO_DATE('2024-02-01', 'YYYY-MM-DD'), 11, 13, 4);

INSERT INTO FIDE_ENTREGA_TB (ID_ENTREGA, FECHA, ID_DIRECCION, ID_USUARIO, ID_ESTADO)
VALUES (11, TO_DATE('2024-12-08', 'YYYY-MM-DD'), 35, 108, 11);

INSERT INTO FIDE_ENTREGA_TB (ID_ENTREGA, FECHA, ID_DIRECCION, ID_USUARIO, ID_ESTADO)
VALUES (12, TO_DATE('2024-07-08', 'YYYY-MM-DD'), 37, 115, 2);

INSERT INTO FIDE_ENTREGA_TB (ID_ENTREGA, FECHA, ID_DIRECCION, ID_USUARIO, ID_ESTADO)
VALUES (13, TO_DATE('2024-07-07', 'YYYY-MM-DD'), 27, 125, 2);

INSERT INTO FIDE_ENTREGA_TB (ID_ENTREGA, FECHA, ID_DIRECCION, ID_USUARIO, ID_ESTADO)
VALUES (14, TO_DATE('2024-06-30', 'YYYY-MM-DD'), 23, 4, 1);

INSERT INTO FIDE_ENTREGA_TB (ID_ENTREGA, FECHA, ID_DIRECCION, ID_USUARIO, ID_ESTADO)
VALUES (15, TO_DATE('2024-09-29', 'YYYY-MM-DD'), 42, 91, 12);

INSERT INTO FIDE_ENTREGA_TB (ID_ENTREGA, FECHA, ID_DIRECCION, ID_USUARIO, ID_ESTADO)
VALUES (16, TO_DATE('2024-07-28', 'YYYY-MM-DD'), 38, 45, 11);

INSERT INTO FIDE_ENTREGA_TB (ID_ENTREGA, FECHA, ID_DIRECCION, ID_USUARIO, ID_ESTADO)
VALUES (17, TO_DATE('2024-11-22', 'YYYY-MM-DD'), 11, 54, 15);

INSERT INTO FIDE_ENTREGA_TB (ID_ENTREGA, FECHA, ID_DIRECCION, ID_USUARIO, ID_ESTADO)
VALUES (18, TO_DATE('2024-05-19', 'YYYY-MM-DD'), 7, 125, 9);

INSERT INTO FIDE_ENTREGA_TB (ID_ENTREGA, FECHA, ID_DIRECCION, ID_USUARIO, ID_ESTADO)
VALUES (19, TO_DATE('2024-12-20', 'YYYY-MM-DD'), 38, 104, 2);

INSERT INTO FIDE_ENTREGA_TB (ID_ENTREGA, FECHA, ID_DIRECCION, ID_USUARIO, ID_ESTADO)
VALUES (20, TO_DATE('2024-01-04', 'YYYY-MM-DD'), 18, 143, 7);

INSERT INTO FIDE_ENTREGA_TB (ID_ENTREGA, FECHA, ID_DIRECCION, ID_USUARIO, ID_ESTADO)
VALUES (21, TO_DATE('2024-09-21', 'YYYY-MM-DD'), 34, 66, 7);

INSERT INTO FIDE_ENTREGA_TB (ID_ENTREGA, FECHA, ID_DIRECCION, ID_USUARIO, ID_ESTADO)
VALUES (22, TO_DATE('2024-03-30', 'YYYY-MM-DD'), 25, 62, 11);

INSERT INTO FIDE_ENTREGA_TB (ID_ENTREGA, FECHA, ID_DIRECCION, ID_USUARIO, ID_ESTADO)
VALUES (23, TO_DATE('2024-02-26', 'YYYY-MM-DD'), 21, 67, 12);

INSERT INTO FIDE_ENTREGA_TB (ID_ENTREGA, FECHA, ID_DIRECCION, ID_USUARIO, ID_ESTADO)
VALUES (24, TO_DATE('2024-05-10', 'YYYY-MM-DD'), 37, 114, 8);

INSERT INTO FIDE_ENTREGA_TB (ID_ENTREGA, FECHA, ID_DIRECCION, ID_USUARIO, ID_ESTADO)
VALUES (25, TO_DATE('2024-03-04', 'YYYY-MM-DD'), 8, 6, 6);

INSERT INTO FIDE_ENTREGA_TB (ID_ENTREGA, FECHA, ID_DIRECCION, ID_USUARIO, ID_ESTADO)
VALUES (26, TO_DATE('2024-06-23', 'YYYY-MM-DD'), 17, 49, 7);

INSERT INTO FIDE_ENTREGA_TB (ID_ENTREGA, FECHA, ID_DIRECCION, ID_USUARIO, ID_ESTADO)
VALUES (27, TO_DATE('2024-05-12', 'YYYY-MM-DD'), 49, 132, 14);

INSERT INTO FIDE_ENTREGA_TB (ID_ENTREGA, FECHA, ID_DIRECCION, ID_USUARIO, ID_ESTADO)
VALUES (28, TO_DATE('2024-12-04', 'YYYY-MM-DD'), 47, 13, 1);

INSERT INTO FIDE_ENTREGA_TB (ID_ENTREGA, FECHA, ID_DIRECCION, ID_USUARIO, ID_ESTADO)
VALUES (29, TO_DATE('2024-04-12', 'YYYY-MM-DD'), 41, 103, 12);

INSERT INTO FIDE_ENTREGA_TB (ID_ENTREGA, FECHA, ID_DIRECCION, ID_USUARIO, ID_ESTADO)
VALUES (30, TO_DATE('2024-01-19', 'YYYY-MM-DD'), 31, 56, 3);

INSERT INTO FIDE_ENTREGA_TB (ID_ENTREGA, FECHA, ID_DIRECCION, ID_USUARIO, ID_ESTADO)
VALUES (31, TO_DATE('2024-09-20', 'YYYY-MM-DD'), 7, 89, 15);

INSERT INTO FIDE_ENTREGA_TB (ID_ENTREGA, FECHA, ID_DIRECCION, ID_USUARIO, ID_ESTADO)
VALUES (32, TO_DATE('2024-01-02', 'YYYY-MM-DD'), 28, 57, 3);

INSERT INTO FIDE_ENTREGA_TB (ID_ENTREGA, FECHA, ID_DIRECCION, ID_USUARIO, ID_ESTADO)
VALUES (33, TO_DATE('2024-08-12', 'YYYY-MM-DD'), 9, 119, 2);

INSERT INTO FIDE_ENTREGA_TB (ID_ENTREGA, FECHA, ID_DIRECCION, ID_USUARIO, ID_ESTADO)
VALUES (34, TO_DATE('2024-06-20', 'YYYY-MM-DD'), 12, 128, 3);

INSERT INTO FIDE_ENTREGA_TB (ID_ENTREGA, FECHA, ID_DIRECCION, ID_USUARIO, ID_ESTADO)
VALUES (35, TO_DATE('2024-09-13', 'YYYY-MM-DD'), 2, 32, 4);

INSERT INTO FIDE_ENTREGA_TB (ID_ENTREGA, FECHA, ID_DIRECCION, ID_USUARIO, ID_ESTADO)
VALUES (36, TO_DATE('2024-05-10', 'YYYY-MM-DD'), 1, 44, 6);

INSERT INTO FIDE_ENTREGA_TB (ID_ENTREGA, FECHA, ID_DIRECCION, ID_USUARIO, ID_ESTADO)
VALUES (37, TO_DATE('2024-09-26', 'YYYY-MM-DD'), 33, 97, 11);

INSERT INTO FIDE_ENTREGA_TB (ID_ENTREGA, FECHA, ID_DIRECCION, ID_USUARIO, ID_ESTADO)
VALUES (38, TO_DATE('2024-07-29', 'YYYY-MM-DD'), 11, 81, 11);

INSERT INTO FIDE_ENTREGA_TB (ID_ENTREGA, FECHA, ID_DIRECCION, ID_USUARIO, ID_ESTADO)
VALUES (39, TO_DATE('2024-11-26', 'YYYY-MM-DD'), 7, 42, 2);

INSERT INTO FIDE_ENTREGA_TB (ID_ENTREGA, FECHA, ID_DIRECCION, ID_USUARIO, ID_ESTADO)
VALUES (40, TO_DATE('2024-11-18', 'YYYY-MM-DD'), 42, 97, 8);

INSERT INTO FIDE_ENTREGA_TB (ID_ENTREGA, FECHA, ID_DIRECCION, ID_USUARIO, ID_ESTADO)
VALUES (41, TO_DATE('2024-08-01', 'YYYY-MM-DD'), 8, 2, 11);

INSERT INTO FIDE_ENTREGA_TB (ID_ENTREGA, FECHA, ID_DIRECCION, ID_USUARIO, ID_ESTADO)
VALUES (42, TO_DATE('2024-07-26', 'YYYY-MM-DD'), 27, 131, 14);

INSERT INTO FIDE_ENTREGA_TB (ID_ENTREGA, FECHA, ID_DIRECCION, ID_USUARIO, ID_ESTADO)
VALUES (43, TO_DATE('2024-08-06', 'YYYY-MM-DD'), 26, 149, 3);

INSERT INTO FIDE_ENTREGA_TB (ID_ENTREGA, FECHA, ID_DIRECCION, ID_USUARIO, ID_ESTADO)
VALUES (44, TO_DATE('2024-07-18', 'YYYY-MM-DD'), 37, 34, 14);

INSERT INTO FIDE_ENTREGA_TB (ID_ENTREGA, FECHA, ID_DIRECCION, ID_USUARIO, ID_ESTADO)
VALUES (45, TO_DATE('2024-07-12', 'YYYY-MM-DD'), 17, 142, 2);

INSERT INTO FIDE_ENTREGA_TB (ID_ENTREGA, FECHA, ID_DIRECCION, ID_USUARIO, ID_ESTADO)
VALUES (46, TO_DATE('2024-05-09', 'YYYY-MM-DD'), 16, 20, 5);

INSERT INTO FIDE_ENTREGA_TB (ID_ENTREGA, FECHA, ID_DIRECCION, ID_USUARIO, ID_ESTADO)
VALUES (47, TO_DATE('2024-03-31', 'YYYY-MM-DD'), 28, 74, 2);

INSERT INTO FIDE_ENTREGA_TB (ID_ENTREGA, FECHA, ID_DIRECCION, ID_USUARIO, ID_ESTADO)
VALUES (48, TO_DATE('2024-05-19', 'YYYY-MM-DD'), 8, 34, 11);

INSERT INTO FIDE_ENTREGA_TB (ID_ENTREGA, FECHA, ID_DIRECCION, ID_USUARIO, ID_ESTADO)
VALUES (49, TO_DATE('2024-07-23', 'YYYY-MM-DD'), 33, 75, 11);

INSERT INTO FIDE_ENTREGA_TB (ID_ENTREGA, FECHA, ID_DIRECCION, ID_USUARIO, ID_ESTADO)
VALUES (50, TO_DATE('2024-12-11', 'YYYY-MM-DD'), 3, 78, 1);

INSERT INTO FIDE_ENTREGA_TB (ID_ENTREGA, FECHA, ID_DIRECCION, ID_USUARIO, ID_ESTADO)
VALUES (51, TO_DATE('2024-07-10', 'YYYY-MM-DD'), 34, 111, 1);

INSERT INTO FIDE_ENTREGA_TB (ID_ENTREGA, FECHA, ID_DIRECCION, ID_USUARIO, ID_ESTADO)
VALUES (52, TO_DATE('2024-10-16', 'YYYY-MM-DD'), 41, 26, 1);

INSERT INTO FIDE_ENTREGA_TB (ID_ENTREGA, FECHA, ID_DIRECCION, ID_USUARIO, ID_ESTADO)
VALUES (53, TO_DATE('2024-08-26', 'YYYY-MM-DD'), 27, 84, 7);

INSERT INTO FIDE_ENTREGA_TB (ID_ENTREGA, FECHA, ID_DIRECCION, ID_USUARIO, ID_ESTADO)
VALUES (54, TO_DATE('2024-04-14', 'YYYY-MM-DD'), 13, 128, 15);

INSERT INTO FIDE_ENTREGA_TB (ID_ENTREGA, FECHA, ID_DIRECCION, ID_USUARIO, ID_ESTADO)
VALUES (55, TO_DATE('2024-09-06', 'YYYY-MM-DD'), 47, 18, 11);

INSERT INTO FIDE_ENTREGA_TB (ID_ENTREGA, FECHA, ID_DIRECCION, ID_USUARIO, ID_ESTADO)
VALUES (56, TO_DATE('2024-02-08', 'YYYY-MM-DD'), 12, 56, 6);

INSERT INTO FIDE_ENTREGA_TB (ID_ENTREGA, FECHA, ID_DIRECCION, ID_USUARIO, ID_ESTADO)
VALUES (57, TO_DATE('2024-03-11', 'YYYY-MM-DD'), 47, 17, 12);

INSERT INTO FIDE_ENTREGA_TB (ID_ENTREGA, FECHA, ID_DIRECCION, ID_USUARIO, ID_ESTADO)
VALUES (58, TO_DATE('2024-07-18', 'YYYY-MM-DD'), 9, 87, 1);

INSERT INTO FIDE_ENTREGA_TB (ID_ENTREGA, FECHA, ID_DIRECCION, ID_USUARIO, ID_ESTADO)
VALUES (59, TO_DATE('2024-04-08', 'YYYY-MM-DD'), 9, 28, 12);

INSERT INTO FIDE_ENTREGA_TB (ID_ENTREGA, FECHA, ID_DIRECCION, ID_USUARIO, ID_ESTADO)
VALUES (60, TO_DATE('2024-11-13', 'YYYY-MM-DD'), 8, 68, 1);

INSERT INTO FIDE_ENTREGA_TB (ID_ENTREGA, FECHA, ID_DIRECCION, ID_USUARIO, ID_ESTADO)
VALUES (61, TO_DATE('2024-04-18', 'YYYY-MM-DD'), 18, 63, 10);

INSERT INTO FIDE_ENTREGA_TB (ID_ENTREGA, FECHA, ID_DIRECCION, ID_USUARIO, ID_ESTADO)
VALUES (62, TO_DATE('2024-06-14', 'YYYY-MM-DD'), 12, 72, 15);

INSERT INTO FIDE_ENTREGA_TB (ID_ENTREGA, FECHA, ID_DIRECCION, ID_USUARIO, ID_ESTADO)
VALUES (63, TO_DATE('2024-11-03', 'YYYY-MM-DD'), 10, 11, 13);

INSERT INTO FIDE_ENTREGA_TB (ID_ENTREGA, FECHA, ID_DIRECCION, ID_USUARIO, ID_ESTADO)
VALUES (64, TO_DATE('2024-06-02', 'YYYY-MM-DD'), 24, 33, 3);

INSERT INTO FIDE_ENTREGA_TB (ID_ENTREGA, FECHA, ID_DIRECCION, ID_USUARIO, ID_ESTADO)
VALUES (65, TO_DATE('2024-03-30', 'YYYY-MM-DD'), 17, 105, 3);

INSERT INTO FIDE_ENTREGA_TB (ID_ENTREGA, FECHA, ID_DIRECCION, ID_USUARIO, ID_ESTADO)
VALUES (66, TO_DATE('2024-08-23', 'YYYY-MM-DD'), 24, 133, 10);

INSERT INTO FIDE_ENTREGA_TB (ID_ENTREGA, FECHA, ID_DIRECCION, ID_USUARIO, ID_ESTADO)
VALUES (67, TO_DATE('2024-01-21', 'YYYY-MM-DD'), 50, 17, 3);

INSERT INTO FIDE_ENTREGA_TB (ID_ENTREGA, FECHA, ID_DIRECCION, ID_USUARIO, ID_ESTADO)
VALUES (68, TO_DATE('2024-05-29', 'YYYY-MM-DD'), 50, 94, 2);

INSERT INTO FIDE_ENTREGA_TB (ID_ENTREGA, FECHA, ID_DIRECCION, ID_USUARIO, ID_ESTADO)
VALUES (69, TO_DATE('2024-02-16', 'YYYY-MM-DD'), 30, 41, 4);

INSERT INTO FIDE_ENTREGA_TB (ID_ENTREGA, FECHA, ID_DIRECCION, ID_USUARIO, ID_ESTADO)
VALUES (70, TO_DATE('2024-08-30', 'YYYY-MM-DD'), 36, 102, 15);

INSERT INTO FIDE_ENTREGA_TB (ID_ENTREGA, FECHA, ID_DIRECCION, ID_USUARIO, ID_ESTADO)
VALUES (71, TO_DATE('2024-02-21', 'YYYY-MM-DD'), 33, 22, 3);

INSERT INTO FIDE_ENTREGA_TB (ID_ENTREGA, FECHA, ID_DIRECCION, ID_USUARIO, ID_ESTADO)
VALUES (72, TO_DATE('2024-05-30', 'YYYY-MM-DD'), 38, 74, 7);

INSERT INTO FIDE_ENTREGA_TB (ID_ENTREGA, FECHA, ID_DIRECCION, ID_USUARIO, ID_ESTADO)
VALUES (73, TO_DATE('2024-09-11', 'YYYY-MM-DD'), 47, 90, 6);

INSERT INTO FIDE_ENTREGA_TB (ID_ENTREGA, FECHA, ID_DIRECCION, ID_USUARIO, ID_ESTADO)
VALUES (74, TO_DATE('2024-03-03', 'YYYY-MM-DD'), 26, 15, 14);

INSERT INTO FIDE_ENTREGA_TB (ID_ENTREGA, FECHA, ID_DIRECCION, ID_USUARIO, ID_ESTADO)
VALUES (75, TO_DATE('2024-12-24', 'YYYY-MM-DD'), 11, 23, 13);

INSERT INTO FIDE_ENTREGA_TB (ID_ENTREGA, FECHA, ID_DIRECCION, ID_USUARIO, ID_ESTADO)
VALUES (76, TO_DATE('2024-03-13', 'YYYY-MM-DD'), 18, 11, 2);

INSERT INTO FIDE_ENTREGA_TB (ID_ENTREGA, FECHA, ID_DIRECCION, ID_USUARIO, ID_ESTADO)
VALUES (77, TO_DATE('2024-03-19', 'YYYY-MM-DD'), 40, 126, 8);

INSERT INTO FIDE_ENTREGA_TB (ID_ENTREGA, FECHA, ID_DIRECCION, ID_USUARIO, ID_ESTADO)
VALUES (78, TO_DATE('2024-11-12', 'YYYY-MM-DD'), 25, 37, 14);

INSERT INTO FIDE_ENTREGA_TB (ID_ENTREGA, FECHA, ID_DIRECCION, ID_USUARIO, ID_ESTADO)
VALUES (79, TO_DATE('2024-11-11', 'YYYY-MM-DD'), 28, 150, 9);

INSERT INTO FIDE_ENTREGA_TB (ID_ENTREGA, FECHA, ID_DIRECCION, ID_USUARIO, ID_ESTADO)
VALUES (80, TO_DATE('2024-05-31', 'YYYY-MM-DD'), 39, 25, 4);

INSERT INTO FIDE_ENTREGA_TB (ID_ENTREGA, FECHA, ID_DIRECCION, ID_USUARIO, ID_ESTADO)
VALUES (81, TO_DATE('2024-05-23', 'YYYY-MM-DD'), 27, 15, 15);

INSERT INTO FIDE_ENTREGA_TB (ID_ENTREGA, FECHA, ID_DIRECCION, ID_USUARIO, ID_ESTADO)
VALUES (82, TO_DATE('2024-06-12', 'YYYY-MM-DD'), 31, 120, 2);

INSERT INTO FIDE_ENTREGA_TB (ID_ENTREGA, FECHA, ID_DIRECCION, ID_USUARIO, ID_ESTADO)
VALUES (83, TO_DATE('2024-10-21', 'YYYY-MM-DD'), 21, 100, 10);

INSERT INTO FIDE_ENTREGA_TB (ID_ENTREGA, FECHA, ID_DIRECCION, ID_USUARIO, ID_ESTADO)
VALUES (84, TO_DATE('2024-07-21', 'YYYY-MM-DD'), 21, 26, 15);

INSERT INTO FIDE_ENTREGA_TB (ID_ENTREGA, FECHA, ID_DIRECCION, ID_USUARIO, ID_ESTADO)
VALUES (85, TO_DATE('2024-02-12', 'YYYY-MM-DD'), 18, 85, 3);

INSERT INTO FIDE_ENTREGA_TB (ID_ENTREGA, FECHA, ID_DIRECCION, ID_USUARIO, ID_ESTADO)
VALUES (86, TO_DATE('2024-11-08', 'YYYY-MM-DD'), 5, 122, 1);

INSERT INTO FIDE_ENTREGA_TB (ID_ENTREGA, FECHA, ID_DIRECCION, ID_USUARIO, ID_ESTADO)
VALUES (87, TO_DATE('2024-12-19', 'YYYY-MM-DD'), 1, 24, 11);

INSERT INTO FIDE_ENTREGA_TB (ID_ENTREGA, FECHA, ID_DIRECCION, ID_USUARIO, ID_ESTADO)
VALUES (88, TO_DATE('2024-08-07', 'YYYY-MM-DD'), 2, 119, 15);

INSERT INTO FIDE_ENTREGA_TB (ID_ENTREGA, FECHA, ID_DIRECCION, ID_USUARIO, ID_ESTADO)
VALUES (89, TO_DATE('2024-11-28', 'YYYY-MM-DD'), 38, 29, 1);

INSERT INTO FIDE_ENTREGA_TB (ID_ENTREGA, FECHA, ID_DIRECCION, ID_USUARIO, ID_ESTADO)
VALUES (90, TO_DATE('2024-03-17', 'YYYY-MM-DD'), 3, 84, 1);

INSERT INTO FIDE_ENTREGA_TB (ID_ENTREGA, FECHA, ID_DIRECCION, ID_USUARIO, ID_ESTADO)
VALUES (91, TO_DATE('2024-01-20', 'YYYY-MM-DD'), 16, 89, 12);

INSERT INTO FIDE_ENTREGA_TB (ID_ENTREGA, FECHA, ID_DIRECCION, ID_USUARIO, ID_ESTADO)
VALUES (92, TO_DATE('2024-03-19', 'YYYY-MM-DD'), 22, 138, 2);

INSERT INTO FIDE_ENTREGA_TB (ID_ENTREGA, FECHA, ID_DIRECCION, ID_USUARIO, ID_ESTADO)
VALUES (93, TO_DATE('2024-07-31', 'YYYY-MM-DD'), 15, 77, 2);

INSERT INTO FIDE_ENTREGA_TB (ID_ENTREGA, FECHA, ID_DIRECCION, ID_USUARIO, ID_ESTADO)
VALUES (94, TO_DATE('2024-08-29', 'YYYY-MM-DD'), 38, 91, 14);

INSERT INTO FIDE_ENTREGA_TB (ID_ENTREGA, FECHA, ID_DIRECCION, ID_USUARIO, ID_ESTADO)
VALUES (95, TO_DATE('2024-03-03', 'YYYY-MM-DD'), 37, 134, 3);

INSERT INTO FIDE_ENTREGA_TB (ID_ENTREGA, FECHA, ID_DIRECCION, ID_USUARIO, ID_ESTADO)
VALUES (96, TO_DATE('2024-10-15', 'YYYY-MM-DD'), 37, 134, 5);

INSERT INTO FIDE_ENTREGA_TB (ID_ENTREGA, FECHA, ID_DIRECCION, ID_USUARIO, ID_ESTADO)
VALUES (97, TO_DATE('2024-09-03', 'YYYY-MM-DD'), 22, 148, 12);

INSERT INTO FIDE_ENTREGA_TB (ID_ENTREGA, FECHA, ID_DIRECCION, ID_USUARIO, ID_ESTADO)
VALUES (98, TO_DATE('2024-06-28', 'YYYY-MM-DD'), 1, 150, 14);

INSERT INTO FIDE_ENTREGA_TB (ID_ENTREGA, FECHA, ID_DIRECCION, ID_USUARIO, ID_ESTADO)
VALUES (99, TO_DATE('2024-02-18', 'YYYY-MM-DD'), 40, 107, 6);

INSERT INTO FIDE_ENTREGA_TB (ID_ENTREGA, FECHA, ID_DIRECCION, ID_USUARIO, ID_ESTADO)
VALUES (100, TO_DATE('2024-01-11', 'YYYY-MM-DD'), 11, 146, 11);

INSERT INTO FIDE_ENTREGA_TB (ID_ENTREGA, FECHA, ID_DIRECCION, ID_USUARIO, ID_ESTADO)
VALUES (101, TO_DATE('2024-08-16', 'YYYY-MM-DD'), 6, 102, 12);

INSERT INTO FIDE_ENTREGA_TB (ID_ENTREGA, FECHA, ID_DIRECCION, ID_USUARIO, ID_ESTADO)
VALUES (102, TO_DATE('2024-04-18', 'YYYY-MM-DD'), 9, 84, 9);

INSERT INTO FIDE_ENTREGA_TB (ID_ENTREGA, FECHA, ID_DIRECCION, ID_USUARIO, ID_ESTADO)
VALUES (103, TO_DATE('2024-03-12', 'YYYY-MM-DD'), 40, 131, 10);

INSERT INTO FIDE_ENTREGA_TB (ID_ENTREGA, FECHA, ID_DIRECCION, ID_USUARIO, ID_ESTADO)
VALUES (104, TO_DATE('2024-11-26', 'YYYY-MM-DD'), 43, 65, 5);

INSERT INTO FIDE_ENTREGA_TB (ID_ENTREGA, FECHA, ID_DIRECCION, ID_USUARIO, ID_ESTADO)
VALUES (105, TO_DATE('2024-12-05', 'YYYY-MM-DD'), 36, 96, 6);

INSERT INTO FIDE_ENTREGA_TB (ID_ENTREGA, FECHA, ID_DIRECCION, ID_USUARIO, ID_ESTADO)
VALUES (106, TO_DATE('2024-02-26', 'YYYY-MM-DD'), 38, 138, 5);

INSERT INTO FIDE_ENTREGA_TB (ID_ENTREGA, FECHA, ID_DIRECCION, ID_USUARIO, ID_ESTADO)
VALUES (107, TO_DATE('2024-08-30', 'YYYY-MM-DD'), 8, 107, 14);

INSERT INTO FIDE_ENTREGA_TB (ID_ENTREGA, FECHA, ID_DIRECCION, ID_USUARIO, ID_ESTADO)
VALUES (108, TO_DATE('2024-04-27', 'YYYY-MM-DD'), 48, 73, 14);

INSERT INTO FIDE_ENTREGA_TB (ID_ENTREGA, FECHA, ID_DIRECCION, ID_USUARIO, ID_ESTADO)
VALUES (109, TO_DATE('2024-11-04', 'YYYY-MM-DD'), 14, 8, 2);

INSERT INTO FIDE_ENTREGA_TB (ID_ENTREGA, FECHA, ID_DIRECCION, ID_USUARIO, ID_ESTADO)
VALUES (110, TO_DATE('2024-03-13', 'YYYY-MM-DD'), 28, 59, 7);

INSERT INTO FIDE_ENTREGA_TB (ID_ENTREGA, FECHA, ID_DIRECCION, ID_USUARIO, ID_ESTADO)
VALUES (111, TO_DATE('2024-10-18', 'YYYY-MM-DD'), 13, 104, 11);

INSERT INTO FIDE_ENTREGA_TB (ID_ENTREGA, FECHA, ID_DIRECCION, ID_USUARIO, ID_ESTADO)
VALUES (112, TO_DATE('2024-06-05', 'YYYY-MM-DD'), 39, 101, 10);

INSERT INTO FIDE_ENTREGA_TB (ID_ENTREGA, FECHA, ID_DIRECCION, ID_USUARIO, ID_ESTADO)
VALUES (113, TO_DATE('2024-11-09', 'YYYY-MM-DD'), 15, 31, 10);

INSERT INTO FIDE_ENTREGA_TB (ID_ENTREGA, FECHA, ID_DIRECCION, ID_USUARIO, ID_ESTADO)
VALUES (114, TO_DATE('2024-05-18', 'YYYY-MM-DD'), 23, 105, 5);

INSERT INTO FIDE_ENTREGA_TB (ID_ENTREGA, FECHA, ID_DIRECCION, ID_USUARIO, ID_ESTADO)
VALUES (115, TO_DATE('2024-11-14', 'YYYY-MM-DD'), 30, 56, 7);

INSERT INTO FIDE_ENTREGA_TB (ID_ENTREGA, FECHA, ID_DIRECCION, ID_USUARIO, ID_ESTADO)
VALUES (116, TO_DATE('2024-09-27', 'YYYY-MM-DD'), 9, 138, 8);

INSERT INTO FIDE_ENTREGA_TB (ID_ENTREGA, FECHA, ID_DIRECCION, ID_USUARIO, ID_ESTADO)
VALUES (117, TO_DATE('2024-10-12', 'YYYY-MM-DD'), 41, 72, 15);

INSERT INTO FIDE_ENTREGA_TB (ID_ENTREGA, FECHA, ID_DIRECCION, ID_USUARIO, ID_ESTADO)
VALUES (118, TO_DATE('2024-11-08', 'YYYY-MM-DD'), 41, 6, 11);

INSERT INTO FIDE_ENTREGA_TB (ID_ENTREGA, FECHA, ID_DIRECCION, ID_USUARIO, ID_ESTADO)
VALUES (119, TO_DATE('2024-03-10', 'YYYY-MM-DD'), 22, 96, 8);

INSERT INTO FIDE_ENTREGA_TB (ID_ENTREGA, FECHA, ID_DIRECCION, ID_USUARIO, ID_ESTADO)
VALUES (120, TO_DATE('2024-10-11', 'YYYY-MM-DD'), 2, 57, 2);

INSERT INTO FIDE_ENTREGA_TB (ID_ENTREGA, FECHA, ID_DIRECCION, ID_USUARIO, ID_ESTADO)
VALUES (121, TO_DATE('2024-11-01', 'YYYY-MM-DD'), 15, 103, 13);

INSERT INTO FIDE_ENTREGA_TB (ID_ENTREGA, FECHA, ID_DIRECCION, ID_USUARIO, ID_ESTADO)
VALUES (122, TO_DATE('2024-10-15', 'YYYY-MM-DD'), 11, 94, 11);

INSERT INTO FIDE_ENTREGA_TB (ID_ENTREGA, FECHA, ID_DIRECCION, ID_USUARIO, ID_ESTADO)
VALUES (123, TO_DATE('2024-09-10', 'YYYY-MM-DD'), 28, 131, 1);

INSERT INTO FIDE_ENTREGA_TB (ID_ENTREGA, FECHA, ID_DIRECCION, ID_USUARIO, ID_ESTADO)
VALUES (124, TO_DATE('2024-06-29', 'YYYY-MM-DD'), 45, 87, 4);

INSERT INTO FIDE_ENTREGA_TB (ID_ENTREGA, FECHA, ID_DIRECCION, ID_USUARIO, ID_ESTADO)
VALUES (125, TO_DATE('2024-02-15', 'YYYY-MM-DD'), 28, 45, 3);

INSERT INTO FIDE_ENTREGA_TB (ID_ENTREGA, FECHA, ID_DIRECCION, ID_USUARIO, ID_ESTADO)
VALUES (126, TO_DATE('2024-09-17', 'YYYY-MM-DD'), 32, 119, 4);

INSERT INTO FIDE_ENTREGA_TB (ID_ENTREGA, FECHA, ID_DIRECCION, ID_USUARIO, ID_ESTADO)
VALUES (127, TO_DATE('2024-11-10', 'YYYY-MM-DD'), 33, 12, 7);

INSERT INTO FIDE_ENTREGA_TB (ID_ENTREGA, FECHA, ID_DIRECCION, ID_USUARIO, ID_ESTADO)
VALUES (128, TO_DATE('2024-04-02', 'YYYY-MM-DD'), 9, 127, 2);

INSERT INTO FIDE_ENTREGA_TB (ID_ENTREGA, FECHA, ID_DIRECCION, ID_USUARIO, ID_ESTADO)
VALUES (129, TO_DATE('2024-02-26', 'YYYY-MM-DD'), 27, 97, 11);

INSERT INTO FIDE_ENTREGA_TB (ID_ENTREGA, FECHA, ID_DIRECCION, ID_USUARIO, ID_ESTADO)
VALUES (130, TO_DATE('2024-08-07', 'YYYY-MM-DD'), 2, 43, 11);

INSERT INTO FIDE_ENTREGA_TB (ID_ENTREGA, FECHA, ID_DIRECCION, ID_USUARIO, ID_ESTADO)
VALUES (131, TO_DATE('2024-03-06', 'YYYY-MM-DD'), 14, 30, 6);

INSERT INTO FIDE_ENTREGA_TB (ID_ENTREGA, FECHA, ID_DIRECCION, ID_USUARIO, ID_ESTADO)
VALUES (132, TO_DATE('2024-03-12', 'YYYY-MM-DD'), 17, 28, 3);

INSERT INTO FIDE_ENTREGA_TB (ID_ENTREGA, FECHA, ID_DIRECCION, ID_USUARIO, ID_ESTADO)
VALUES (133, TO_DATE('2024-01-28', 'YYYY-MM-DD'), 1, 3, 10);

INSERT INTO FIDE_ENTREGA_TB (ID_ENTREGA, FECHA, ID_DIRECCION, ID_USUARIO, ID_ESTADO)
VALUES (134, TO_DATE('2024-08-21', 'YYYY-MM-DD'), 39, 123, 7);

INSERT INTO FIDE_ENTREGA_TB (ID_ENTREGA, FECHA, ID_DIRECCION, ID_USUARIO, ID_ESTADO)
VALUES (135, TO_DATE('2024-08-05', 'YYYY-MM-DD'), 43, 29, 11);

INSERT INTO FIDE_ENTREGA_TB (ID_ENTREGA, FECHA, ID_DIRECCION, ID_USUARIO, ID_ESTADO)
VALUES (136, TO_DATE('2024-03-10', 'YYYY-MM-DD'), 3, 138, 5);

INSERT INTO FIDE_ENTREGA_TB (ID_ENTREGA, FECHA, ID_DIRECCION, ID_USUARIO, ID_ESTADO)
VALUES (137, TO_DATE('2024-09-06', 'YYYY-MM-DD'), 26, 108, 15);

INSERT INTO FIDE_ENTREGA_TB (ID_ENTREGA, FECHA, ID_DIRECCION, ID_USUARIO, ID_ESTADO)
VALUES (138, TO_DATE('2024-01-11', 'YYYY-MM-DD'), 28, 120, 14);

INSERT INTO FIDE_ENTREGA_TB (ID_ENTREGA, FECHA, ID_DIRECCION, ID_USUARIO, ID_ESTADO)
VALUES (139, TO_DATE('2024-01-19', 'YYYY-MM-DD'), 13, 4, 8);

INSERT INTO FIDE_ENTREGA_TB (ID_ENTREGA, FECHA, ID_DIRECCION, ID_USUARIO, ID_ESTADO)
VALUES (140, TO_DATE('2024-04-14', 'YYYY-MM-DD'), 39, 97, 12);

INSERT INTO FIDE_ENTREGA_TB (ID_ENTREGA, FECHA, ID_DIRECCION, ID_USUARIO, ID_ESTADO)
VALUES (141, TO_DATE('2024-02-17', 'YYYY-MM-DD'), 5, 67, 3);

INSERT INTO FIDE_ENTREGA_TB (ID_ENTREGA, FECHA, ID_DIRECCION, ID_USUARIO, ID_ESTADO)
VALUES (142, TO_DATE('2024-04-23', 'YYYY-MM-DD'), 17, 106, 8);

INSERT INTO FIDE_ENTREGA_TB (ID_ENTREGA, FECHA, ID_DIRECCION, ID_USUARIO, ID_ESTADO)
VALUES (143, TO_DATE('2024-04-11', 'YYYY-MM-DD'), 28, 53, 9);

INSERT INTO FIDE_ENTREGA_TB (ID_ENTREGA, FECHA, ID_DIRECCION, ID_USUARIO, ID_ESTADO)
VALUES (144, TO_DATE('2024-07-08', 'YYYY-MM-DD'), 48, 116, 13);

INSERT INTO FIDE_ENTREGA_TB (ID_ENTREGA, FECHA, ID_DIRECCION, ID_USUARIO, ID_ESTADO)
VALUES (145, TO_DATE('2024-01-03', 'YYYY-MM-DD'), 33, 98, 11);

INSERT INTO FIDE_ENTREGA_TB (ID_ENTREGA, FECHA, ID_DIRECCION, ID_USUARIO, ID_ESTADO)
VALUES (146, TO_DATE('2024-02-13', 'YYYY-MM-DD'), 28, 147, 2);

INSERT INTO FIDE_ENTREGA_TB (ID_ENTREGA, FECHA, ID_DIRECCION, ID_USUARIO, ID_ESTADO)
VALUES (147, TO_DATE('2024-04-08', 'YYYY-MM-DD'), 39, 103, 14);

INSERT INTO FIDE_ENTREGA_TB (ID_ENTREGA, FECHA, ID_DIRECCION, ID_USUARIO, ID_ESTADO)
VALUES (148, TO_DATE('2024-10-18', 'YYYY-MM-DD'), 44, 94, 10);

INSERT INTO FIDE_ENTREGA_TB (ID_ENTREGA, FECHA, ID_DIRECCION, ID_USUARIO, ID_ESTADO)
VALUES (149, TO_DATE('2024-04-23', 'YYYY-MM-DD'), 42, 1, 6);

INSERT INTO FIDE_ENTREGA_TB (ID_ENTREGA, FECHA, ID_DIRECCION, ID_USUARIO, ID_ESTADO)
VALUES (150, TO_DATE('2024-12-28', 'YYYY-MM-DD'), 9, 17, 11);


INSERT INTO FIDE_DETALLE_ENTREGA_TB (DESCRIPCION, CANTIDAD, ID_ENTREGA, ID_ESTADO)
VALUES ('Suministro de equipos de filtración y purificación de agua. Revisión realizada por el equipo técnico.', 22, 1, 5);
INSERT INTO FIDE_DETALLE_ENTREGA_TB (DESCRIPCION, CANTIDAD, ID_ENTREGA, ID_ESTADO)
VALUES ('Suministro de suplementos nutricionales y medicamentos. Revisión realizada por el equipo técnico.', 9, 2, 5);
INSERT INTO FIDE_DETALLE_ENTREGA_TB (DESCRIPCION, CANTIDAD, ID_ENTREGA, ID_ESTADO)
VALUES ('Entrega de alimentos especializados para peces tropicales. Revisión realizada por el equipo técnico.', 49, 3, 5);
INSERT INTO FIDE_DETALLE_ENTREGA_TB (DESCRIPCION, CANTIDAD, ID_ENTREGA, ID_ESTADO)
VALUES ('Mantenimiento de tanques y sistemas de iluminación LED. Revisión realizada por el equipo técnico.', 47, 4, 3);
INSERT INTO FIDE_DETALLE_ENTREGA_TB (DESCRIPCION, CANTIDAD, ID_ENTREGA, ID_ESTADO)
VALUES ('Suministro de equipos de filtración y purificación de agua. Revisión realizada por el equipo técnico.', 17, 5, 3);
INSERT INTO FIDE_DETALLE_ENTREGA_TB (DESCRIPCION, CANTIDAD, ID_ENTREGA, ID_ESTADO)
VALUES ('Recepción de animales marinos provenientes de otras sedes. Revisión realizada por el equipo técnico.', 31, 6, 3);
INSERT INTO FIDE_DETALLE_ENTREGA_TB (DESCRIPCION, CANTIDAD, ID_ENTREGA, ID_ESTADO)
VALUES ('Reposición de corales artificiales y decoraciones marinas. Revisión realizada por el equipo técnico.', 31, 7, 4);
INSERT INTO FIDE_DETALLE_ENTREGA_TB (DESCRIPCION, CANTIDAD, ID_ENTREGA, ID_ESTADO)
VALUES ('Entrega de alimentos especializados para peces tropicales. Revisión realizada por el equipo técnico.', 3, 8, 3);
INSERT INTO FIDE_DETALLE_ENTREGA_TB (DESCRIPCION, CANTIDAD, ID_ENTREGA, ID_ESTADO)
VALUES ('Recepción de animales marinos provenientes de otras sedes. Revisión realizada por el equipo técnico.', 32, 9, 4);
INSERT INTO FIDE_DETALLE_ENTREGA_TB (DESCRIPCION, CANTIDAD, ID_ENTREGA, ID_ESTADO)
VALUES ('Envío de muestras de agua para análisis de calidad química. Revisión realizada por el equipo técnico.', 45, 10, 5);
INSERT INTO FIDE_DETALLE_ENTREGA_TB (DESCRIPCION, CANTIDAD, ID_ENTREGA, ID_ESTADO)
VALUES ('Entrega de alimentos especializados para peces tropicales. Revisión realizada por el equipo técnico.', 39, 11, 3);
INSERT INTO FIDE_DETALLE_ENTREGA_TB (DESCRIPCION, CANTIDAD, ID_ENTREGA, ID_ESTADO)
VALUES ('Envío de muestras de agua para análisis de calidad química. Revisión realizada por el equipo técnico.', 18, 12, 5);
INSERT INTO FIDE_DETALLE_ENTREGA_TB (DESCRIPCION, CANTIDAD, ID_ENTREGA, ID_ESTADO)
VALUES ('Entrega de alimentos especializados para peces tropicales. Revisión realizada por el equipo técnico.', 3, 13, 3);
INSERT INTO FIDE_DETALLE_ENTREGA_TB (DESCRIPCION, CANTIDAD, ID_ENTREGA, ID_ESTADO)
VALUES ('Envío de muestras de agua para análisis de calidad química. Revisión realizada por el equipo técnico.', 13, 14, 4);
INSERT INTO FIDE_DETALLE_ENTREGA_TB (DESCRIPCION, CANTIDAD, ID_ENTREGA, ID_ESTADO)
VALUES ('Mantenimiento de tanques y sistemas de iluminación LED. Revisión realizada por el equipo técnico.', 32, 15, 4);
INSERT INTO FIDE_DETALLE_ENTREGA_TB (DESCRIPCION, CANTIDAD, ID_ENTREGA, ID_ESTADO)
VALUES ('Reposición de corales artificiales y decoraciones marinas. Revisión realizada por el equipo técnico.', 19, 16, 5);
INSERT INTO FIDE_DETALLE_ENTREGA_TB (DESCRIPCION, CANTIDAD, ID_ENTREGA, ID_ESTADO)
VALUES ('Entrega de productos de limpieza y tratamiento de acuarios. Revisión realizada por el equipo técnico.', 14, 17, 4);
INSERT INTO FIDE_DETALLE_ENTREGA_TB (DESCRIPCION, CANTIDAD, ID_ENTREGA, ID_ESTADO)
VALUES ('Reposición de corales artificiales y decoraciones marinas. Revisión realizada por el equipo técnico.', 2, 18, 4);
INSERT INTO FIDE_DETALLE_ENTREGA_TB (DESCRIPCION, CANTIDAD, ID_ENTREGA, ID_ESTADO)
VALUES ('Instalación de bombas de agua y sistemas de oxigenación. Revisión realizada por el equipo técnico.', 8, 19, 5);
INSERT INTO FIDE_DETALLE_ENTREGA_TB (DESCRIPCION, CANTIDAD, ID_ENTREGA, ID_ESTADO)
VALUES ('Transporte de nuevas especies marinas para exhibición. Revisión realizada por el equipo técnico.', 34, 20, 3);
INSERT INTO FIDE_DETALLE_ENTREGA_TB (DESCRIPCION, CANTIDAD, ID_ENTREGA, ID_ESTADO)
VALUES ('Reposición de corales artificiales y decoraciones marinas. Revisión realizada por el equipo técnico.', 27, 21, 5);
INSERT INTO FIDE_DETALLE_ENTREGA_TB (DESCRIPCION, CANTIDAD, ID_ENTREGA, ID_ESTADO)
VALUES ('Recepción de animales marinos provenientes de otras sedes. Revisión realizada por el equipo técnico.', 35, 22, 3);
INSERT INTO FIDE_DETALLE_ENTREGA_TB (DESCRIPCION, CANTIDAD, ID_ENTREGA, ID_ESTADO)
VALUES ('Transporte de nuevas especies marinas para exhibición. Revisión realizada por el equipo técnico.', 21, 23, 3);
INSERT INTO FIDE_DETALLE_ENTREGA_TB (DESCRIPCION, CANTIDAD, ID_ENTREGA, ID_ESTADO)
VALUES ('Entrega de productos de limpieza y tratamiento de acuarios. Revisión realizada por el equipo técnico.', 47, 24, 4);
INSERT INTO FIDE_DETALLE_ENTREGA_TB (DESCRIPCION, CANTIDAD, ID_ENTREGA, ID_ESTADO)
VALUES ('Entrega de productos de limpieza y tratamiento de acuarios. Revisión realizada por el equipo técnico.', 15, 25, 4);
INSERT INTO FIDE_DETALLE_ENTREGA_TB (DESCRIPCION, CANTIDAD, ID_ENTREGA, ID_ESTADO)
VALUES ('Entrega de productos de limpieza y tratamiento de acuarios. Revisión realizada por el equipo técnico.', 11, 26, 4);
INSERT INTO FIDE_DETALLE_ENTREGA_TB (DESCRIPCION, CANTIDAD, ID_ENTREGA, ID_ESTADO)
VALUES ('Instalación de bombas de agua y sistemas de oxigenación. Revisión realizada por el equipo técnico.', 20, 27, 5);
INSERT INTO FIDE_DETALLE_ENTREGA_TB (DESCRIPCION, CANTIDAD, ID_ENTREGA, ID_ESTADO)
VALUES ('Recepción de animales marinos provenientes de otras sedes. Revisión realizada por el equipo técnico.', 4, 28, 4);
INSERT INTO FIDE_DETALLE_ENTREGA_TB (DESCRIPCION, CANTIDAD, ID_ENTREGA, ID_ESTADO)
VALUES ('Transporte de nuevas especies marinas para exhibición. Revisión realizada por el equipo técnico.', 49, 29, 4);
INSERT INTO FIDE_DETALLE_ENTREGA_TB (DESCRIPCION, CANTIDAD, ID_ENTREGA, ID_ESTADO)
VALUES ('Entrega de alimentos especializados para peces tropicales. Revisión realizada por el equipo técnico.', 25, 30, 5);
INSERT INTO FIDE_DETALLE_ENTREGA_TB (DESCRIPCION, CANTIDAD, ID_ENTREGA, ID_ESTADO)
VALUES ('Recepción de animales marinos provenientes de otras sedes. Revisión realizada por el equipo técnico.', 26, 31, 5);
INSERT INTO FIDE_DETALLE_ENTREGA_TB (DESCRIPCION, CANTIDAD, ID_ENTREGA, ID_ESTADO)
VALUES ('Recepción de animales marinos provenientes de otras sedes. Revisión realizada por el equipo técnico.', 48, 32, 4);
INSERT INTO FIDE_DETALLE_ENTREGA_TB (DESCRIPCION, CANTIDAD, ID_ENTREGA, ID_ESTADO)
VALUES ('Envío de muestras de agua para análisis de calidad química. Revisión realizada por el equipo técnico.', 38, 33, 5);
INSERT INTO FIDE_DETALLE_ENTREGA_TB (DESCRIPCION, CANTIDAD, ID_ENTREGA, ID_ESTADO)
VALUES ('Entrega de productos de limpieza y tratamiento de acuarios. Revisión realizada por el equipo técnico.', 4, 34, 4);
INSERT INTO FIDE_DETALLE_ENTREGA_TB (DESCRIPCION, CANTIDAD, ID_ENTREGA, ID_ESTADO)
VALUES ('Entrega de productos de limpieza y tratamiento de acuarios. Revisión realizada por el equipo técnico.', 35, 35, 5);
INSERT INTO FIDE_DETALLE_ENTREGA_TB (DESCRIPCION, CANTIDAD, ID_ENTREGA, ID_ESTADO)
VALUES ('Instalación de bombas de agua y sistemas de oxigenación. Revisión realizada por el equipo técnico.', 36, 36, 5);
INSERT INTO FIDE_DETALLE_ENTREGA_TB (DESCRIPCION, CANTIDAD, ID_ENTREGA, ID_ESTADO)
VALUES ('Suministro de suplementos nutricionales y medicamentos. Revisión realizada por el equipo técnico.', 32, 37, 3);
INSERT INTO FIDE_DETALLE_ENTREGA_TB (DESCRIPCION, CANTIDAD, ID_ENTREGA, ID_ESTADO)
VALUES ('Envío de muestras de agua para análisis de calidad química. Revisión realizada por el equipo técnico.', 7, 38, 3);
INSERT INTO FIDE_DETALLE_ENTREGA_TB (DESCRIPCION, CANTIDAD, ID_ENTREGA, ID_ESTADO)
VALUES ('Instalación de bombas de agua y sistemas de oxigenación. Revisión realizada por el equipo técnico.', 22, 39, 3);
INSERT INTO FIDE_DETALLE_ENTREGA_TB (DESCRIPCION, CANTIDAD, ID_ENTREGA, ID_ESTADO)
VALUES ('Transporte de nuevas especies marinas para exhibición. Revisión realizada por el equipo técnico.', 20, 40, 5);
INSERT INTO FIDE_DETALLE_ENTREGA_TB (DESCRIPCION, CANTIDAD, ID_ENTREGA, ID_ESTADO)
VALUES ('Transporte de nuevas especies marinas para exhibición. Revisión realizada por el equipo técnico.', 11, 41, 3);
INSERT INTO FIDE_DETALLE_ENTREGA_TB (DESCRIPCION, CANTIDAD, ID_ENTREGA, ID_ESTADO)
VALUES ('Recepción de animales marinos provenientes de otras sedes. Revisión realizada por el equipo técnico.', 11, 42, 4);
INSERT INTO FIDE_DETALLE_ENTREGA_TB (DESCRIPCION, CANTIDAD, ID_ENTREGA, ID_ESTADO)
VALUES ('Reposición de corales artificiales y decoraciones marinas. Revisión realizada por el equipo técnico.', 36, 43, 4);
INSERT INTO FIDE_DETALLE_ENTREGA_TB (DESCRIPCION, CANTIDAD, ID_ENTREGA, ID_ESTADO)
VALUES ('Mantenimiento de tanques y sistemas de iluminación LED. Revisión realizada por el equipo técnico.', 33, 44, 3);
INSERT INTO FIDE_DETALLE_ENTREGA_TB (DESCRIPCION, CANTIDAD, ID_ENTREGA, ID_ESTADO)
VALUES ('Suministro de suplementos nutricionales y medicamentos. Revisión realizada por el equipo técnico.', 11, 45, 3);
INSERT INTO FIDE_DETALLE_ENTREGA_TB (DESCRIPCION, CANTIDAD, ID_ENTREGA, ID_ESTADO)
VALUES ('Instalación de bombas de agua y sistemas de oxigenación. Revisión realizada por el equipo técnico.', 5, 46, 5);
INSERT INTO FIDE_DETALLE_ENTREGA_TB (DESCRIPCION, CANTIDAD, ID_ENTREGA, ID_ESTADO)
VALUES ('Instalación de bombas de agua y sistemas de oxigenación. Revisión realizada por el equipo técnico.', 29, 47, 5);
INSERT INTO FIDE_DETALLE_ENTREGA_TB (DESCRIPCION, CANTIDAD, ID_ENTREGA, ID_ESTADO)
VALUES ('Transporte de nuevas especies marinas para exhibición. Revisión realizada por el equipo técnico.', 41, 48, 5);
INSERT INTO FIDE_DETALLE_ENTREGA_TB (DESCRIPCION, CANTIDAD, ID_ENTREGA, ID_ESTADO)
VALUES ('Suministro de suplementos nutricionales y medicamentos. Revisión realizada por el equipo técnico.', 4, 49, 3);
INSERT INTO FIDE_DETALLE_ENTREGA_TB (DESCRIPCION, CANTIDAD, ID_ENTREGA, ID_ESTADO)
VALUES ('Transporte de nuevas especies marinas para exhibición. Revisión realizada por el equipo técnico.', 37, 50, 5);
INSERT INTO FIDE_DETALLE_ENTREGA_TB (DESCRIPCION, CANTIDAD, ID_ENTREGA, ID_ESTADO)
VALUES ('Entrega de alimentos especializados para peces tropicales. Revisión realizada por el equipo técnico.', 35, 51, 4);
INSERT INTO FIDE_DETALLE_ENTREGA_TB (DESCRIPCION, CANTIDAD, ID_ENTREGA, ID_ESTADO)
VALUES ('Reposición de corales artificiales y decoraciones marinas. Revisión realizada por el equipo técnico.', 6, 52, 5);
INSERT INTO FIDE_DETALLE_ENTREGA_TB (DESCRIPCION, CANTIDAD, ID_ENTREGA, ID_ESTADO)
VALUES ('Mantenimiento de tanques y sistemas de iluminación LED. Revisión realizada por el equipo técnico.', 43, 53, 4);
INSERT INTO FIDE_DETALLE_ENTREGA_TB (DESCRIPCION, CANTIDAD, ID_ENTREGA, ID_ESTADO)
VALUES ('Recepción de animales marinos provenientes de otras sedes. Revisión realizada por el equipo técnico.', 29, 54, 3);
INSERT INTO FIDE_DETALLE_ENTREGA_TB (DESCRIPCION, CANTIDAD, ID_ENTREGA, ID_ESTADO)
VALUES ('Envío de muestras de agua para análisis de calidad química. Revisión realizada por el equipo técnico.', 31, 55, 5);
INSERT INTO FIDE_DETALLE_ENTREGA_TB (DESCRIPCION, CANTIDAD, ID_ENTREGA, ID_ESTADO)
VALUES ('Instalación de bombas de agua y sistemas de oxigenación. Revisión realizada por el equipo técnico.', 31, 56, 4);
INSERT INTO FIDE_DETALLE_ENTREGA_TB (DESCRIPCION, CANTIDAD, ID_ENTREGA, ID_ESTADO)
VALUES ('Recepción de animales marinos provenientes de otras sedes. Revisión realizada por el equipo técnico.', 49, 57, 4);
INSERT INTO FIDE_DETALLE_ENTREGA_TB (DESCRIPCION, CANTIDAD, ID_ENTREGA, ID_ESTADO)
VALUES ('Reposición de corales artificiales y decoraciones marinas. Revisión realizada por el equipo técnico.', 6, 58, 5);
INSERT INTO FIDE_DETALLE_ENTREGA_TB (DESCRIPCION, CANTIDAD, ID_ENTREGA, ID_ESTADO)
VALUES ('Entrega de alimentos especializados para peces tropicales. Revisión realizada por el equipo técnico.', 18, 59, 3);
INSERT INTO FIDE_DETALLE_ENTREGA_TB (DESCRIPCION, CANTIDAD, ID_ENTREGA, ID_ESTADO)
VALUES ('Reposición de corales artificiales y decoraciones marinas. Revisión realizada por el equipo técnico.', 31, 60, 3);
INSERT INTO FIDE_DETALLE_ENTREGA_TB (DESCRIPCION, CANTIDAD, ID_ENTREGA, ID_ESTADO)
VALUES ('Instalación de bombas de agua y sistemas de oxigenación. Revisión realizada por el equipo técnico.', 50, 61, 5);
INSERT INTO FIDE_DETALLE_ENTREGA_TB (DESCRIPCION, CANTIDAD, ID_ENTREGA, ID_ESTADO)
VALUES ('Entrega de productos de limpieza y tratamiento de acuarios. Revisión realizada por el equipo técnico.', 7, 62, 5);
INSERT INTO FIDE_DETALLE_ENTREGA_TB (DESCRIPCION, CANTIDAD, ID_ENTREGA, ID_ESTADO)
VALUES ('Mantenimiento de tanques y sistemas de iluminación LED. Revisión realizada por el equipo técnico.', 40, 63, 4);
INSERT INTO FIDE_DETALLE_ENTREGA_TB (DESCRIPCION, CANTIDAD, ID_ENTREGA, ID_ESTADO)
VALUES ('Instalación de bombas de agua y sistemas de oxigenación. Revisión realizada por el equipo técnico.', 7, 64, 5);
INSERT INTO FIDE_DETALLE_ENTREGA_TB (DESCRIPCION, CANTIDAD, ID_ENTREGA, ID_ESTADO)
VALUES ('Entrega de productos de limpieza y tratamiento de acuarios. Revisión realizada por el equipo técnico.', 46, 65, 4);
INSERT INTO FIDE_DETALLE_ENTREGA_TB (DESCRIPCION, CANTIDAD, ID_ENTREGA, ID_ESTADO)
VALUES ('Mantenimiento de tanques y sistemas de iluminación LED. Revisión realizada por el equipo técnico.', 28, 66, 3);
INSERT INTO FIDE_DETALLE_ENTREGA_TB (DESCRIPCION, CANTIDAD, ID_ENTREGA, ID_ESTADO)
VALUES ('Suministro de suplementos nutricionales y medicamentos. Revisión realizada por el equipo técnico.', 39, 67, 5);
INSERT INTO FIDE_DETALLE_ENTREGA_TB (DESCRIPCION, CANTIDAD, ID_ENTREGA, ID_ESTADO)
VALUES ('Entrega de productos de limpieza y tratamiento de acuarios. Revisión realizada por el equipo técnico.', 37, 68, 3);
INSERT INTO FIDE_DETALLE_ENTREGA_TB (DESCRIPCION, CANTIDAD, ID_ENTREGA, ID_ESTADO)
VALUES ('Reposición de corales artificiales y decoraciones marinas. Revisión realizada por el equipo técnico.', 31, 69, 3);
INSERT INTO FIDE_DETALLE_ENTREGA_TB (DESCRIPCION, CANTIDAD, ID_ENTREGA, ID_ESTADO)
VALUES ('Suministro de suplementos nutricionales y medicamentos. Revisión realizada por el equipo técnico.', 20, 70, 5);
INSERT INTO FIDE_DETALLE_ENTREGA_TB (DESCRIPCION, CANTIDAD, ID_ENTREGA, ID_ESTADO)
VALUES ('Recepción de animales marinos provenientes de otras sedes. Revisión realizada por el equipo técnico.', 38, 71, 4);
INSERT INTO FIDE_DETALLE_ENTREGA_TB (DESCRIPCION, CANTIDAD, ID_ENTREGA, ID_ESTADO)
VALUES ('Suministro de equipos de filtración y purificación de agua. Revisión realizada por el equipo técnico.', 22, 72, 5);
INSERT INTO FIDE_DETALLE_ENTREGA_TB (DESCRIPCION, CANTIDAD, ID_ENTREGA, ID_ESTADO)
VALUES ('Instalación de bombas de agua y sistemas de oxigenación. Revisión realizada por el equipo técnico.', 7, 73, 3);
INSERT INTO FIDE_DETALLE_ENTREGA_TB (DESCRIPCION, CANTIDAD, ID_ENTREGA, ID_ESTADO)
VALUES ('Recepción de animales marinos provenientes de otras sedes. Revisión realizada por el equipo técnico.', 40, 74, 4);
INSERT INTO FIDE_DETALLE_ENTREGA_TB (DESCRIPCION, CANTIDAD, ID_ENTREGA, ID_ESTADO)
VALUES ('Suministro de suplementos nutricionales y medicamentos. Revisión realizada por el equipo técnico.', 26, 75, 3);
INSERT INTO FIDE_DETALLE_ENTREGA_TB (DESCRIPCION, CANTIDAD, ID_ENTREGA, ID_ESTADO)
VALUES ('Entrega de alimentos especializados para peces tropicales. Revisión realizada por el equipo técnico.', 4, 76, 5);
INSERT INTO FIDE_DETALLE_ENTREGA_TB (DESCRIPCION, CANTIDAD, ID_ENTREGA, ID_ESTADO)
VALUES ('Recepción de animales marinos provenientes de otras sedes. Revisión realizada por el equipo técnico.', 7, 77, 3);
INSERT INTO FIDE_DETALLE_ENTREGA_TB (DESCRIPCION, CANTIDAD, ID_ENTREGA, ID_ESTADO)
VALUES ('Transporte de nuevas especies marinas para exhibición. Revisión realizada por el equipo técnico.', 18, 78, 3);
INSERT INTO FIDE_DETALLE_ENTREGA_TB (DESCRIPCION, CANTIDAD, ID_ENTREGA, ID_ESTADO)
VALUES ('Envío de muestras de agua para análisis de calidad química. Revisión realizada por el equipo técnico.', 37, 79, 5);
INSERT INTO FIDE_DETALLE_ENTREGA_TB (DESCRIPCION, CANTIDAD, ID_ENTREGA, ID_ESTADO)
VALUES ('Entrega de productos de limpieza y tratamiento de acuarios. Revisión realizada por el equipo técnico.', 14, 80, 3);
INSERT INTO FIDE_DETALLE_ENTREGA_TB (DESCRIPCION, CANTIDAD, ID_ENTREGA, ID_ESTADO)
VALUES ('Instalación de bombas de agua y sistemas de oxigenación. Revisión realizada por el equipo técnico.', 42, 81, 5);
INSERT INTO FIDE_DETALLE_ENTREGA_TB (DESCRIPCION, CANTIDAD, ID_ENTREGA, ID_ESTADO)
VALUES ('Mantenimiento de tanques y sistemas de iluminación LED. Revisión realizada por el equipo técnico.', 33, 82, 5);
INSERT INTO FIDE_DETALLE_ENTREGA_TB (DESCRIPCION, CANTIDAD, ID_ENTREGA, ID_ESTADO)
VALUES ('Recepción de animales marinos provenientes de otras sedes. Revisión realizada por el equipo técnico.', 28, 83, 3);
INSERT INTO FIDE_DETALLE_ENTREGA_TB (DESCRIPCION, CANTIDAD, ID_ENTREGA, ID_ESTADO)
VALUES ('Suministro de suplementos nutricionales y medicamentos. Revisión realizada por el equipo técnico.', 41, 84, 5);
INSERT INTO FIDE_DETALLE_ENTREGA_TB (DESCRIPCION, CANTIDAD, ID_ENTREGA, ID_ESTADO)
VALUES ('Entrega de productos de limpieza y tratamiento de acuarios. Revisión realizada por el equipo técnico.', 31, 85, 4);
INSERT INTO FIDE_DETALLE_ENTREGA_TB (DESCRIPCION, CANTIDAD, ID_ENTREGA, ID_ESTADO)
VALUES ('Suministro de equipos de filtración y purificación de agua. Revisión realizada por el equipo técnico.', 49, 86, 3);
INSERT INTO FIDE_DETALLE_ENTREGA_TB (DESCRIPCION, CANTIDAD, ID_ENTREGA, ID_ESTADO)
VALUES ('Envío de muestras de agua para análisis de calidad química. Revisión realizada por el equipo técnico.', 12, 87, 5);
INSERT INTO FIDE_DETALLE_ENTREGA_TB (DESCRIPCION, CANTIDAD, ID_ENTREGA, ID_ESTADO)
VALUES ('Instalación de bombas de agua y sistemas de oxigenación. Revisión realizada por el equipo técnico.', 1, 88, 4);
INSERT INTO FIDE_DETALLE_ENTREGA_TB (DESCRIPCION, CANTIDAD, ID_ENTREGA, ID_ESTADO)
VALUES ('Recepción de animales marinos provenientes de otras sedes. Revisión realizada por el equipo técnico.', 47, 89, 3);
INSERT INTO FIDE_DETALLE_ENTREGA_TB (DESCRIPCION, CANTIDAD, ID_ENTREGA, ID_ESTADO)
VALUES ('Recepción de animales marinos provenientes de otras sedes. Revisión realizada por el equipo técnico.', 12, 90, 3);
INSERT INTO FIDE_DETALLE_ENTREGA_TB (DESCRIPCION, CANTIDAD, ID_ENTREGA, ID_ESTADO)
VALUES ('Suministro de equipos de filtración y purificación de agua. Revisión realizada por el equipo técnico.', 43, 91, 4);
INSERT INTO FIDE_DETALLE_ENTREGA_TB (DESCRIPCION, CANTIDAD, ID_ENTREGA, ID_ESTADO)
VALUES ('Suministro de suplementos nutricionales y medicamentos. Revisión realizada por el equipo técnico.', 18, 92, 5);
INSERT INTO FIDE_DETALLE_ENTREGA_TB (DESCRIPCION, CANTIDAD, ID_ENTREGA, ID_ESTADO)
VALUES ('Suministro de suplementos nutricionales y medicamentos. Revisión realizada por el equipo técnico.', 29, 93, 4);
INSERT INTO FIDE_DETALLE_ENTREGA_TB (DESCRIPCION, CANTIDAD, ID_ENTREGA, ID_ESTADO)
VALUES ('Reposición de corales artificiales y decoraciones marinas. Revisión realizada por el equipo técnico.', 17, 94, 4);
INSERT INTO FIDE_DETALLE_ENTREGA_TB (DESCRIPCION, CANTIDAD, ID_ENTREGA, ID_ESTADO)
VALUES ('Entrega de productos de limpieza y tratamiento de acuarios. Revisión realizada por el equipo técnico.', 39, 95, 5);
INSERT INTO FIDE_DETALLE_ENTREGA_TB (DESCRIPCION, CANTIDAD, ID_ENTREGA, ID_ESTADO)
VALUES ('Entrega de alimentos especializados para peces tropicales. Revisión realizada por el equipo técnico.', 27, 96, 4);
INSERT INTO FIDE_DETALLE_ENTREGA_TB (DESCRIPCION, CANTIDAD, ID_ENTREGA, ID_ESTADO)
VALUES ('Recepción de animales marinos provenientes de otras sedes. Revisión realizada por el equipo técnico.', 20, 97, 5);
INSERT INTO FIDE_DETALLE_ENTREGA_TB (DESCRIPCION, CANTIDAD, ID_ENTREGA, ID_ESTADO)
VALUES ('Entrega de alimentos especializados para peces tropicales. Revisión realizada por el equipo técnico.', 26, 98, 3);
INSERT INTO FIDE_DETALLE_ENTREGA_TB (DESCRIPCION, CANTIDAD, ID_ENTREGA, ID_ESTADO)
VALUES ('Entrega de alimentos especializados para peces tropicales. Revisión realizada por el equipo técnico.', 26, 99, 5);
INSERT INTO FIDE_DETALLE_ENTREGA_TB (DESCRIPCION, CANTIDAD, ID_ENTREGA, ID_ESTADO)
VALUES ('Mantenimiento de tanques y sistemas de iluminación LED. Revisión realizada por el equipo técnico.', 39, 100, 5);
INSERT INTO FIDE_DETALLE_ENTREGA_TB (DESCRIPCION, CANTIDAD, ID_ENTREGA, ID_ESTADO)
VALUES ('Instalación de bombas de agua y sistemas de oxigenación. Revisión realizada por el equipo técnico.', 39, 101, 4);
INSERT INTO FIDE_DETALLE_ENTREGA_TB (DESCRIPCION, CANTIDAD, ID_ENTREGA, ID_ESTADO)
VALUES ('Entrega de alimentos especializados para peces tropicales. Revisión realizada por el equipo técnico.', 19, 102, 4);
INSERT INTO FIDE_DETALLE_ENTREGA_TB (DESCRIPCION, CANTIDAD, ID_ENTREGA, ID_ESTADO)
VALUES ('Transporte de nuevas especies marinas para exhibición. Revisión realizada por el equipo técnico.', 1, 103, 4);
INSERT INTO FIDE_DETALLE_ENTREGA_TB (DESCRIPCION, CANTIDAD, ID_ENTREGA, ID_ESTADO)
VALUES ('Mantenimiento de tanques y sistemas de iluminación LED. Revisión realizada por el equipo técnico.', 16, 104, 4);
INSERT INTO FIDE_DETALLE_ENTREGA_TB (DESCRIPCION, CANTIDAD, ID_ENTREGA, ID_ESTADO)
VALUES ('Entrega de productos de limpieza y tratamiento de acuarios. Revisión realizada por el equipo técnico.', 38, 105, 5);
INSERT INTO FIDE_DETALLE_ENTREGA_TB (DESCRIPCION, CANTIDAD, ID_ENTREGA, ID_ESTADO)
VALUES ('Recepción de animales marinos provenientes de otras sedes. Revisión realizada por el equipo técnico.', 29, 106, 3);
INSERT INTO FIDE_DETALLE_ENTREGA_TB (DESCRIPCION, CANTIDAD, ID_ENTREGA, ID_ESTADO)
VALUES ('Instalación de bombas de agua y sistemas de oxigenación. Revisión realizada por el equipo técnico.', 5, 107, 5);
INSERT INTO FIDE_DETALLE_ENTREGA_TB (DESCRIPCION, CANTIDAD, ID_ENTREGA, ID_ESTADO)
VALUES ('Transporte de nuevas especies marinas para exhibición. Revisión realizada por el equipo técnico.', 41, 108, 5);
INSERT INTO FIDE_DETALLE_ENTREGA_TB (DESCRIPCION, CANTIDAD, ID_ENTREGA, ID_ESTADO)
VALUES ('Envío de muestras de agua para análisis de calidad química. Revisión realizada por el equipo técnico.', 4, 109, 5);
INSERT INTO FIDE_DETALLE_ENTREGA_TB (DESCRIPCION, CANTIDAD, ID_ENTREGA, ID_ESTADO)
VALUES ('Entrega de productos de limpieza y tratamiento de acuarios. Revisión realizada por el equipo técnico.', 3, 110, 3);
INSERT INTO FIDE_DETALLE_ENTREGA_TB (DESCRIPCION, CANTIDAD, ID_ENTREGA, ID_ESTADO)
VALUES ('Instalación de bombas de agua y sistemas de oxigenación. Revisión realizada por el equipo técnico.', 28, 111, 5);
INSERT INTO FIDE_DETALLE_ENTREGA_TB (DESCRIPCION, CANTIDAD, ID_ENTREGA, ID_ESTADO)
VALUES ('Mantenimiento de tanques y sistemas de iluminación LED. Revisión realizada por el equipo técnico.', 24, 112, 3);
INSERT INTO FIDE_DETALLE_ENTREGA_TB (DESCRIPCION, CANTIDAD, ID_ENTREGA, ID_ESTADO)
VALUES ('Instalación de bombas de agua y sistemas de oxigenación. Revisión realizada por el equipo técnico.', 48, 113, 4);
INSERT INTO FIDE_DETALLE_ENTREGA_TB (DESCRIPCION, CANTIDAD, ID_ENTREGA, ID_ESTADO)
VALUES ('Entrega de alimentos especializados para peces tropicales. Revisión realizada por el equipo técnico.', 27, 114, 5);
INSERT INTO FIDE_DETALLE_ENTREGA_TB (DESCRIPCION, CANTIDAD, ID_ENTREGA, ID_ESTADO)
VALUES ('Suministro de suplementos nutricionales y medicamentos. Revisión realizada por el equipo técnico.', 19, 115, 5);
INSERT INTO FIDE_DETALLE_ENTREGA_TB (DESCRIPCION, CANTIDAD, ID_ENTREGA, ID_ESTADO)
VALUES ('Mantenimiento de tanques y sistemas de iluminación LED. Revisión realizada por el equipo técnico.', 39, 116, 3);
INSERT INTO FIDE_DETALLE_ENTREGA_TB (DESCRIPCION, CANTIDAD, ID_ENTREGA, ID_ESTADO)
VALUES ('Entrega de alimentos especializados para peces tropicales. Revisión realizada por el equipo técnico.', 3, 117, 5);
INSERT INTO FIDE_DETALLE_ENTREGA_TB (DESCRIPCION, CANTIDAD, ID_ENTREGA, ID_ESTADO)
VALUES ('Entrega de productos de limpieza y tratamiento de acuarios. Revisión realizada por el equipo técnico.', 12, 118, 4);
INSERT INTO FIDE_DETALLE_ENTREGA_TB (DESCRIPCION, CANTIDAD, ID_ENTREGA, ID_ESTADO)
VALUES ('Suministro de suplementos nutricionales y medicamentos. Revisión realizada por el equipo técnico.', 39, 119, 3);
INSERT INTO FIDE_DETALLE_ENTREGA_TB (DESCRIPCION, CANTIDAD, ID_ENTREGA, ID_ESTADO)
VALUES ('Recepción de animales marinos provenientes de otras sedes. Revisión realizada por el equipo técnico.', 40, 120, 3);
INSERT INTO FIDE_DETALLE_ENTREGA_TB (DESCRIPCION, CANTIDAD, ID_ENTREGA, ID_ESTADO)
VALUES ('Suministro de suplementos nutricionales y medicamentos. Revisión realizada por el equipo técnico.', 32, 121, 4);
INSERT INTO FIDE_DETALLE_ENTREGA_TB (DESCRIPCION, CANTIDAD, ID_ENTREGA, ID_ESTADO)
VALUES ('Mantenimiento de tanques y sistemas de iluminación LED. Revisión realizada por el equipo técnico.', 26, 122, 4);
INSERT INTO FIDE_DETALLE_ENTREGA_TB (DESCRIPCION, CANTIDAD, ID_ENTREGA, ID_ESTADO)
VALUES ('Reposición de corales artificiales y decoraciones marinas. Revisión realizada por el equipo técnico.', 30, 123, 5);
INSERT INTO FIDE_DETALLE_ENTREGA_TB (DESCRIPCION, CANTIDAD, ID_ENTREGA, ID_ESTADO)
VALUES ('Suministro de equipos de filtración y purificación de agua. Revisión realizada por el equipo técnico.', 43, 124, 5);
INSERT INTO FIDE_DETALLE_ENTREGA_TB (DESCRIPCION, CANTIDAD, ID_ENTREGA, ID_ESTADO)
VALUES ('Mantenimiento de tanques y sistemas de iluminación LED. Revisión realizada por el equipo técnico.', 12, 125, 3);
INSERT INTO FIDE_DETALLE_ENTREGA_TB (DESCRIPCION, CANTIDAD, ID_ENTREGA, ID_ESTADO)
VALUES ('Envío de muestras de agua para análisis de calidad química. Revisión realizada por el equipo técnico.', 38, 126, 4);
INSERT INTO FIDE_DETALLE_ENTREGA_TB (DESCRIPCION, CANTIDAD, ID_ENTREGA, ID_ESTADO)
VALUES ('Mantenimiento de tanques y sistemas de iluminación LED. Revisión realizada por el equipo técnico.', 42, 127, 4);
INSERT INTO FIDE_DETALLE_ENTREGA_TB (DESCRIPCION, CANTIDAD, ID_ENTREGA, ID_ESTADO)
VALUES ('Instalación de bombas de agua y sistemas de oxigenación. Revisión realizada por el equipo técnico.', 46, 128, 5);
INSERT INTO FIDE_DETALLE_ENTREGA_TB (DESCRIPCION, CANTIDAD, ID_ENTREGA, ID_ESTADO)
VALUES ('Mantenimiento de tanques y sistemas de iluminación LED. Revisión realizada por el equipo técnico.', 8, 129, 5);
INSERT INTO FIDE_DETALLE_ENTREGA_TB (DESCRIPCION, CANTIDAD, ID_ENTREGA, ID_ESTADO)
VALUES ('Entrega de alimentos especializados para peces tropicales. Revisión realizada por el equipo técnico.', 4, 130, 4);
INSERT INTO FIDE_DETALLE_ENTREGA_TB (DESCRIPCION, CANTIDAD, ID_ENTREGA, ID_ESTADO)
VALUES ('Reposición de corales artificiales y decoraciones marinas. Revisión realizada por el equipo técnico.', 6, 131, 5);
INSERT INTO FIDE_DETALLE_ENTREGA_TB (DESCRIPCION, CANTIDAD, ID_ENTREGA, ID_ESTADO)
VALUES ('Envío de muestras de agua para análisis de calidad química. Revisión realizada por el equipo técnico.', 47, 132, 4);
INSERT INTO FIDE_DETALLE_ENTREGA_TB (DESCRIPCION, CANTIDAD, ID_ENTREGA, ID_ESTADO)
VALUES ('Recepción de animales marinos provenientes de otras sedes. Revisión realizada por el equipo técnico.', 27, 133, 4);
INSERT INTO FIDE_DETALLE_ENTREGA_TB (DESCRIPCION, CANTIDAD, ID_ENTREGA, ID_ESTADO)
VALUES ('Recepción de animales marinos provenientes de otras sedes. Revisión realizada por el equipo técnico.', 34, 134, 5);
INSERT INTO FIDE_DETALLE_ENTREGA_TB (DESCRIPCION, CANTIDAD, ID_ENTREGA, ID_ESTADO)
VALUES ('Recepción de animales marinos provenientes de otras sedes. Revisión realizada por el equipo técnico.', 26, 135, 4);
INSERT INTO FIDE_DETALLE_ENTREGA_TB (DESCRIPCION, CANTIDAD, ID_ENTREGA, ID_ESTADO)
VALUES ('Instalación de bombas de agua y sistemas de oxigenación. Revisión realizada por el equipo técnico.', 12, 136, 4);
INSERT INTO FIDE_DETALLE_ENTREGA_TB (DESCRIPCION, CANTIDAD, ID_ENTREGA, ID_ESTADO)
VALUES ('Suministro de suplementos nutricionales y medicamentos. Revisión realizada por el equipo técnico.', 32, 137, 3);
INSERT INTO FIDE_DETALLE_ENTREGA_TB (DESCRIPCION, CANTIDAD, ID_ENTREGA, ID_ESTADO)
VALUES ('Reposición de corales artificiales y decoraciones marinas. Revisión realizada por el equipo técnico.', 33, 138, 5);
INSERT INTO FIDE_DETALLE_ENTREGA_TB (DESCRIPCION, CANTIDAD, ID_ENTREGA, ID_ESTADO)
VALUES ('Suministro de suplementos nutricionales y medicamentos. Revisión realizada por el equipo técnico.', 30, 139, 4);
INSERT INTO FIDE_DETALLE_ENTREGA_TB (DESCRIPCION, CANTIDAD, ID_ENTREGA, ID_ESTADO)
VALUES ('Suministro de equipos de filtración y purificación de agua. Revisión realizada por el equipo técnico.', 9, 140, 4);
INSERT INTO FIDE_DETALLE_ENTREGA_TB (DESCRIPCION, CANTIDAD, ID_ENTREGA, ID_ESTADO)
VALUES ('Entrega de productos de limpieza y tratamiento de acuarios. Revisión realizada por el equipo técnico.', 33, 141, 5);
INSERT INTO FIDE_DETALLE_ENTREGA_TB (DESCRIPCION, CANTIDAD, ID_ENTREGA, ID_ESTADO)
VALUES ('Suministro de suplementos nutricionales y medicamentos. Revisión realizada por el equipo técnico.', 30, 142, 5);
INSERT INTO FIDE_DETALLE_ENTREGA_TB (DESCRIPCION, CANTIDAD, ID_ENTREGA, ID_ESTADO)
VALUES ('Suministro de suplementos nutricionales y medicamentos. Revisión realizada por el equipo técnico.', 34, 143, 4);
INSERT INTO FIDE_DETALLE_ENTREGA_TB (DESCRIPCION, CANTIDAD, ID_ENTREGA, ID_ESTADO)
VALUES ('Transporte de nuevas especies marinas para exhibición. Revisión realizada por el equipo técnico.', 41, 144, 4);
INSERT INTO FIDE_DETALLE_ENTREGA_TB (DESCRIPCION, CANTIDAD, ID_ENTREGA, ID_ESTADO)
VALUES ('Transporte de nuevas especies marinas para exhibición. Revisión realizada por el equipo técnico.', 5, 145, 4);
INSERT INTO FIDE_DETALLE_ENTREGA_TB (DESCRIPCION, CANTIDAD, ID_ENTREGA, ID_ESTADO)
VALUES ('Suministro de suplementos nutricionales y medicamentos. Revisión realizada por el equipo técnico.', 41, 146, 5);
INSERT INTO FIDE_DETALLE_ENTREGA_TB (DESCRIPCION, CANTIDAD, ID_ENTREGA, ID_ESTADO)
VALUES ('Instalación de bombas de agua y sistemas de oxigenación. Revisión realizada por el equipo técnico.', 15, 147, 4);
INSERT INTO FIDE_DETALLE_ENTREGA_TB (DESCRIPCION, CANTIDAD, ID_ENTREGA, ID_ESTADO)
VALUES ('Entrega de productos de limpieza y tratamiento de acuarios. Revisión realizada por el equipo técnico.', 15, 148, 4);
INSERT INTO FIDE_DETALLE_ENTREGA_TB (DESCRIPCION, CANTIDAD, ID_ENTREGA, ID_ESTADO)
VALUES ('Entrega de productos de limpieza y tratamiento de acuarios. Revisión realizada por el equipo técnico.', 16, 149, 3);
INSERT INTO FIDE_DETALLE_ENTREGA_TB (DESCRIPCION, CANTIDAD, ID_ENTREGA, ID_ESTADO)
VALUES ('Mantenimiento de tanques y sistemas de iluminación LED. Revisión realizada por el equipo técnico.', 38, 150, 5);


INSERT INTO FIDE_CATEGORIA_TB (ID_CATEGORIA, NOMBRE_CATEGORIA, ID_ESTADO)
VALUES (1, 'Alimentos para peces tropicales', 13);

INSERT INTO FIDE_CATEGORIA_TB (ID_CATEGORIA, NOMBRE_CATEGORIA, ID_ESTADO)
VALUES (2, 'Filtros y bombas acuáticas', 9);

INSERT INTO FIDE_CATEGORIA_TB (ID_CATEGORIA, NOMBRE_CATEGORIA, ID_ESTADO)
VALUES (3, 'Iluminación LED submarina', 6);

INSERT INTO FIDE_CATEGORIA_TB (ID_CATEGORIA, NOMBRE_CATEGORIA, ID_ESTADO)
VALUES (4, 'Decoraciones de hábitat marino', 5);

INSERT INTO FIDE_CATEGORIA_TB (ID_CATEGORIA, NOMBRE_CATEGORIA, ID_ESTADO)
VALUES (5, 'Suplementos nutricionales', 15);

INSERT INTO FIDE_CATEGORIA_TB (ID_CATEGORIA, NOMBRE_CATEGORIA, ID_ESTADO)
VALUES (6, 'Sistemas de calefacción de tanques', 11);

INSERT INTO FIDE_CATEGORIA_TB (ID_CATEGORIA, NOMBRE_CATEGORIA, ID_ESTADO)
VALUES (7, 'Equipos de medición de pH y salinidad', 13);

INSERT INTO FIDE_CATEGORIA_TB (ID_CATEGORIA, NOMBRE_CATEGORIA, ID_ESTADO)
VALUES (8, 'Medicamentos veterinarios marinos', 12);

INSERT INTO FIDE_CATEGORIA_TB (ID_CATEGORIA, NOMBRE_CATEGORIA, ID_ESTADO)
VALUES (9, 'Tanques y acuarios de exhibición', 1);

INSERT INTO FIDE_CATEGORIA_TB (ID_CATEGORIA, NOMBRE_CATEGORIA, ID_ESTADO)
VALUES (10, 'Especies marinas tropicales', 11);

INSERT INTO FIDE_CATEGORIA_TB (ID_CATEGORIA, NOMBRE_CATEGORIA, ID_ESTADO)
VALUES (11, 'Accesorios de limpieza acuática', 1);

INSERT INTO FIDE_CATEGORIA_TB (ID_CATEGORIA, NOMBRE_CATEGORIA, ID_ESTADO)
VALUES (12, 'Sistemas de oxigenación', 12);

INSERT INTO FIDE_CATEGORIA_TB (ID_CATEGORIA, NOMBRE_CATEGORIA, ID_ESTADO)
VALUES (13, 'Instrumentos de monitoreo ambiental', 5);

INSERT INTO FIDE_CATEGORIA_TB (ID_CATEGORIA, NOMBRE_CATEGORIA, ID_ESTADO)
VALUES (14, 'Alimentos vivos (larvas, camarones)', 12);

INSERT INTO FIDE_CATEGORIA_TB (ID_CATEGORIA, NOMBRE_CATEGORIA, ID_ESTADO)
VALUES (15, 'Rocas y corales artificiales', 1);


INSERT INTO FIDE_UNIDAD_MEDIDA_TB (ID_UNIDAD_MEDIDA, NOMBRE_UNIDAD_MEDIDA, ID_ESTADO)
VALUES (1, 'Litros', 7);

INSERT INTO FIDE_UNIDAD_MEDIDA_TB (ID_UNIDAD_MEDIDA, NOMBRE_UNIDAD_MEDIDA, ID_ESTADO)
VALUES (2, 'Mililitros', 5);

INSERT INTO FIDE_UNIDAD_MEDIDA_TB (ID_UNIDAD_MEDIDA, NOMBRE_UNIDAD_MEDIDA, ID_ESTADO)
VALUES (3, 'Galones', 15);

INSERT INTO FIDE_UNIDAD_MEDIDA_TB (ID_UNIDAD_MEDIDA, NOMBRE_UNIDAD_MEDIDA, ID_ESTADO)
VALUES (4, 'Kilogramos', 2);

INSERT INTO FIDE_UNIDAD_MEDIDA_TB (ID_UNIDAD_MEDIDA, NOMBRE_UNIDAD_MEDIDA, ID_ESTADO)
VALUES (5, 'Gramos', 3);

INSERT INTO FIDE_UNIDAD_MEDIDA_TB (ID_UNIDAD_MEDIDA, NOMBRE_UNIDAD_MEDIDA, ID_ESTADO)
VALUES (6, 'Miligramos', 10);

INSERT INTO FIDE_UNIDAD_MEDIDA_TB (ID_UNIDAD_MEDIDA, NOMBRE_UNIDAD_MEDIDA, ID_ESTADO)
VALUES (7, 'Centímetros', 13);

INSERT INTO FIDE_UNIDAD_MEDIDA_TB (ID_UNIDAD_MEDIDA, NOMBRE_UNIDAD_MEDIDA, ID_ESTADO)
VALUES (8, 'Metros', 14);

INSERT INTO FIDE_UNIDAD_MEDIDA_TB (ID_UNIDAD_MEDIDA, NOMBRE_UNIDAD_MEDIDA, ID_ESTADO)
VALUES (9, 'Unidades', 9);

INSERT INTO FIDE_UNIDAD_MEDIDA_TB (ID_UNIDAD_MEDIDA, NOMBRE_UNIDAD_MEDIDA, ID_ESTADO)
VALUES (10, 'Piezas', 11);

INSERT INTO FIDE_UNIDAD_MEDIDA_TB (ID_UNIDAD_MEDIDA, NOMBRE_UNIDAD_MEDIDA, ID_ESTADO)
VALUES (11, 'Milímetros', 12);

INSERT INTO FIDE_UNIDAD_MEDIDA_TB (ID_UNIDAD_MEDIDA, NOMBRE_UNIDAD_MEDIDA, ID_ESTADO)
VALUES (12, 'Microlitros', 9);

INSERT INTO FIDE_UNIDAD_MEDIDA_TB (ID_UNIDAD_MEDIDA, NOMBRE_UNIDAD_MEDIDA, ID_ESTADO)
VALUES (13, 'Toneladas', 8);

INSERT INTO FIDE_UNIDAD_MEDIDA_TB (ID_UNIDAD_MEDIDA, NOMBRE_UNIDAD_MEDIDA, ID_ESTADO)
VALUES (14, 'Cajas', 5);

INSERT INTO FIDE_UNIDAD_MEDIDA_TB (ID_UNIDAD_MEDIDA, NOMBRE_UNIDAD_MEDIDA, ID_ESTADO)
VALUES (15, 'Paquetes', 2);




INSERT INTO FIDE_PRODUCTO_TB (ID_PRODUCTO, NOMBRE, ID_CATEGORIA, ID_UNIDAD_MEDIDA, ID_ESTADO)
VALUES (1, 'Decoración temática para crustáceos', 14, 3, 13);

INSERT INTO FIDE_PRODUCTO_TB (ID_PRODUCTO, NOMBRE, ID_CATEGORIA, ID_UNIDAD_MEDIDA, ID_ESTADO)
VALUES (2, 'Tratamiento médico de medusas', 11, 4, 15);

INSERT INTO FIDE_PRODUCTO_TB (ID_PRODUCTO, NOMBRE, ID_CATEGORIA, ID_UNIDAD_MEDIDA, ID_ESTADO)
VALUES (3, 'Acuario de exhibición para tiburones pequeños', 5, 10, 10);

INSERT INTO FIDE_PRODUCTO_TB (ID_PRODUCTO, NOMBRE, ID_CATEGORIA, ID_UNIDAD_MEDIDA, ID_ESTADO)
VALUES (4, 'Suplemento vitamínico de medusas', 10, 5, 15);

INSERT INTO FIDE_PRODUCTO_TB (ID_PRODUCTO, NOMBRE, ID_CATEGORIA, ID_UNIDAD_MEDIDA, ID_ESTADO)
VALUES (5, 'Lámpara LED sumergible para plantas acuáticas', 14, 8, 12);

INSERT INTO FIDE_PRODUCTO_TB (ID_PRODUCTO, NOMBRE, ID_CATEGORIA, ID_UNIDAD_MEDIDA, ID_ESTADO)
VALUES (6, 'Lámpara LED sumergible para corales', 9, 3, 8);

INSERT INTO FIDE_PRODUCTO_TB (ID_PRODUCTO, NOMBRE, ID_CATEGORIA, ID_UNIDAD_MEDIDA, ID_ESTADO)
VALUES (7, 'Medidor digital para tiburones pequeños', 3, 9, 8);

INSERT INTO FIDE_PRODUCTO_TB (ID_PRODUCTO, NOMBRE, ID_CATEGORIA, ID_UNIDAD_MEDIDA, ID_ESTADO)
VALUES (8, 'Acuario de exhibición para estrellas de mar', 8, 7, 12);

INSERT INTO FIDE_PRODUCTO_TB (ID_PRODUCTO, NOMBRE, ID_CATEGORIA, ID_UNIDAD_MEDIDA, ID_ESTADO)
VALUES (9, 'Filtro de alta eficiencia para crustáceos', 12, 8, 12);

INSERT INTO FIDE_PRODUCTO_TB (ID_PRODUCTO, NOMBRE, ID_CATEGORIA, ID_UNIDAD_MEDIDA, ID_ESTADO)
VALUES (10, 'Calentador automático tipo peces dorados', 10, 12, 8);

INSERT INTO FIDE_PRODUCTO_TB (ID_PRODUCTO, NOMBRE, ID_CATEGORIA, ID_UNIDAD_MEDIDA, ID_ESTADO)
VALUES (11, 'Medidor digital para tanques comunitarios', 1, 9, 8);

INSERT INTO FIDE_PRODUCTO_TB (ID_PRODUCTO, NOMBRE, ID_CATEGORIA, ID_UNIDAD_MEDIDA, ID_ESTADO)
VALUES (12, 'Calentador automático para caballitos de mar', 9, 10, 13);

INSERT INTO FIDE_PRODUCTO_TB (ID_PRODUCTO, NOMBRE, ID_CATEGORIA, ID_UNIDAD_MEDIDA, ID_ESTADO)
VALUES (13, 'Acuario de exhibición para corales', 9, 5, 15);

INSERT INTO FIDE_PRODUCTO_TB (ID_PRODUCTO, NOMBRE, ID_CATEGORIA, ID_UNIDAD_MEDIDA, ID_ESTADO)
VALUES (14, 'Lámpara LED sumergible para caballitos de mar', 14, 8, 15);

INSERT INTO FIDE_PRODUCTO_TB (ID_PRODUCTO, NOMBRE, ID_CATEGORIA, ID_UNIDAD_MEDIDA, ID_ESTADO)
VALUES (15, 'Filtro de alta eficiencia de medusas', 3, 6, 10);

INSERT INTO FIDE_PRODUCTO_TB (ID_PRODUCTO, NOMBRE, ID_CATEGORIA, ID_UNIDAD_MEDIDA, ID_ESTADO)
VALUES (16, 'Lámpara LED sumergible para tanques comunitarios', 1, 11, 13);

INSERT INTO FIDE_PRODUCTO_TB (ID_PRODUCTO, NOMBRE, ID_CATEGORIA, ID_UNIDAD_MEDIDA, ID_ESTADO)
VALUES (17, 'Calentador automático para peces tropicales', 2, 13, 10);

INSERT INTO FIDE_PRODUCTO_TB (ID_PRODUCTO, NOMBRE, ID_CATEGORIA, ID_UNIDAD_MEDIDA, ID_ESTADO)
VALUES (18, 'Calentador automático de medusas', 2, 12, 12);

INSERT INTO FIDE_PRODUCTO_TB (ID_PRODUCTO, NOMBRE, ID_CATEGORIA, ID_UNIDAD_MEDIDA, ID_ESTADO)
VALUES (19, 'Acuario de exhibición para corales', 1, 5, 10);

INSERT INTO FIDE_PRODUCTO_TB (ID_PRODUCTO, NOMBRE, ID_CATEGORIA, ID_UNIDAD_MEDIDA, ID_ESTADO)
VALUES (20, 'Medidor digital para peces de agua salada', 8, 11, 12);

INSERT INTO FIDE_PRODUCTO_TB (ID_PRODUCTO, NOMBRE, ID_CATEGORIA, ID_UNIDAD_MEDIDA, ID_ESTADO)
VALUES (21, 'Lámpara LED sumergible para caballitos de mar', 13, 8, 15);

INSERT INTO FIDE_PRODUCTO_TB (ID_PRODUCTO, NOMBRE, ID_CATEGORIA, ID_UNIDAD_MEDIDA, ID_ESTADO)
VALUES (22, 'Alimento premium para especies marinas exóticas', 3, 10, 10);

INSERT INTO FIDE_PRODUCTO_TB (ID_PRODUCTO, NOMBRE, ID_CATEGORIA, ID_UNIDAD_MEDIDA, ID_ESTADO)
VALUES (23, 'Alimento premium para tanques comunitarios', 1, 1, 15);

INSERT INTO FIDE_PRODUCTO_TB (ID_PRODUCTO, NOMBRE, ID_CATEGORIA, ID_UNIDAD_MEDIDA, ID_ESTADO)
VALUES (24, 'Calentador automático para estrellas de mar', 6, 9, 8);

INSERT INTO FIDE_PRODUCTO_TB (ID_PRODUCTO, NOMBRE, ID_CATEGORIA, ID_UNIDAD_MEDIDA, ID_ESTADO)
VALUES (25, 'Calentador automático para anfibios acuáticos', 6, 12, 15);

INSERT INTO FIDE_PRODUCTO_TB (ID_PRODUCTO, NOMBRE, ID_CATEGORIA, ID_UNIDAD_MEDIDA, ID_ESTADO)
VALUES (26, 'Filtro de alta eficiencia para anfibios acuáticos', 2, 12, 15);

INSERT INTO FIDE_PRODUCTO_TB (ID_PRODUCTO, NOMBRE, ID_CATEGORIA, ID_UNIDAD_MEDIDA, ID_ESTADO)
VALUES (27, 'Acuario de exhibición tipo peces dorados', 8, 1, 15);

INSERT INTO FIDE_PRODUCTO_TB (ID_PRODUCTO, NOMBRE, ID_CATEGORIA, ID_UNIDAD_MEDIDA, ID_ESTADO)
VALUES (28, 'Lámpara LED sumergible para estrellas de mar', 4, 2, 12);

INSERT INTO FIDE_PRODUCTO_TB (ID_PRODUCTO, NOMBRE, ID_CATEGORIA, ID_UNIDAD_MEDIDA, ID_ESTADO)
VALUES (29, 'Calentador automático para tanques comunitarios', 13, 2, 10);

INSERT INTO FIDE_PRODUCTO_TB (ID_PRODUCTO, NOMBRE, ID_CATEGORIA, ID_UNIDAD_MEDIDA, ID_ESTADO)
VALUES (30, 'Decoración temática para especies marinas exóticas', 6, 11, 8);

INSERT INTO FIDE_PRODUCTO_TB (ID_PRODUCTO, NOMBRE, ID_CATEGORIA, ID_UNIDAD_MEDIDA, ID_ESTADO)
VALUES (31, 'Suplemento vitamínico para plantas acuáticas', 10, 10, 13);

INSERT INTO FIDE_PRODUCTO_TB (ID_PRODUCTO, NOMBRE, ID_CATEGORIA, ID_UNIDAD_MEDIDA, ID_ESTADO)
VALUES (32, 'Alimento premium para caballitos de mar', 4, 10, 12);

INSERT INTO FIDE_PRODUCTO_TB (ID_PRODUCTO, NOMBRE, ID_CATEGORIA, ID_UNIDAD_MEDIDA, ID_ESTADO)
VALUES (33, 'Oxigenador de medusas', 14, 13, 13);

INSERT INTO FIDE_PRODUCTO_TB (ID_PRODUCTO, NOMBRE, ID_CATEGORIA, ID_UNIDAD_MEDIDA, ID_ESTADO)
VALUES (34, 'Acuario de exhibición para caballitos de mar', 7, 13, 10);

INSERT INTO FIDE_PRODUCTO_TB (ID_PRODUCTO, NOMBRE, ID_CATEGORIA, ID_UNIDAD_MEDIDA, ID_ESTADO)
VALUES (35, 'Decoración temática para tanques comunitarios', 2, 3, 15);

INSERT INTO FIDE_PRODUCTO_TB (ID_PRODUCTO, NOMBRE, ID_CATEGORIA, ID_UNIDAD_MEDIDA, ID_ESTADO)
VALUES (36, 'Oxigenador rosado de medusas', 14, 12, 13);

INSERT INTO FIDE_PRODUCTO_TB (ID_PRODUCTO, NOMBRE, ID_CATEGORIA, ID_UNIDAD_MEDIDA, ID_ESTADO)
VALUES (37, 'Tratamiento médico para peces de agua salada', 6, 5, 15);

INSERT INTO FIDE_PRODUCTO_TB (ID_PRODUCTO, NOMBRE, ID_CATEGORIA, ID_UNIDAD_MEDIDA, ID_ESTADO)
VALUES (38, 'Medidor digital para estrellas de mar', 10, 4, 10);

INSERT INTO FIDE_PRODUCTO_TB (ID_PRODUCTO, NOMBRE, ID_CATEGORIA, ID_UNIDAD_MEDIDA, ID_ESTADO)
VALUES (39, 'Acuario de exhibición para especies marinas exóticas', 4, 12, 12);

INSERT INTO FIDE_PRODUCTO_TB (ID_PRODUCTO, NOMBRE, ID_CATEGORIA, ID_UNIDAD_MEDIDA, ID_ESTADO)
VALUES (40, 'Suplemento vitamínico de medusas', 3, 4, 13);

INSERT INTO FIDE_PRODUCTO_TB (ID_PRODUCTO, NOMBRE, ID_CATEGORIA, ID_UNIDAD_MEDIDA, ID_ESTADO)
VALUES (41, 'Medidor digital para peces de agua salada', 12, 10, 12);

INSERT INTO FIDE_PRODUCTO_TB (ID_PRODUCTO, NOMBRE, ID_CATEGORIA, ID_UNIDAD_MEDIDA, ID_ESTADO)
VALUES (42, 'Tratamiento médico para crustáceos', 12, 2, 13);

INSERT INTO FIDE_PRODUCTO_TB (ID_PRODUCTO, NOMBRE, ID_CATEGORIA, ID_UNIDAD_MEDIDA, ID_ESTADO)
VALUES (43, 'Alimento premium para crustáceos', 11, 2, 13);

INSERT INTO FIDE_PRODUCTO_TB (ID_PRODUCTO, NOMBRE, ID_CATEGORIA, ID_UNIDAD_MEDIDA, ID_ESTADO)
VALUES (44, 'Tratamiento médico para crustáceos', 8, 10, 15);

INSERT INTO FIDE_PRODUCTO_TB (ID_PRODUCTO, NOMBRE, ID_CATEGORIA, ID_UNIDAD_MEDIDA, ID_ESTADO)
VALUES (45, 'Tratamiento médico para anfibios acuáticos', 1, 13, 15);

INSERT INTO FIDE_PRODUCTO_TB (ID_PRODUCTO, NOMBRE, ID_CATEGORIA, ID_UNIDAD_MEDIDA, ID_ESTADO)
VALUES (46, 'Lámpara LED sumergible para plantas acuáticas', 1, 8, 8);

INSERT INTO FIDE_PRODUCTO_TB (ID_PRODUCTO, NOMBRE, ID_CATEGORIA, ID_UNIDAD_MEDIDA, ID_ESTADO)
VALUES (47, 'Decoración temática tipo peces dorados', 15, 11, 12);

INSERT INTO FIDE_PRODUCTO_TB (ID_PRODUCTO, NOMBRE, ID_CATEGORIA, ID_UNIDAD_MEDIDA, ID_ESTADO)
VALUES (48, 'Lámpara LED sumergible de medusas', 14, 2, 8);

INSERT INTO FIDE_PRODUCTO_TB (ID_PRODUCTO, NOMBRE, ID_CATEGORIA, ID_UNIDAD_MEDIDA, ID_ESTADO)
VALUES (49, 'Suplemento vitamínico para anfibios acuáticos', 8, 13, 12);

INSERT INTO FIDE_PRODUCTO_TB (ID_PRODUCTO, NOMBRE, ID_CATEGORIA, ID_UNIDAD_MEDIDA, ID_ESTADO)
VALUES (50, 'Decoración temática para tiburones pequeños', 15, 3, 12);

INSERT INTO FIDE_PRODUCTO_TB (ID_PRODUCTO, NOMBRE, ID_CATEGORIA, ID_UNIDAD_MEDIDA, ID_ESTADO)
VALUES (51, 'Lámpara LED sumergible para crustáceos', 7, 9, 8);

INSERT INTO FIDE_PRODUCTO_TB (ID_PRODUCTO, NOMBRE, ID_CATEGORIA, ID_UNIDAD_MEDIDA, ID_ESTADO)
VALUES (52, 'Calentador automático para crustáceos', 15, 4, 13);

INSERT INTO FIDE_PRODUCTO_TB (ID_PRODUCTO, NOMBRE, ID_CATEGORIA, ID_UNIDAD_MEDIDA, ID_ESTADO)
VALUES (53, 'Filtro de alta eficiencia tipo peces dorados', 12, 7, 10);

INSERT INTO FIDE_PRODUCTO_TB (ID_PRODUCTO, NOMBRE, ID_CATEGORIA, ID_UNIDAD_MEDIDA, ID_ESTADO)
VALUES (54, 'Medidor digital para anfibios acuáticos', 2, 11, 12);

INSERT INTO FIDE_PRODUCTO_TB (ID_PRODUCTO, NOMBRE, ID_CATEGORIA, ID_UNIDAD_MEDIDA, ID_ESTADO)
VALUES (55, 'Acuario de exhibición para plantas acuáticas', 15, 13, 10);

INSERT INTO FIDE_PRODUCTO_TB (ID_PRODUCTO, NOMBRE, ID_CATEGORIA, ID_UNIDAD_MEDIDA, ID_ESTADO)
VALUES (56, 'Suplemento  para anfibios acuáticos', 8, 7, 13);

INSERT INTO FIDE_PRODUCTO_TB (ID_PRODUCTO, NOMBRE, ID_CATEGORIA, ID_UNIDAD_MEDIDA, ID_ESTADO)
VALUES (57, 'Filtro de alta eficiencia para tanques comunitarios', 10, 13, 10);

INSERT INTO FIDE_PRODUCTO_TB (ID_PRODUCTO, NOMBRE, ID_CATEGORIA, ID_UNIDAD_MEDIDA, ID_ESTADO)
VALUES (58, 'Alimento premium para tanques comunitarios', 4, 3, 15);

INSERT INTO FIDE_PRODUCTO_TB (ID_PRODUCTO, NOMBRE, ID_CATEGORIA, ID_UNIDAD_MEDIDA, ID_ESTADO)
VALUES (59, 'Tratamiento médico de medusas', 13, 1, 10);

INSERT INTO FIDE_PRODUCTO_TB (ID_PRODUCTO, NOMBRE, ID_CATEGORIA, ID_UNIDAD_MEDIDA, ID_ESTADO)
VALUES (60, 'Alimento premium de medusas', 7, 11, 13);

INSERT INTO FIDE_PRODUCTO_TB (ID_PRODUCTO, NOMBRE, ID_CATEGORIA, ID_UNIDAD_MEDIDA, ID_ESTADO)
VALUES (61, 'Calentador automático para peces de agua salada', 5, 6, 8);

INSERT INTO FIDE_PRODUCTO_TB (ID_PRODUCTO, NOMBRE, ID_CATEGORIA, ID_UNIDAD_MEDIDA, ID_ESTADO)
VALUES (62, 'Decoración temática para anfibios acuáticos', 2, 13, 10);

INSERT INTO FIDE_PRODUCTO_TB (ID_PRODUCTO, NOMBRE, ID_CATEGORIA, ID_UNIDAD_MEDIDA, ID_ESTADO)
VALUES (63, 'Acuario de exhibición para tanques comunitarios', 5, 7, 15);

INSERT INTO FIDE_PRODUCTO_TB (ID_PRODUCTO, NOMBRE, ID_CATEGORIA, ID_UNIDAD_MEDIDA, ID_ESTADO)
VALUES (64, 'Suplemento vitamínico para tiburones pequeños', 9, 1, 8);

INSERT INTO FIDE_PRODUCTO_TB (ID_PRODUCTO, NOMBRE, ID_CATEGORIA, ID_UNIDAD_MEDIDA, ID_ESTADO)
VALUES (65, 'Tratamiento médico para tanques comunitarios', 3, 11, 10);

INSERT INTO FIDE_PRODUCTO_TB (ID_PRODUCTO, NOMBRE, ID_CATEGORIA, ID_UNIDAD_MEDIDA, ID_ESTADO)
VALUES (66, 'Decoración para tanques comunitarios', 2, 12, 8);

INSERT INTO FIDE_PRODUCTO_TB (ID_PRODUCTO, NOMBRE, ID_CATEGORIA, ID_UNIDAD_MEDIDA, ID_ESTADO)
VALUES (67, 'Decoración temática para estrellas de mar', 6, 3, 12);

INSERT INTO FIDE_PRODUCTO_TB (ID_PRODUCTO, NOMBRE, ID_CATEGORIA, ID_UNIDAD_MEDIDA, ID_ESTADO)
VALUES (68, 'Acuario de exhibición para crustáceos', 14, 12, 10);

INSERT INTO FIDE_PRODUCTO_TB (ID_PRODUCTO, NOMBRE, ID_CATEGORIA, ID_UNIDAD_MEDIDA, ID_ESTADO)
VALUES (69, 'Filtro de alta eficiencia para especies marinas exóticas', 2, 7, 8);

INSERT INTO FIDE_PRODUCTO_TB (ID_PRODUCTO, NOMBRE, ID_CATEGORIA, ID_UNIDAD_MEDIDA, ID_ESTADO)
VALUES (70, 'Oxigenador para tanques comunitarios', 4, 10, 8);

INSERT INTO FIDE_PRODUCTO_TB (ID_PRODUCTO, NOMBRE, ID_CATEGORIA, ID_UNIDAD_MEDIDA, ID_ESTADO)
VALUES (71, 'Alimento premium tipo peces dorados', 4, 2, 13);

INSERT INTO FIDE_PRODUCTO_TB (ID_PRODUCTO, NOMBRE, ID_CATEGORIA, ID_UNIDAD_MEDIDA, ID_ESTADO)
VALUES (72, 'Decoración temática para caballitos de mar', 9, 8, 12);

INSERT INTO FIDE_PRODUCTO_TB (ID_PRODUCTO, NOMBRE, ID_CATEGORIA, ID_UNIDAD_MEDIDA, ID_ESTADO)
VALUES (73, 'Filtro de alta eficiencia para anfibios acuáticos', 6, 8, 10);

INSERT INTO FIDE_PRODUCTO_TB (ID_PRODUCTO, NOMBRE, ID_CATEGORIA, ID_UNIDAD_MEDIDA, ID_ESTADO)
VALUES (74, 'Lámpara LED sumergible de medusas', 15, 7, 13);

INSERT INTO FIDE_PRODUCTO_TB (ID_PRODUCTO, NOMBRE, ID_CATEGORIA, ID_UNIDAD_MEDIDA, ID_ESTADO)
VALUES (75, 'Decoración temática para anfibios acuáticos', 5, 7, 13);

INSERT INTO FIDE_PRODUCTO_TB (ID_PRODUCTO, NOMBRE, ID_CATEGORIA, ID_UNIDAD_MEDIDA, ID_ESTADO)
VALUES (76, 'Oxigenador de medusas', 5, 5, 8);

INSERT INTO FIDE_PRODUCTO_TB (ID_PRODUCTO, NOMBRE, ID_CATEGORIA, ID_UNIDAD_MEDIDA, ID_ESTADO)
VALUES (77, 'Decoración temática para anfibios acuáticos', 4, 8, 13);

INSERT INTO FIDE_PRODUCTO_TB (ID_PRODUCTO, NOMBRE, ID_CATEGORIA, ID_UNIDAD_MEDIDA, ID_ESTADO)
VALUES (78, 'Calentador automático para especies marinas exóticas', 1, 13, 12);

INSERT INTO FIDE_PRODUCTO_TB (ID_PRODUCTO, NOMBRE, ID_CATEGORIA, ID_UNIDAD_MEDIDA, ID_ESTADO)
VALUES (79, 'Lámpara LED sumergible tipo peces dorados', 7, 8, 15);

INSERT INTO FIDE_PRODUCTO_TB (ID_PRODUCTO, NOMBRE, ID_CATEGORIA, ID_UNIDAD_MEDIDA, ID_ESTADO)
VALUES (80, 'Lámpara LED sumergible tipo peces dorados', 5, 4, 10);

INSERT INTO FIDE_PRODUCTO_TB (ID_PRODUCTO, NOMBRE, ID_CATEGORIA, ID_UNIDAD_MEDIDA, ID_ESTADO)
VALUES (81, 'Medidor digital para caballitos de mar', 10, 7, 12);

INSERT INTO FIDE_PRODUCTO_TB (ID_PRODUCTO, NOMBRE, ID_CATEGORIA, ID_UNIDAD_MEDIDA, ID_ESTADO)
VALUES (82, 'Oxigenador para caballitos de mar', 14, 1, 15);

INSERT INTO FIDE_PRODUCTO_TB (ID_PRODUCTO, NOMBRE, ID_CATEGORIA, ID_UNIDAD_MEDIDA, ID_ESTADO)
VALUES (83, 'Calentador automático negro para caballitos de mar', 14, 13, 8);

INSERT INTO FIDE_PRODUCTO_TB (ID_PRODUCTO, NOMBRE, ID_CATEGORIA, ID_UNIDAD_MEDIDA, ID_ESTADO)
VALUES (84, 'Filtro de alta eficiencia para corales', 7, 10, 12);

INSERT INTO FIDE_PRODUCTO_TB (ID_PRODUCTO, NOMBRE, ID_CATEGORIA, ID_UNIDAD_MEDIDA, ID_ESTADO)
VALUES (85, 'Medidor digital para especies marinas exóticas', 15, 13, 10);

INSERT INTO FIDE_PRODUCTO_TB (ID_PRODUCTO, NOMBRE, ID_CATEGORIA, ID_UNIDAD_MEDIDA, ID_ESTADO)
VALUES (86, 'Calentador para caballitos de mar', 14, 2, 8);

INSERT INTO FIDE_PRODUCTO_TB (ID_PRODUCTO, NOMBRE, ID_CATEGORIA, ID_UNIDAD_MEDIDA, ID_ESTADO)
VALUES (87, 'Lámpara LED sumergible para corales', 4, 5, 15);

INSERT INTO FIDE_PRODUCTO_TB (ID_PRODUCTO, NOMBRE, ID_CATEGORIA, ID_UNIDAD_MEDIDA, ID_ESTADO)
VALUES (88, 'Medidor digital para peces tropicales', 2, 7, 12);

INSERT INTO FIDE_PRODUCTO_TB (ID_PRODUCTO, NOMBRE, ID_CATEGORIA, ID_UNIDAD_MEDIDA, ID_ESTADO)
VALUES (89, 'Alimento premium para peces tropicales', 4, 12, 15);

INSERT INTO FIDE_PRODUCTO_TB (ID_PRODUCTO, NOMBRE, ID_CATEGORIA, ID_UNIDAD_MEDIDA, ID_ESTADO)
VALUES (90, 'Acuario de exhibición para anfibios acuáticos', 10, 8, 8);

INSERT INTO FIDE_PRODUCTO_TB (ID_PRODUCTO, NOMBRE, ID_CATEGORIA, ID_UNIDAD_MEDIDA, ID_ESTADO)
VALUES (91, 'Decoración temática para estrellas de mar', 7, 13, 8);

INSERT INTO FIDE_PRODUCTO_TB (ID_PRODUCTO, NOMBRE, ID_CATEGORIA, ID_UNIDAD_MEDIDA, ID_ESTADO)
VALUES (92, 'Tratamiento médico para tiburones pequeños', 8, 9, 15);

INSERT INTO FIDE_PRODUCTO_TB (ID_PRODUCTO, NOMBRE, ID_CATEGORIA, ID_UNIDAD_MEDIDA, ID_ESTADO)
VALUES (93, 'Alimento premium para caballitos de mar', 8, 13, 12);

INSERT INTO FIDE_PRODUCTO_TB (ID_PRODUCTO, NOMBRE, ID_CATEGORIA, ID_UNIDAD_MEDIDA, ID_ESTADO)
VALUES (94, 'Suplemento vitamínico para peces de agua salada', 15, 1, 15);

INSERT INTO FIDE_PRODUCTO_TB (ID_PRODUCTO, NOMBRE, ID_CATEGORIA, ID_UNIDAD_MEDIDA, ID_ESTADO)
VALUES (95, 'Lámpara LED sumergible para plantas acuáticas', 8, 6, 15);

INSERT INTO FIDE_PRODUCTO_TB (ID_PRODUCTO, NOMBRE, ID_CATEGORIA, ID_UNIDAD_MEDIDA, ID_ESTADO)
VALUES (96, 'Alimento premium para tiburones pequeños', 11, 8, 8);

INSERT INTO FIDE_PRODUCTO_TB (ID_PRODUCTO, NOMBRE, ID_CATEGORIA, ID_UNIDAD_MEDIDA, ID_ESTADO)
VALUES (97, 'Acuario de exhibición para crustáceos', 7, 12, 8);

INSERT INTO FIDE_PRODUCTO_TB (ID_PRODUCTO, NOMBRE, ID_CATEGORIA, ID_UNIDAD_MEDIDA, ID_ESTADO)
VALUES (98, 'Oxigenador para tanques comunitarios', 3, 10, 8);

INSERT INTO FIDE_PRODUCTO_TB (ID_PRODUCTO, NOMBRE, ID_CATEGORIA, ID_UNIDAD_MEDIDA, ID_ESTADO)
VALUES (99, 'Lámpara LED sumergible para estrellas de mar', 13, 7, 15);

INSERT INTO FIDE_PRODUCTO_TB (ID_PRODUCTO, NOMBRE, ID_CATEGORIA, ID_UNIDAD_MEDIDA, ID_ESTADO)
VALUES (100, 'Calentador automático para tiburones pequeños', 3, 9, 15);

INSERT INTO FIDE_PRODUCTO_TB (ID_PRODUCTO, NOMBRE, ID_CATEGORIA, ID_UNIDAD_MEDIDA, ID_ESTADO)
VALUES (101, 'Alimento premium para tiburones pequeños', 15, 2, 15);

INSERT INTO FIDE_PRODUCTO_TB (ID_PRODUCTO, NOMBRE, ID_CATEGORIA, ID_UNIDAD_MEDIDA, ID_ESTADO)
VALUES (102, 'Oxigenador para peces de agua salada', 6, 4, 10);

INSERT INTO FIDE_PRODUCTO_TB (ID_PRODUCTO, NOMBRE, ID_CATEGORIA, ID_UNIDAD_MEDIDA, ID_ESTADO)
VALUES (103, 'Lámpara LED sumergible tipo peces dorados', 14, 9, 12);

INSERT INTO FIDE_PRODUCTO_TB (ID_PRODUCTO, NOMBRE, ID_CATEGORIA, ID_UNIDAD_MEDIDA, ID_ESTADO)
VALUES (104, 'Medidor digital para estrellas de mar', 1, 3, 8);

INSERT INTO FIDE_PRODUCTO_TB (ID_PRODUCTO, NOMBRE, ID_CATEGORIA, ID_UNIDAD_MEDIDA, ID_ESTADO)
VALUES (105, 'Calentador automático para tiburones pequeños', 15, 4, 13);

INSERT INTO FIDE_PRODUCTO_TB (ID_PRODUCTO, NOMBRE, ID_CATEGORIA, ID_UNIDAD_MEDIDA, ID_ESTADO)
VALUES (106, 'Acuario de exhibición para caballitos de mar', 6, 9, 15);

INSERT INTO FIDE_PRODUCTO_TB (ID_PRODUCTO, NOMBRE, ID_CATEGORIA, ID_UNIDAD_MEDIDA, ID_ESTADO)
VALUES (107, 'Tratamiento médico para caballitos de mar', 8, 12, 8);

INSERT INTO FIDE_PRODUCTO_TB (ID_PRODUCTO, NOMBRE, ID_CATEGORIA, ID_UNIDAD_MEDIDA, ID_ESTADO)
VALUES (108, 'Filtro de alta eficiencia para estrellas de mar', 13, 8, 12);

INSERT INTO FIDE_PRODUCTO_TB (ID_PRODUCTO, NOMBRE, ID_CATEGORIA, ID_UNIDAD_MEDIDA, ID_ESTADO)
VALUES (109, 'Lámpara LED sumergible para estrellas de mar', 7, 11, 8);

INSERT INTO FIDE_PRODUCTO_TB (ID_PRODUCTO, NOMBRE, ID_CATEGORIA, ID_UNIDAD_MEDIDA, ID_ESTADO)
VALUES (110, 'Acuario de exhibición para corales', 5, 7, 13);

INSERT INTO FIDE_PRODUCTO_TB (ID_PRODUCTO, NOMBRE, ID_CATEGORIA, ID_UNIDAD_MEDIDA, ID_ESTADO)
VALUES (111, 'Oxigenador para plantas acuáticas', 8, 10, 12);

INSERT INTO FIDE_PRODUCTO_TB (ID_PRODUCTO, NOMBRE, ID_CATEGORIA, ID_UNIDAD_MEDIDA, ID_ESTADO)
VALUES (112, 'Decoración temática para corales', 12, 13, 13);

INSERT INTO FIDE_PRODUCTO_TB (ID_PRODUCTO, NOMBRE, ID_CATEGORIA, ID_UNIDAD_MEDIDA, ID_ESTADO)
VALUES (113, 'Lámpara rosada sumergible de medusas', 14, 5, 13);

INSERT INTO FIDE_PRODUCTO_TB (ID_PRODUCTO, NOMBRE, ID_CATEGORIA, ID_UNIDAD_MEDIDA, ID_ESTADO)
VALUES (114, 'Tratamiento médico para tiburones pequeños', 5, 4, 13);

INSERT INTO FIDE_PRODUCTO_TB (ID_PRODUCTO, NOMBRE, ID_CATEGORIA, ID_UNIDAD_MEDIDA, ID_ESTADO)
VALUES (115, 'Tratamiento médico para tiburones pequeños', 7, 12, 12);

INSERT INTO FIDE_PRODUCTO_TB (ID_PRODUCTO, NOMBRE, ID_CATEGORIA, ID_UNIDAD_MEDIDA, ID_ESTADO)
VALUES (116, 'Acuario de exhibición para corales', 13, 12, 13);

INSERT INTO FIDE_PRODUCTO_TB (ID_PRODUCTO, NOMBRE, ID_CATEGORIA, ID_UNIDAD_MEDIDA, ID_ESTADO)
VALUES (117, 'Decoración temática para crustáceos', 3, 10, 12);

INSERT INTO FIDE_PRODUCTO_TB (ID_PRODUCTO, NOMBRE, ID_CATEGORIA, ID_UNIDAD_MEDIDA, ID_ESTADO)
VALUES (118, 'Suplemento vitamínico para peces tropicales', 1, 3, 12);

INSERT INTO FIDE_PRODUCTO_TB (ID_PRODUCTO, NOMBRE, ID_CATEGORIA, ID_UNIDAD_MEDIDA, ID_ESTADO)
VALUES (119, 'Suplemento vitamínico para plantas acuáticas', 6, 11, 13);

INSERT INTO FIDE_PRODUCTO_TB (ID_PRODUCTO, NOMBRE, ID_CATEGORIA, ID_UNIDAD_MEDIDA, ID_ESTADO)
VALUES (120, 'Oxigenador para crustáceos', 11, 2, 12);

INSERT INTO FIDE_PRODUCTO_TB (ID_PRODUCTO, NOMBRE, ID_CATEGORIA, ID_UNIDAD_MEDIDA, ID_ESTADO)
VALUES (121, 'Filtro de alta eficiencia para peces tropicales', 1, 13, 13);

INSERT INTO FIDE_PRODUCTO_TB (ID_PRODUCTO, NOMBRE, ID_CATEGORIA, ID_UNIDAD_MEDIDA, ID_ESTADO)
VALUES (122, 'Lámpara amarillo sumergible para caballitos de mar', 13, 8, 10);

INSERT INTO FIDE_PRODUCTO_TB (ID_PRODUCTO, NOMBRE, ID_CATEGORIA, ID_UNIDAD_MEDIDA, ID_ESTADO)
VALUES (123, 'Decoración temática para crustáceos', 4, 11, 13);

INSERT INTO FIDE_PRODUCTO_TB (ID_PRODUCTO, NOMBRE, ID_CATEGORIA, ID_UNIDAD_MEDIDA, ID_ESTADO)
VALUES (124, 'Calentador automático para plantas acuáticas', 14, 12, 15);

INSERT INTO FIDE_PRODUCTO_TB (ID_PRODUCTO, NOMBRE, ID_CATEGORIA, ID_UNIDAD_MEDIDA, ID_ESTADO)
VALUES (125, 'Decoración temática para caballitos de mar', 15, 5, 15);

INSERT INTO FIDE_PRODUCTO_TB (ID_PRODUCTO, NOMBRE, ID_CATEGORIA, ID_UNIDAD_MEDIDA, ID_ESTADO)
VALUES (126, 'Acuario de exhibición para tiburones pequeños', 14, 11, 13);

INSERT INTO FIDE_PRODUCTO_TB (ID_PRODUCTO, NOMBRE, ID_CATEGORIA, ID_UNIDAD_MEDIDA, ID_ESTADO)
VALUES (127, 'Acuario de exhibición tipo peces dorados', 12, 6, 15);

INSERT INTO FIDE_PRODUCTO_TB (ID_PRODUCTO, NOMBRE, ID_CATEGORIA, ID_UNIDAD_MEDIDA, ID_ESTADO)
VALUES (128, 'Decoración temática para plantas acuáticas', 6, 7, 10);

INSERT INTO FIDE_PRODUCTO_TB (ID_PRODUCTO, NOMBRE, ID_CATEGORIA, ID_UNIDAD_MEDIDA, ID_ESTADO)
VALUES (129, 'Oxigenador tipo peces dorados', 6, 6, 12);

INSERT INTO FIDE_PRODUCTO_TB (ID_PRODUCTO, NOMBRE, ID_CATEGORIA, ID_UNIDAD_MEDIDA, ID_ESTADO)
VALUES (130, 'Calentador automático para peces de agua salada', 4, 7, 13);

INSERT INTO FIDE_PRODUCTO_TB (ID_PRODUCTO, NOMBRE, ID_CATEGORIA, ID_UNIDAD_MEDIDA, ID_ESTADO)
VALUES (131, 'Acuario de exhibición para anfibios acuáticos', 13, 12, 8);

INSERT INTO FIDE_PRODUCTO_TB (ID_PRODUCTO, NOMBRE, ID_CATEGORIA, ID_UNIDAD_MEDIDA, ID_ESTADO)
VALUES (132, 'Suplemento vitamínico de medusas', 11, 2, 10);

INSERT INTO FIDE_PRODUCTO_TB (ID_PRODUCTO, NOMBRE, ID_CATEGORIA, ID_UNIDAD_MEDIDA, ID_ESTADO)
VALUES (133, 'Medidor digital de medusas', 15, 4, 8);

INSERT INTO FIDE_PRODUCTO_TB (ID_PRODUCTO, NOMBRE, ID_CATEGORIA, ID_UNIDAD_MEDIDA, ID_ESTADO)
VALUES (134, 'Lámpara LED sumergible para anfibios acuáticos', 3, 3, 12);

INSERT INTO FIDE_PRODUCTO_TB (ID_PRODUCTO, NOMBRE, ID_CATEGORIA, ID_UNIDAD_MEDIDA, ID_ESTADO)
VALUES (135, 'Suplemento vitamínico de medusas', 7, 6, 10);

INSERT INTO FIDE_PRODUCTO_TB (ID_PRODUCTO, NOMBRE, ID_CATEGORIA, ID_UNIDAD_MEDIDA, ID_ESTADO)
VALUES (136, 'Lámpara negra sumergible para caballitos de mar', 13, 3, 13);

INSERT INTO FIDE_PRODUCTO_TB (ID_PRODUCTO, NOMBRE, ID_CATEGORIA, ID_UNIDAD_MEDIDA, ID_ESTADO)
VALUES (137, 'Calentador automático para plantas acuáticas', 10, 13, 15);

INSERT INTO FIDE_PRODUCTO_TB (ID_PRODUCTO, NOMBRE, ID_CATEGORIA, ID_UNIDAD_MEDIDA, ID_ESTADO)
VALUES (138, 'Acuario de exhibición para peces tropicales', 15, 1, 12);

INSERT INTO FIDE_PRODUCTO_TB (ID_PRODUCTO, NOMBRE, ID_CATEGORIA, ID_UNIDAD_MEDIDA, ID_ESTADO)
VALUES (139, 'Lámpara LED sumergible para anfibios acuáticos', 4, 4, 13);

INSERT INTO FIDE_PRODUCTO_TB (ID_PRODUCTO, NOMBRE, ID_CATEGORIA, ID_UNIDAD_MEDIDA, ID_ESTADO)
VALUES (140, 'Acuario de exhibición para plantas acuáticas', 4, 13, 8);

INSERT INTO FIDE_PRODUCTO_TB (ID_PRODUCTO, NOMBRE, ID_CATEGORIA, ID_UNIDAD_MEDIDA, ID_ESTADO)
VALUES (141, 'Medidor digital tipo peces dorados', 7, 1, 10);

INSERT INTO FIDE_PRODUCTO_TB (ID_PRODUCTO, NOMBRE, ID_CATEGORIA, ID_UNIDAD_MEDIDA, ID_ESTADO)
VALUES (142, 'Decoración temática para anfibios acuáticos', 1, 9, 8);

INSERT INTO FIDE_PRODUCTO_TB (ID_PRODUCTO, NOMBRE, ID_CATEGORIA, ID_UNIDAD_MEDIDA, ID_ESTADO)
VALUES (143, 'Decoración temática tipo peces dorados', 4, 5, 15);

INSERT INTO FIDE_PRODUCTO_TB (ID_PRODUCTO, NOMBRE, ID_CATEGORIA, ID_UNIDAD_MEDIDA, ID_ESTADO)
VALUES (144, 'Acuario de exhibición para caballitos de mar', 3, 7, 13);

INSERT INTO FIDE_PRODUCTO_TB (ID_PRODUCTO, NOMBRE, ID_CATEGORIA, ID_UNIDAD_MEDIDA, ID_ESTADO)
VALUES (145, 'Calentador automático para anfibios acuáticos', 13, 9, 10);

INSERT INTO FIDE_PRODUCTO_TB (ID_PRODUCTO, NOMBRE, ID_CATEGORIA, ID_UNIDAD_MEDIDA, ID_ESTADO)
VALUES (146, 'Suplemento vitamínico para plantas acuáticas', 12, 1, 10);

INSERT INTO FIDE_PRODUCTO_TB (ID_PRODUCTO, NOMBRE, ID_CATEGORIA, ID_UNIDAD_MEDIDA, ID_ESTADO)
VALUES (147, 'Suplemento vitamínico tipo peces dorados', 7, 13, 12);

INSERT INTO FIDE_PRODUCTO_TB (ID_PRODUCTO, NOMBRE, ID_CATEGORIA, ID_UNIDAD_MEDIDA, ID_ESTADO)
VALUES (148, 'Lámpara LED sumergible para estrellas de mar', 2, 2, 10);

INSERT INTO FIDE_PRODUCTO_TB (ID_PRODUCTO, NOMBRE, ID_CATEGORIA, ID_UNIDAD_MEDIDA, ID_ESTADO)
VALUES (149, 'Calentador automático tipo peces dorados', 9, 10, 8);

INSERT INTO FIDE_PRODUCTO_TB (ID_PRODUCTO, NOMBRE, ID_CATEGORIA, ID_UNIDAD_MEDIDA, ID_ESTADO)
VALUES (150, 'Lámpara LED sumergible para tiburones pequeños', 11, 12, 15);



DELETE FROM FIDE_PRODUCTO_TB;
DELETE FROM FIDE_INVENTARIO_TB;
DELETE FROM FIDE_DETALLE_FACTURA_TB;


INSERT INTO FIDE_INVENTARIO_TB (CANTIDAD, FECHA_INGRESO, ID_PRODUCTO, ID_ESTADO)
VALUES (67, TO_DATE('2024-08-07', 'YYYY-MM-DD'), 1, 15);

INSERT INTO FIDE_INVENTARIO_TB (CANTIDAD, FECHA_INGRESO, ID_PRODUCTO, ID_ESTADO)
VALUES (125, TO_DATE('2024-11-27', 'YYYY-MM-DD'), 2, 8);

INSERT INTO FIDE_INVENTARIO_TB (CANTIDAD, FECHA_INGRESO, ID_PRODUCTO, ID_ESTADO)
VALUES (25, TO_DATE('2025-05-31', 'YYYY-MM-DD'), 3, 11);

INSERT INTO FIDE_INVENTARIO_TB (CANTIDAD, FECHA_INGRESO, ID_PRODUCTO, ID_ESTADO)
VALUES (11, TO_DATE('2024-08-21', 'YYYY-MM-DD'), 4, 5);

INSERT INTO FIDE_INVENTARIO_TB (CANTIDAD, FECHA_INGRESO, ID_PRODUCTO, ID_ESTADO)
VALUES (155, TO_DATE('2024-09-09', 'YYYY-MM-DD'), 5, 4);

INSERT INTO FIDE_INVENTARIO_TB (CANTIDAD, FECHA_INGRESO, ID_PRODUCTO, ID_ESTADO)
VALUES (24, TO_DATE('2025-02-20', 'YYYY-MM-DD'), 6, 11);

INSERT INTO FIDE_INVENTARIO_TB (CANTIDAD, FECHA_INGRESO, ID_PRODUCTO, ID_ESTADO)
VALUES (195, TO_DATE('2024-08-24', 'YYYY-MM-DD'), 7, 8);

INSERT INTO FIDE_INVENTARIO_TB (CANTIDAD, FECHA_INGRESO, ID_PRODUCTO, ID_ESTADO)
VALUES (34, TO_DATE('2025-04-07', 'YYYY-MM-DD'), 8, 12);

INSERT INTO FIDE_INVENTARIO_TB (CANTIDAD, FECHA_INGRESO, ID_PRODUCTO, ID_ESTADO)
VALUES (185, TO_DATE('2025-07-27', 'YYYY-MM-DD'), 9, 15);

INSERT INTO FIDE_INVENTARIO_TB (CANTIDAD, FECHA_INGRESO, ID_PRODUCTO, ID_ESTADO)
VALUES (115, TO_DATE('2024-08-18', 'YYYY-MM-DD'), 10, 14);

INSERT INTO FIDE_INVENTARIO_TB (CANTIDAD, FECHA_INGRESO, ID_PRODUCTO, ID_ESTADO)
VALUES (62, TO_DATE('2024-10-02', 'YYYY-MM-DD'), 11, 6);

INSERT INTO FIDE_INVENTARIO_TB (CANTIDAD, FECHA_INGRESO, ID_PRODUCTO, ID_ESTADO)
VALUES (61, TO_DATE('2025-02-09', 'YYYY-MM-DD'), 12, 11);

INSERT INTO FIDE_INVENTARIO_TB (CANTIDAD, FECHA_INGRESO, ID_PRODUCTO, ID_ESTADO)
VALUES (194, TO_DATE('2024-09-12', 'YYYY-MM-DD'), 13, 14);

INSERT INTO FIDE_INVENTARIO_TB (CANTIDAD, FECHA_INGRESO, ID_PRODUCTO, ID_ESTADO)
VALUES (169, TO_DATE('2024-08-23', 'YYYY-MM-DD'), 14, 8);

INSERT INTO FIDE_INVENTARIO_TB (CANTIDAD, FECHA_INGRESO, ID_PRODUCTO, ID_ESTADO)
VALUES (172, TO_DATE('2025-05-25', 'YYYY-MM-DD'), 15, 10);

INSERT INTO FIDE_INVENTARIO_TB (CANTIDAD, FECHA_INGRESO, ID_PRODUCTO, ID_ESTADO)
VALUES (145, TO_DATE('2025-06-25', 'YYYY-MM-DD'), 16, 13);

INSERT INTO FIDE_INVENTARIO_TB (CANTIDAD, FECHA_INGRESO, ID_PRODUCTO, ID_ESTADO)
VALUES (55, TO_DATE('2024-12-22', 'YYYY-MM-DD'), 17, 14);

INSERT INTO FIDE_INVENTARIO_TB (CANTIDAD, FECHA_INGRESO, ID_PRODUCTO, ID_ESTADO)
VALUES (99, TO_DATE('2025-01-13', 'YYYY-MM-DD'), 18, 14);

INSERT INTO FIDE_INVENTARIO_TB (CANTIDAD, FECHA_INGRESO, ID_PRODUCTO, ID_ESTADO)
VALUES (193, TO_DATE('2024-10-02', 'YYYY-MM-DD'), 19, 5);

INSERT INTO FIDE_INVENTARIO_TB (CANTIDAD, FECHA_INGRESO, ID_PRODUCTO, ID_ESTADO)
VALUES (165, TO_DATE('2024-11-21', 'YYYY-MM-DD'), 20, 13);

INSERT INTO FIDE_INVENTARIO_TB (CANTIDAD, FECHA_INGRESO, ID_PRODUCTO, ID_ESTADO)
VALUES (189, TO_DATE('2025-06-28', 'YYYY-MM-DD'), 21, 5);

INSERT INTO FIDE_INVENTARIO_TB (CANTIDAD, FECHA_INGRESO, ID_PRODUCTO, ID_ESTADO)
VALUES (157, TO_DATE('2025-03-05', 'YYYY-MM-DD'), 22, 3);

INSERT INTO FIDE_INVENTARIO_TB (CANTIDAD, FECHA_INGRESO, ID_PRODUCTO, ID_ESTADO)
VALUES (71, TO_DATE('2025-03-25', 'YYYY-MM-DD'), 23, 9);

INSERT INTO FIDE_INVENTARIO_TB (CANTIDAD, FECHA_INGRESO, ID_PRODUCTO, ID_ESTADO)
VALUES (43, TO_DATE('2025-07-18', 'YYYY-MM-DD'), 24, 12);

INSERT INTO FIDE_INVENTARIO_TB (CANTIDAD, FECHA_INGRESO, ID_PRODUCTO, ID_ESTADO)
VALUES (155, TO_DATE('2025-04-21', 'YYYY-MM-DD'), 25, 3);

INSERT INTO FIDE_INVENTARIO_TB (CANTIDAD, FECHA_INGRESO, ID_PRODUCTO, ID_ESTADO)
VALUES (86, TO_DATE('2025-02-18', 'YYYY-MM-DD'), 26, 3);

INSERT INTO FIDE_INVENTARIO_TB (CANTIDAD, FECHA_INGRESO, ID_PRODUCTO, ID_ESTADO)
VALUES (50, TO_DATE('2024-08-10', 'YYYY-MM-DD'), 27, 4);

INSERT INTO FIDE_INVENTARIO_TB (CANTIDAD, FECHA_INGRESO, ID_PRODUCTO, ID_ESTADO)
VALUES (62, TO_DATE('2024-09-04', 'YYYY-MM-DD'), 28, 14);

INSERT INTO FIDE_INVENTARIO_TB (CANTIDAD, FECHA_INGRESO, ID_PRODUCTO, ID_ESTADO)
VALUES (75, TO_DATE('2025-06-21', 'YYYY-MM-DD'), 29, 2);

INSERT INTO FIDE_INVENTARIO_TB (CANTIDAD, FECHA_INGRESO, ID_PRODUCTO, ID_ESTADO)
VALUES (108, TO_DATE('2024-12-06', 'YYYY-MM-DD'), 30, 8);

INSERT INTO FIDE_INVENTARIO_TB (CANTIDAD, FECHA_INGRESO, ID_PRODUCTO, ID_ESTADO)
VALUES (45, TO_DATE('2025-07-23', 'YYYY-MM-DD'), 31, 11);

INSERT INTO FIDE_INVENTARIO_TB (CANTIDAD, FECHA_INGRESO, ID_PRODUCTO, ID_ESTADO)
VALUES (138, TO_DATE('2025-02-11', 'YYYY-MM-DD'), 32, 10);

INSERT INTO FIDE_INVENTARIO_TB (CANTIDAD, FECHA_INGRESO, ID_PRODUCTO, ID_ESTADO)
VALUES (23, TO_DATE('2025-04-10', 'YYYY-MM-DD'), 33, 7);

INSERT INTO FIDE_INVENTARIO_TB (CANTIDAD, FECHA_INGRESO, ID_PRODUCTO, ID_ESTADO)
VALUES (119, TO_DATE('2025-05-14', 'YYYY-MM-DD'), 34, 6);

INSERT INTO FIDE_INVENTARIO_TB (CANTIDAD, FECHA_INGRESO, ID_PRODUCTO, ID_ESTADO)
VALUES (98, TO_DATE('2024-12-10', 'YYYY-MM-DD'), 35, 11);

INSERT INTO FIDE_INVENTARIO_TB (CANTIDAD, FECHA_INGRESO, ID_PRODUCTO, ID_ESTADO)
VALUES (157, TO_DATE('2024-12-18', 'YYYY-MM-DD'), 36, 13);

INSERT INTO FIDE_INVENTARIO_TB (CANTIDAD, FECHA_INGRESO, ID_PRODUCTO, ID_ESTADO)
VALUES (29, TO_DATE('2024-09-13', 'YYYY-MM-DD'), 37, 11);

INSERT INTO FIDE_INVENTARIO_TB (CANTIDAD, FECHA_INGRESO, ID_PRODUCTO, ID_ESTADO)
VALUES (138, TO_DATE('2024-10-02', 'YYYY-MM-DD'), 38, 14);

INSERT INTO FIDE_INVENTARIO_TB (CANTIDAD, FECHA_INGRESO, ID_PRODUCTO, ID_ESTADO)
VALUES (125, TO_DATE('2025-05-09', 'YYYY-MM-DD'), 39, 15);

INSERT INTO FIDE_INVENTARIO_TB (CANTIDAD, FECHA_INGRESO, ID_PRODUCTO, ID_ESTADO)
VALUES (141, TO_DATE('2025-05-25', 'YYYY-MM-DD'), 40, 11);

INSERT INTO FIDE_INVENTARIO_TB (CANTIDAD, FECHA_INGRESO, ID_PRODUCTO, ID_ESTADO)
VALUES (28, TO_DATE('2024-09-06', 'YYYY-MM-DD'), 41, 8);

INSERT INTO FIDE_INVENTARIO_TB (CANTIDAD, FECHA_INGRESO, ID_PRODUCTO, ID_ESTADO)
VALUES (130, TO_DATE('2025-04-27', 'YYYY-MM-DD'), 42, 14);

INSERT INTO FIDE_INVENTARIO_TB (CANTIDAD, FECHA_INGRESO, ID_PRODUCTO, ID_ESTADO)
VALUES (138, TO_DATE('2025-01-07', 'YYYY-MM-DD'), 43, 3);

INSERT INTO FIDE_INVENTARIO_TB (CANTIDAD, FECHA_INGRESO, ID_PRODUCTO, ID_ESTADO)
VALUES (174, TO_DATE('2025-06-16', 'YYYY-MM-DD'), 44, 3);

INSERT INTO FIDE_INVENTARIO_TB (CANTIDAD, FECHA_INGRESO, ID_PRODUCTO, ID_ESTADO)
VALUES (97, TO_DATE('2025-03-09', 'YYYY-MM-DD'), 45, 12);

INSERT INTO FIDE_INVENTARIO_TB (CANTIDAD, FECHA_INGRESO, ID_PRODUCTO, ID_ESTADO)
VALUES (119, TO_DATE('2025-05-02', 'YYYY-MM-DD'), 46, 5);

INSERT INTO FIDE_INVENTARIO_TB (CANTIDAD, FECHA_INGRESO, ID_PRODUCTO, ID_ESTADO)
VALUES (71, TO_DATE('2025-02-24', 'YYYY-MM-DD'), 47, 9);

INSERT INTO FIDE_INVENTARIO_TB (CANTIDAD, FECHA_INGRESO, ID_PRODUCTO, ID_ESTADO)
VALUES (98, TO_DATE('2024-11-21', 'YYYY-MM-DD'), 48, 14);

INSERT INTO FIDE_INVENTARIO_TB (CANTIDAD, FECHA_INGRESO, ID_PRODUCTO, ID_ESTADO)
VALUES (190, TO_DATE('2024-11-24', 'YYYY-MM-DD'), 49, 10);

INSERT INTO FIDE_INVENTARIO_TB (CANTIDAD, FECHA_INGRESO, ID_PRODUCTO, ID_ESTADO)
VALUES (10, TO_DATE('2024-10-02', 'YYYY-MM-DD'), 50, 3);

INSERT INTO FIDE_INVENTARIO_TB (CANTIDAD, FECHA_INGRESO, ID_PRODUCTO, ID_ESTADO)
VALUES (167, TO_DATE('2024-09-29', 'YYYY-MM-DD'), 51, 6);

INSERT INTO FIDE_INVENTARIO_TB (CANTIDAD, FECHA_INGRESO, ID_PRODUCTO, ID_ESTADO)
VALUES (59, TO_DATE('2025-07-09', 'YYYY-MM-DD'), 52, 1);

INSERT INTO FIDE_INVENTARIO_TB (CANTIDAD, FECHA_INGRESO, ID_PRODUCTO, ID_ESTADO)
VALUES (12, TO_DATE('2025-06-27', 'YYYY-MM-DD'), 53, 12);

INSERT INTO FIDE_INVENTARIO_TB (CANTIDAD, FECHA_INGRESO, ID_PRODUCTO, ID_ESTADO)
VALUES (13, TO_DATE('2025-07-23', 'YYYY-MM-DD'), 54, 2);

INSERT INTO FIDE_INVENTARIO_TB (CANTIDAD, FECHA_INGRESO, ID_PRODUCTO, ID_ESTADO)
VALUES (160, TO_DATE('2025-01-16', 'YYYY-MM-DD'), 55, 6);

INSERT INTO FIDE_INVENTARIO_TB (CANTIDAD, FECHA_INGRESO, ID_PRODUCTO, ID_ESTADO)
VALUES (81, TO_DATE('2024-12-06', 'YYYY-MM-DD'), 56, 13);

INSERT INTO FIDE_INVENTARIO_TB (CANTIDAD, FECHA_INGRESO, ID_PRODUCTO, ID_ESTADO)
VALUES (162, TO_DATE('2024-12-21', 'YYYY-MM-DD'), 57, 3);

INSERT INTO FIDE_INVENTARIO_TB (CANTIDAD, FECHA_INGRESO, ID_PRODUCTO, ID_ESTADO)
VALUES (85, TO_DATE('2024-10-06', 'YYYY-MM-DD'), 58, 8);

INSERT INTO FIDE_INVENTARIO_TB (CANTIDAD, FECHA_INGRESO, ID_PRODUCTO, ID_ESTADO)
VALUES (150, TO_DATE('2025-01-24', 'YYYY-MM-DD'), 59, 14);

INSERT INTO FIDE_INVENTARIO_TB (CANTIDAD, FECHA_INGRESO, ID_PRODUCTO, ID_ESTADO)
VALUES (73, TO_DATE('2024-08-09', 'YYYY-MM-DD'), 60, 13);

INSERT INTO FIDE_INVENTARIO_TB (CANTIDAD, FECHA_INGRESO, ID_PRODUCTO, ID_ESTADO)
VALUES (125, TO_DATE('2024-12-10', 'YYYY-MM-DD'), 61, 15);

INSERT INTO FIDE_INVENTARIO_TB (CANTIDAD, FECHA_INGRESO, ID_PRODUCTO, ID_ESTADO)
VALUES (160, TO_DATE('2024-09-20', 'YYYY-MM-DD'), 62, 13);

INSERT INTO FIDE_INVENTARIO_TB (CANTIDAD, FECHA_INGRESO, ID_PRODUCTO, ID_ESTADO)
VALUES (60, TO_DATE('2025-05-24', 'YYYY-MM-DD'), 63, 4);

INSERT INTO FIDE_INVENTARIO_TB (CANTIDAD, FECHA_INGRESO, ID_PRODUCTO, ID_ESTADO)
VALUES (72, TO_DATE('2024-11-05', 'YYYY-MM-DD'), 64, 9);

INSERT INTO FIDE_INVENTARIO_TB (CANTIDAD, FECHA_INGRESO, ID_PRODUCTO, ID_ESTADO)
VALUES (134, TO_DATE('2024-10-04', 'YYYY-MM-DD'), 65, 3);

INSERT INTO FIDE_INVENTARIO_TB (CANTIDAD, FECHA_INGRESO, ID_PRODUCTO, ID_ESTADO)
VALUES (73, TO_DATE('2025-07-29', 'YYYY-MM-DD'), 66, 15);

INSERT INTO FIDE_INVENTARIO_TB (CANTIDAD, FECHA_INGRESO, ID_PRODUCTO, ID_ESTADO)
VALUES (56, TO_DATE('2024-10-20', 'YYYY-MM-DD'), 67, 9);

INSERT INTO FIDE_INVENTARIO_TB (CANTIDAD, FECHA_INGRESO, ID_PRODUCTO, ID_ESTADO)
VALUES (27, TO_DATE('2024-08-30', 'YYYY-MM-DD'), 68, 1);

INSERT INTO FIDE_INVENTARIO_TB (CANTIDAD, FECHA_INGRESO, ID_PRODUCTO, ID_ESTADO)
VALUES (120, TO_DATE('2025-03-13', 'YYYY-MM-DD'), 69, 15);

INSERT INTO FIDE_INVENTARIO_TB (CANTIDAD, FECHA_INGRESO, ID_PRODUCTO, ID_ESTADO)
VALUES (68, TO_DATE('2025-07-19', 'YYYY-MM-DD'), 70, 13);

INSERT INTO FIDE_INVENTARIO_TB (CANTIDAD, FECHA_INGRESO, ID_PRODUCTO, ID_ESTADO)
VALUES (155, TO_DATE('2024-12-20', 'YYYY-MM-DD'), 71, 3);

INSERT INTO FIDE_INVENTARIO_TB (CANTIDAD, FECHA_INGRESO, ID_PRODUCTO, ID_ESTADO)
VALUES (6, TO_DATE('2025-03-16', 'YYYY-MM-DD'), 72, 15);

INSERT INTO FIDE_INVENTARIO_TB (CANTIDAD, FECHA_INGRESO, ID_PRODUCTO, ID_ESTADO)
VALUES (155, TO_DATE('2025-02-27', 'YYYY-MM-DD'), 73, 11);

INSERT INTO FIDE_INVENTARIO_TB (CANTIDAD, FECHA_INGRESO, ID_PRODUCTO, ID_ESTADO)
VALUES (69, TO_DATE('2024-12-25', 'YYYY-MM-DD'), 74, 12);

INSERT INTO FIDE_INVENTARIO_TB (CANTIDAD, FECHA_INGRESO, ID_PRODUCTO, ID_ESTADO)
VALUES (150, TO_DATE('2025-01-30', 'YYYY-MM-DD'), 75, 9);

INSERT INTO FIDE_INVENTARIO_TB (CANTIDAD, FECHA_INGRESO, ID_PRODUCTO, ID_ESTADO)
VALUES (147, TO_DATE('2025-05-14', 'YYYY-MM-DD'), 76, 8);

INSERT INTO FIDE_INVENTARIO_TB (CANTIDAD, FECHA_INGRESO, ID_PRODUCTO, ID_ESTADO)
VALUES (94, TO_DATE('2025-04-16', 'YYYY-MM-DD'), 77, 3);

INSERT INTO FIDE_INVENTARIO_TB (CANTIDAD, FECHA_INGRESO, ID_PRODUCTO, ID_ESTADO)
VALUES (102, TO_DATE('2025-03-05', 'YYYY-MM-DD'), 78, 6);

INSERT INTO FIDE_INVENTARIO_TB (CANTIDAD, FECHA_INGRESO, ID_PRODUCTO, ID_ESTADO)
VALUES (113, TO_DATE('2024-11-14', 'YYYY-MM-DD'), 79, 4);

INSERT INTO FIDE_INVENTARIO_TB (CANTIDAD, FECHA_INGRESO, ID_PRODUCTO, ID_ESTADO)
VALUES (71, TO_DATE('2024-09-21', 'YYYY-MM-DD'), 80, 3);

INSERT INTO FIDE_INVENTARIO_TB (CANTIDAD, FECHA_INGRESO, ID_PRODUCTO, ID_ESTADO)
VALUES (55, TO_DATE('2024-12-10', 'YYYY-MM-DD'), 81, 14);

INSERT INTO FIDE_INVENTARIO_TB (CANTIDAD, FECHA_INGRESO, ID_PRODUCTO, ID_ESTADO)
VALUES (136, TO_DATE('2025-07-08', 'YYYY-MM-DD'), 82, 1);

INSERT INTO FIDE_INVENTARIO_TB (CANTIDAD, FECHA_INGRESO, ID_PRODUCTO, ID_ESTADO)
VALUES (127, TO_DATE('2024-11-30', 'YYYY-MM-DD'), 83, 2);

INSERT INTO FIDE_INVENTARIO_TB (CANTIDAD, FECHA_INGRESO, ID_PRODUCTO, ID_ESTADO)
VALUES (50, TO_DATE('2025-02-16', 'YYYY-MM-DD'), 84, 4);

INSERT INTO FIDE_INVENTARIO_TB (CANTIDAD, FECHA_INGRESO, ID_PRODUCTO, ID_ESTADO)
VALUES (112, TO_DATE('2025-03-19', 'YYYY-MM-DD'), 85, 11);

INSERT INTO FIDE_INVENTARIO_TB (CANTIDAD, FECHA_INGRESO, ID_PRODUCTO, ID_ESTADO)
VALUES (107, TO_DATE('2025-03-27', 'YYYY-MM-DD'), 86, 14);

INSERT INTO FIDE_INVENTARIO_TB (CANTIDAD, FECHA_INGRESO, ID_PRODUCTO, ID_ESTADO)
VALUES (15, TO_DATE('2025-02-23', 'YYYY-MM-DD'), 87, 12);

INSERT INTO FIDE_INVENTARIO_TB (CANTIDAD, FECHA_INGRESO, ID_PRODUCTO, ID_ESTADO)
VALUES (142, TO_DATE('2025-01-09', 'YYYY-MM-DD'), 88, 13);

INSERT INTO FIDE_INVENTARIO_TB (CANTIDAD, FECHA_INGRESO, ID_PRODUCTO, ID_ESTADO)
VALUES (8, TO_DATE('2024-12-27', 'YYYY-MM-DD'), 89, 4);

INSERT INTO FIDE_INVENTARIO_TB (CANTIDAD, FECHA_INGRESO, ID_PRODUCTO, ID_ESTADO)
VALUES (81, TO_DATE('2025-06-23', 'YYYY-MM-DD'), 90, 7);

INSERT INTO FIDE_INVENTARIO_TB (CANTIDAD, FECHA_INGRESO, ID_PRODUCTO, ID_ESTADO)
VALUES (166, TO_DATE('2025-05-13', 'YYYY-MM-DD'), 91, 5);

INSERT INTO FIDE_INVENTARIO_TB (CANTIDAD, FECHA_INGRESO, ID_PRODUCTO, ID_ESTADO)
VALUES (177, TO_DATE('2025-04-22', 'YYYY-MM-DD'), 92, 2);

INSERT INTO FIDE_INVENTARIO_TB (CANTIDAD, FECHA_INGRESO, ID_PRODUCTO, ID_ESTADO)
VALUES (121, TO_DATE('2025-01-02', 'YYYY-MM-DD'), 93, 1);

INSERT INTO FIDE_INVENTARIO_TB (CANTIDAD, FECHA_INGRESO, ID_PRODUCTO, ID_ESTADO)
VALUES (158, TO_DATE('2025-05-24', 'YYYY-MM-DD'), 94, 14);

INSERT INTO FIDE_INVENTARIO_TB (CANTIDAD, FECHA_INGRESO, ID_PRODUCTO, ID_ESTADO)
VALUES (192, TO_DATE('2025-01-15', 'YYYY-MM-DD'), 95, 14);

INSERT INTO FIDE_INVENTARIO_TB (CANTIDAD, FECHA_INGRESO, ID_PRODUCTO, ID_ESTADO)
VALUES (50, TO_DATE('2024-10-07', 'YYYY-MM-DD'), 96, 10);

INSERT INTO FIDE_INVENTARIO_TB (CANTIDAD, FECHA_INGRESO, ID_PRODUCTO, ID_ESTADO)
VALUES (173, TO_DATE('2024-08-24', 'YYYY-MM-DD'), 97, 10);

INSERT INTO FIDE_INVENTARIO_TB (CANTIDAD, FECHA_INGRESO, ID_PRODUCTO, ID_ESTADO)
VALUES (122, TO_DATE('2025-02-25', 'YYYY-MM-DD'), 98, 10);

INSERT INTO FIDE_INVENTARIO_TB (CANTIDAD, FECHA_INGRESO, ID_PRODUCTO, ID_ESTADO)
VALUES (25, TO_DATE('2024-10-30', 'YYYY-MM-DD'), 99, 13);

INSERT INTO FIDE_INVENTARIO_TB (CANTIDAD, FECHA_INGRESO, ID_PRODUCTO, ID_ESTADO)
VALUES (162, TO_DATE('2025-04-18', 'YYYY-MM-DD'), 100, 9);

INSERT INTO FIDE_INVENTARIO_TB (CANTIDAD, FECHA_INGRESO, ID_PRODUCTO, ID_ESTADO)
VALUES (27, TO_DATE('2025-06-15', 'YYYY-MM-DD'), 101, 15);

INSERT INTO FIDE_INVENTARIO_TB (CANTIDAD, FECHA_INGRESO, ID_PRODUCTO, ID_ESTADO)
VALUES (77, TO_DATE('2024-09-10', 'YYYY-MM-DD'), 102, 3);

INSERT INTO FIDE_INVENTARIO_TB (CANTIDAD, FECHA_INGRESO, ID_PRODUCTO, ID_ESTADO)
VALUES (95, TO_DATE('2024-09-09', 'YYYY-MM-DD'), 103, 7);

INSERT INTO FIDE_INVENTARIO_TB (CANTIDAD, FECHA_INGRESO, ID_PRODUCTO, ID_ESTADO)
VALUES (16, TO_DATE('2024-10-18', 'YYYY-MM-DD'), 104, 6);

INSERT INTO FIDE_INVENTARIO_TB (CANTIDAD, FECHA_INGRESO, ID_PRODUCTO, ID_ESTADO)
VALUES (24, TO_DATE('2024-10-30', 'YYYY-MM-DD'), 105, 14);

INSERT INTO FIDE_INVENTARIO_TB (CANTIDAD, FECHA_INGRESO, ID_PRODUCTO, ID_ESTADO)
VALUES (185, TO_DATE('2024-08-08', 'YYYY-MM-DD'), 106, 1);

INSERT INTO FIDE_INVENTARIO_TB (CANTIDAD, FECHA_INGRESO, ID_PRODUCTO, ID_ESTADO)
VALUES (142, TO_DATE('2025-04-05', 'YYYY-MM-DD'), 107, 1);

INSERT INTO FIDE_INVENTARIO_TB (CANTIDAD, FECHA_INGRESO, ID_PRODUCTO, ID_ESTADO)
VALUES (45, TO_DATE('2025-02-01', 'YYYY-MM-DD'), 108, 5);

INSERT INTO FIDE_INVENTARIO_TB (CANTIDAD, FECHA_INGRESO, ID_PRODUCTO, ID_ESTADO)
VALUES (142, TO_DATE('2025-05-22', 'YYYY-MM-DD'), 109, 10);

INSERT INTO FIDE_INVENTARIO_TB (CANTIDAD, FECHA_INGRESO, ID_PRODUCTO, ID_ESTADO)
VALUES (124, TO_DATE('2025-01-14', 'YYYY-MM-DD'), 110, 7);

INSERT INTO FIDE_INVENTARIO_TB (CANTIDAD, FECHA_INGRESO, ID_PRODUCTO, ID_ESTADO)
VALUES (23, TO_DATE('2024-12-18', 'YYYY-MM-DD'), 111, 12);

INSERT INTO FIDE_INVENTARIO_TB (CANTIDAD, FECHA_INGRESO, ID_PRODUCTO, ID_ESTADO)
VALUES (166, TO_DATE('2025-04-18', 'YYYY-MM-DD'), 112, 15);

INSERT INTO FIDE_INVENTARIO_TB (CANTIDAD, FECHA_INGRESO, ID_PRODUCTO, ID_ESTADO)
VALUES (90, TO_DATE('2024-10-14', 'YYYY-MM-DD'), 113, 14);

INSERT INTO FIDE_INVENTARIO_TB (CANTIDAD, FECHA_INGRESO, ID_PRODUCTO, ID_ESTADO)
VALUES (96, TO_DATE('2025-01-16', 'YYYY-MM-DD'), 114, 9);

INSERT INTO FIDE_INVENTARIO_TB (CANTIDAD, FECHA_INGRESO, ID_PRODUCTO, ID_ESTADO)
VALUES (27, TO_DATE('2025-03-07', 'YYYY-MM-DD'), 115, 9);

INSERT INTO FIDE_INVENTARIO_TB (CANTIDAD, FECHA_INGRESO, ID_PRODUCTO, ID_ESTADO)
VALUES (63, TO_DATE('2025-05-30', 'YYYY-MM-DD'), 116, 7);

INSERT INTO FIDE_INVENTARIO_TB (CANTIDAD, FECHA_INGRESO, ID_PRODUCTO, ID_ESTADO)
VALUES (12, TO_DATE('2024-08-09', 'YYYY-MM-DD'), 117, 1);

INSERT INTO FIDE_INVENTARIO_TB (CANTIDAD, FECHA_INGRESO, ID_PRODUCTO, ID_ESTADO)
VALUES (87, TO_DATE('2024-11-12', 'YYYY-MM-DD'), 118, 5);

INSERT INTO FIDE_INVENTARIO_TB (CANTIDAD, FECHA_INGRESO, ID_PRODUCTO, ID_ESTADO)
VALUES (15, TO_DATE('2025-06-14', 'YYYY-MM-DD'), 119, 12);

INSERT INTO FIDE_INVENTARIO_TB (CANTIDAD, FECHA_INGRESO, ID_PRODUCTO, ID_ESTADO)
VALUES (25, TO_DATE('2025-03-09', 'YYYY-MM-DD'), 120, 2);

INSERT INTO FIDE_INVENTARIO_TB (CANTIDAD, FECHA_INGRESO, ID_PRODUCTO, ID_ESTADO)
VALUES (105, TO_DATE('2024-08-21', 'YYYY-MM-DD'), 121, 6);

INSERT INTO FIDE_INVENTARIO_TB (CANTIDAD, FECHA_INGRESO, ID_PRODUCTO, ID_ESTADO)
VALUES (170, TO_DATE('2025-03-29', 'YYYY-MM-DD'), 122, 13);

INSERT INTO FIDE_INVENTARIO_TB (CANTIDAD, FECHA_INGRESO, ID_PRODUCTO, ID_ESTADO)
VALUES (145, TO_DATE('2025-04-01', 'YYYY-MM-DD'), 123, 8);

INSERT INTO FIDE_INVENTARIO_TB (CANTIDAD, FECHA_INGRESO, ID_PRODUCTO, ID_ESTADO)
VALUES (36, TO_DATE('2024-12-19', 'YYYY-MM-DD'), 124, 9);

INSERT INTO FIDE_INVENTARIO_TB (CANTIDAD, FECHA_INGRESO, ID_PRODUCTO, ID_ESTADO)
VALUES (156, TO_DATE('2024-08-24', 'YYYY-MM-DD'), 125, 9);

INSERT INTO FIDE_INVENTARIO_TB (CANTIDAD, FECHA_INGRESO, ID_PRODUCTO, ID_ESTADO)
VALUES (57, TO_DATE('2024-09-06', 'YYYY-MM-DD'), 126, 8);

INSERT INTO FIDE_INVENTARIO_TB (CANTIDAD, FECHA_INGRESO, ID_PRODUCTO, ID_ESTADO)
VALUES (172, TO_DATE('2025-02-06', 'YYYY-MM-DD'), 127, 13);

INSERT INTO FIDE_INVENTARIO_TB (CANTIDAD, FECHA_INGRESO, ID_PRODUCTO, ID_ESTADO)
VALUES (138, TO_DATE('2024-08-20', 'YYYY-MM-DD'), 128, 7);

INSERT INTO FIDE_INVENTARIO_TB (CANTIDAD, FECHA_INGRESO, ID_PRODUCTO, ID_ESTADO)
VALUES (195, TO_DATE('2025-01-27', 'YYYY-MM-DD'), 129, 6);

INSERT INTO FIDE_INVENTARIO_TB (CANTIDAD, FECHA_INGRESO, ID_PRODUCTO, ID_ESTADO)
VALUES (84, TO_DATE('2025-05-20', 'YYYY-MM-DD'), 130, 9);

INSERT INTO FIDE_INVENTARIO_TB (CANTIDAD, FECHA_INGRESO, ID_PRODUCTO, ID_ESTADO)
VALUES (20, TO_DATE('2024-10-03', 'YYYY-MM-DD'), 131, 11);

INSERT INTO FIDE_INVENTARIO_TB (CANTIDAD, FECHA_INGRESO, ID_PRODUCTO, ID_ESTADO)
VALUES (98, TO_DATE('2024-09-18', 'YYYY-MM-DD'), 132, 4);

INSERT INTO FIDE_INVENTARIO_TB (CANTIDAD, FECHA_INGRESO, ID_PRODUCTO, ID_ESTADO)
VALUES (110, TO_DATE('2025-05-19', 'YYYY-MM-DD'), 133, 10);

INSERT INTO FIDE_INVENTARIO_TB (CANTIDAD, FECHA_INGRESO, ID_PRODUCTO, ID_ESTADO)
VALUES (167, TO_DATE('2025-07-31', 'YYYY-MM-DD'), 134, 7);

INSERT INTO FIDE_INVENTARIO_TB (CANTIDAD, FECHA_INGRESO, ID_PRODUCTO, ID_ESTADO)
VALUES (54, TO_DATE('2025-04-07', 'YYYY-MM-DD'), 135, 12);

INSERT INTO FIDE_INVENTARIO_TB (CANTIDAD, FECHA_INGRESO, ID_PRODUCTO, ID_ESTADO)
VALUES (128, TO_DATE('2025-01-13', 'YYYY-MM-DD'), 136, 5);

INSERT INTO FIDE_INVENTARIO_TB (CANTIDAD, FECHA_INGRESO, ID_PRODUCTO, ID_ESTADO)
VALUES (111, TO_DATE('2024-12-12', 'YYYY-MM-DD'), 137, 10);

INSERT INTO FIDE_INVENTARIO_TB (CANTIDAD, FECHA_INGRESO, ID_PRODUCTO, ID_ESTADO)
VALUES (198, TO_DATE('2025-04-19', 'YYYY-MM-DD'), 138, 8);

INSERT INTO FIDE_INVENTARIO_TB (CANTIDAD, FECHA_INGRESO, ID_PRODUCTO, ID_ESTADO)
VALUES (179, TO_DATE('2024-10-23', 'YYYY-MM-DD'), 139, 6);

INSERT INTO FIDE_INVENTARIO_TB (CANTIDAD, FECHA_INGRESO, ID_PRODUCTO, ID_ESTADO)
VALUES (12, TO_DATE('2025-05-22', 'YYYY-MM-DD'), 140, 2);

INSERT INTO FIDE_INVENTARIO_TB (CANTIDAD, FECHA_INGRESO, ID_PRODUCTO, ID_ESTADO)
VALUES (161, TO_DATE('2024-10-10', 'YYYY-MM-DD'), 141, 3);

INSERT INTO FIDE_INVENTARIO_TB (CANTIDAD, FECHA_INGRESO, ID_PRODUCTO, ID_ESTADO)
VALUES (181, TO_DATE('2025-02-02', 'YYYY-MM-DD'), 142, 14);

INSERT INTO FIDE_INVENTARIO_TB (CANTIDAD, FECHA_INGRESO, ID_PRODUCTO, ID_ESTADO)
VALUES (7, TO_DATE('2024-08-08', 'YYYY-MM-DD'), 143, 12);

INSERT INTO FIDE_INVENTARIO_TB (CANTIDAD, FECHA_INGRESO, ID_PRODUCTO, ID_ESTADO)
VALUES (117, TO_DATE('2025-05-04', 'YYYY-MM-DD'), 144, 7);

INSERT INTO FIDE_INVENTARIO_TB (CANTIDAD, FECHA_INGRESO, ID_PRODUCTO, ID_ESTADO)
VALUES (63, TO_DATE('2025-06-20', 'YYYY-MM-DD'), 145, 1);

INSERT INTO FIDE_INVENTARIO_TB (CANTIDAD, FECHA_INGRESO, ID_PRODUCTO, ID_ESTADO)
VALUES (29, TO_DATE('2025-05-08', 'YYYY-MM-DD'), 146, 13);

INSERT INTO FIDE_INVENTARIO_TB (CANTIDAD, FECHA_INGRESO, ID_PRODUCTO, ID_ESTADO)
VALUES (161, TO_DATE('2024-11-06', 'YYYY-MM-DD'), 147, 14);

INSERT INTO FIDE_INVENTARIO_TB (CANTIDAD, FECHA_INGRESO, ID_PRODUCTO, ID_ESTADO)
VALUES (85, TO_DATE('2025-05-11', 'YYYY-MM-DD'), 148, 12);

INSERT INTO FIDE_INVENTARIO_TB (CANTIDAD, FECHA_INGRESO, ID_PRODUCTO, ID_ESTADO)
VALUES (137, TO_DATE('2025-08-01', 'YYYY-MM-DD'), 149, 9);

INSERT INTO FIDE_INVENTARIO_TB (CANTIDAD, FECHA_INGRESO, ID_PRODUCTO, ID_ESTADO)
VALUES (96, TO_DATE('2025-02-18', 'YYYY-MM-DD'), 150, 12);



INSERT INTO FIDE_METODO_PAGO_TB (ID_METODO_PAGO, NOMBRE_METODO_PAGO, ID_ESTADO)
VALUES (1, 'Efectivo', 1);

INSERT INTO FIDE_METODO_PAGO_TB (ID_METODO_PAGO, NOMBRE_METODO_PAGO, ID_ESTADO)
VALUES (2, 'Tarjeta de Crédito', 1);

INSERT INTO FIDE_METODO_PAGO_TB (ID_METODO_PAGO, NOMBRE_METODO_PAGO, ID_ESTADO)
VALUES (3, 'Transferencia Bancaria', 1);

INSERT INTO FIDE_METODO_PAGO_TB (ID_METODO_PAGO, NOMBRE_METODO_PAGO, ID_ESTADO)
VALUES (4, 'Sinpe Móvil', 1);









SELECT*FROM FIDE_DETALLE_FACTURA_TB;





INSERT INTO FIDE_FACTURA_TB (ID_FACTURA, FECHA_REGISTRO, MONTO_TOTAL, SUBTOTAL, IVA, DESCUENTO, ID_USUARIO, ID_METODO_PAGO, ID_ESTADO) VALUES (1, TO_DATE('2023-07-10', 'YYYY-MM-DD'), 555.29, 504.76, 65.62, 30.01, 137, 4, 3);
INSERT INTO FIDE_FACTURA_TB (ID_FACTURA, FECHA_REGISTRO, MONTO_TOTAL, SUBTOTAL, IVA, DESCUENTO, ID_USUARIO, ID_METODO_PAGO, ID_ESTADO) VALUES (2, TO_DATE('2024-03-27', 'YYYY-MM-DD'), 230.31, 229.51, 29.84, 46.6, 102, 3, 4);
INSERT INTO FIDE_FACTURA_TB (ID_FACTURA, FECHA_REGISTRO, MONTO_TOTAL, SUBTOTAL, IVA, DESCUENTO, ID_USUARIO, ID_METODO_PAGO, ID_ESTADO) VALUES (3, TO_DATE('2024-11-28', 'YYYY-MM-DD'), 411.34, 405.49, 52.71, 10.17, 86, 3, 5);
INSERT INTO FIDE_FACTURA_TB (ID_FACTURA, FECHA_REGISTRO, MONTO_TOTAL, SUBTOTAL, IVA, DESCUENTO, ID_USUARIO, ID_METODO_PAGO, ID_ESTADO) VALUES (4, TO_DATE('2023-11-14', 'YYYY-MM-DD'), 905.35, 847.94, 110.23, 24.3, 31, 4, 3);
INSERT INTO FIDE_FACTURA_TB (ID_FACTURA, FECHA_REGISTRO, MONTO_TOTAL, SUBTOTAL, IVA, DESCUENTO, ID_USUARIO, ID_METODO_PAGO, ID_ESTADO) VALUES (5, TO_DATE('2023-10-11', 'YYYY-MM-DD'), 229.71, 211.46, 27.49, 7.89, 26, 1, 4);
INSERT INTO FIDE_FACTURA_TB (ID_FACTURA, FECHA_REGISTRO, MONTO_TOTAL, SUBTOTAL, IVA, DESCUENTO, ID_USUARIO, ID_METODO_PAGO, ID_ESTADO) VALUES (6, TO_DATE('2023-04-11', 'YYYY-MM-DD'), 434.99, 405.74, 52.75, 32.41, 144, 3, 5);
INSERT INTO FIDE_FACTURA_TB (ID_FACTURA, FECHA_REGISTRO, MONTO_TOTAL, SUBTOTAL, IVA, DESCUENTO, ID_USUARIO, ID_METODO_PAGO, ID_ESTADO) VALUES (7, TO_DATE('2024-06-06', 'YYYY-MM-DD'), 394.16, 361.22, 46.96, 45.69, 123, 3, 3);
INSERT INTO FIDE_FACTURA_TB (ID_FACTURA, FECHA_REGISTRO, MONTO_TOTAL, SUBTOTAL, IVA, DESCUENTO, ID_USUARIO, ID_METODO_PAGO, ID_ESTADO) VALUES (8, TO_DATE('2023-07-03', 'YYYY-MM-DD'), 810.74, 802.79, 104.36, 17.74, 72, 1, 4);
INSERT INTO FIDE_FACTURA_TB (ID_FACTURA, FECHA_REGISTRO, MONTO_TOTAL, SUBTOTAL, IVA, DESCUENTO, ID_USUARIO, ID_METODO_PAGO, ID_ESTADO) VALUES (9, TO_DATE('2024-08-18', 'YYYY-MM-DD'), 465.35, 455.63, 59.23, 44.31, 28, 4, 5);
INSERT INTO FIDE_FACTURA_TB (ID_FACTURA, FECHA_REGISTRO, MONTO_TOTAL, SUBTOTAL, IVA, DESCUENTO, ID_USUARIO, ID_METODO_PAGO, ID_ESTADO) VALUES (10, TO_DATE('2024-05-01', 'YYYY-MM-DD'), 965.38, 889.14, 115.59, 33.8, 115, 1, 3);
INSERT INTO FIDE_FACTURA_TB (ID_FACTURA, FECHA_REGISTRO, MONTO_TOTAL, SUBTOTAL, IVA, DESCUENTO, ID_USUARIO, ID_METODO_PAGO, ID_ESTADO) VALUES (11, TO_DATE('2024-08-08', 'YYYY-MM-DD'), 445.95, 427.31, 55.55, 15.98, 34, 4, 4);
INSERT INTO FIDE_FACTURA_TB (ID_FACTURA, FECHA_REGISTRO, MONTO_TOTAL, SUBTOTAL, IVA, DESCUENTO, ID_USUARIO, ID_METODO_PAGO, ID_ESTADO) VALUES (12, TO_DATE('2023-06-18', 'YYYY-MM-DD'), 332.16, 329.3, 42.81, 32.31, 127, 4, 5);
INSERT INTO FIDE_FACTURA_TB (ID_FACTURA, FECHA_REGISTRO, MONTO_TOTAL, SUBTOTAL, IVA, DESCUENTO, ID_USUARIO, ID_METODO_PAGO, ID_ESTADO) VALUES (13, TO_DATE('2024-09-06', 'YYYY-MM-DD'), 506.13, 469.41, 61.02, 25.74, 112, 1, 3);
INSERT INTO FIDE_FACTURA_TB (ID_FACTURA, FECHA_REGISTRO, MONTO_TOTAL, SUBTOTAL, IVA, DESCUENTO, ID_USUARIO, ID_METODO_PAGO, ID_ESTADO) VALUES (14, TO_DATE('2023-04-09', 'YYYY-MM-DD'), 153.72, 151.61, 19.71, 24.79, 67, 4, 4);
INSERT INTO FIDE_FACTURA_TB (ID_FACTURA, FECHA_REGISTRO, MONTO_TOTAL, SUBTOTAL, IVA, DESCUENTO, ID_USUARIO, ID_METODO_PAGO, ID_ESTADO) VALUES (15, TO_DATE('2024-04-13', 'YYYY-MM-DD'), 1092.72, 1042.83, 135.57, 7.18, 99, 3, 5);
INSERT INTO FIDE_FACTURA_TB (ID_FACTURA, FECHA_REGISTRO, MONTO_TOTAL, SUBTOTAL, IVA, DESCUENTO, ID_USUARIO, ID_METODO_PAGO, ID_ESTADO) VALUES (16, TO_DATE('2024-04-26', 'YYYY-MM-DD'), 617.19, 567.36, 73.76, 48.57, 50, 4, 3);
INSERT INTO FIDE_FACTURA_TB (ID_FACTURA, FECHA_REGISTRO, MONTO_TOTAL, SUBTOTAL, IVA, DESCUENTO, ID_USUARIO, ID_METODO_PAGO, ID_ESTADO) VALUES (17, TO_DATE('2023-10-09', 'YYYY-MM-DD'), 457.83, 442.95, 57.58, 19.81, 65, 1, 4);
INSERT INTO FIDE_FACTURA_TB (ID_FACTURA, FECHA_REGISTRO, MONTO_TOTAL, SUBTOTAL, IVA, DESCUENTO, ID_USUARIO, ID_METODO_PAGO, ID_ESTADO) VALUES (18, TO_DATE('2023-11-03', 'YYYY-MM-DD'), 824.11, 770.25, 100.13, 14.06, 6, 1, 5);
INSERT INTO FIDE_FACTURA_TB (ID_FACTURA, FECHA_REGISTRO, MONTO_TOTAL, SUBTOTAL, IVA, DESCUENTO, ID_USUARIO, ID_METODO_PAGO, ID_ESTADO) VALUES (19, TO_DATE('2024-05-02', 'YYYY-MM-DD'), 758.23, 694.4, 90.27, 17.79, 127, 3, 3);
INSERT INTO FIDE_FACTURA_TB (ID_FACTURA, FECHA_REGISTRO, MONTO_TOTAL, SUBTOTAL, IVA, DESCUENTO, ID_USUARIO, ID_METODO_PAGO, ID_ESTADO) VALUES (20, TO_DATE('2024-04-14', 'YYYY-MM-DD'), 881.98, 800.73, 104.09, 16.76, 63, 4, 4);
INSERT INTO FIDE_FACTURA_TB (ID_FACTURA, FECHA_REGISTRO, MONTO_TOTAL, SUBTOTAL, IVA, DESCUENTO, ID_USUARIO, ID_METODO_PAGO, ID_ESTADO) VALUES (21, TO_DATE('2023-06-25', 'YYYY-MM-DD'), 691.01, 683.76, 88.89, 22.75, 124, 3, 5);
INSERT INTO FIDE_FACTURA_TB (ID_FACTURA, FECHA_REGISTRO, MONTO_TOTAL, SUBTOTAL, IVA, DESCUENTO, ID_USUARIO, ID_METODO_PAGO, ID_ESTADO) VALUES (22, TO_DATE('2023-02-27', 'YYYY-MM-DD'), 661.91, 640.98, 83.33, 16.37, 17, 2, 3);
INSERT INTO FIDE_FACTURA_TB (ID_FACTURA, FECHA_REGISTRO, MONTO_TOTAL, SUBTOTAL, IVA, DESCUENTO, ID_USUARIO, ID_METODO_PAGO, ID_ESTADO) VALUES (23, TO_DATE('2023-05-19', 'YYYY-MM-DD'), 524.54, 505.18, 65.67, 45.79, 150, 3, 4);
INSERT INTO FIDE_FACTURA_TB (ID_FACTURA, FECHA_REGISTRO, MONTO_TOTAL, SUBTOTAL, IVA, DESCUENTO, ID_USUARIO, ID_METODO_PAGO, ID_ESTADO) VALUES (24, TO_DATE('2024-05-19', 'YYYY-MM-DD'), 224.37, 205.95, 26.77, 39.33, 23, 1, 5);
INSERT INTO FIDE_FACTURA_TB (ID_FACTURA, FECHA_REGISTRO, MONTO_TOTAL, SUBTOTAL, IVA, DESCUENTO, ID_USUARIO, ID_METODO_PAGO, ID_ESTADO) VALUES (25, TO_DATE('2024-01-12', 'YYYY-MM-DD'), 849.4, 831.83, 108.14, 48.97, 106, 4, 3);
INSERT INTO FIDE_FACTURA_TB (ID_FACTURA, FECHA_REGISTRO, MONTO_TOTAL, SUBTOTAL, IVA, DESCUENTO, ID_USUARIO, ID_METODO_PAGO, ID_ESTADO) VALUES (26, TO_DATE('2024-07-19', 'YYYY-MM-DD'), 977.42, 895.05, 116.36, 16.29, 46, 2, 4);
INSERT INTO FIDE_FACTURA_TB (ID_FACTURA, FECHA_REGISTRO, MONTO_TOTAL, SUBTOTAL, IVA, DESCUENTO, ID_USUARIO, ID_METODO_PAGO, ID_ESTADO) VALUES (27, TO_DATE('2023-07-12', 'YYYY-MM-DD'), 462.48, 418.32, 54.38, 14.49, 105, 1, 5);
INSERT INTO FIDE_FACTURA_TB (ID_FACTURA, FECHA_REGISTRO, MONTO_TOTAL, SUBTOTAL, IVA, DESCUENTO, ID_USUARIO, ID_METODO_PAGO, ID_ESTADO) VALUES (28, TO_DATE('2024-12-07', 'YYYY-MM-DD'), 851.01, 837.92, 108.93, 17.42, 64, 1, 3);
INSERT INTO FIDE_FACTURA_TB (ID_FACTURA, FECHA_REGISTRO, MONTO_TOTAL, SUBTOTAL, IVA, DESCUENTO, ID_USUARIO, ID_METODO_PAGO, ID_ESTADO) VALUES (29, TO_DATE('2023-08-03', 'YYYY-MM-DD'), 142.1, 134.5, 17.48, 45.97, 146, 1, 4);
INSERT INTO FIDE_FACTURA_TB (ID_FACTURA, FECHA_REGISTRO, MONTO_TOTAL, SUBTOTAL, IVA, DESCUENTO, ID_USUARIO, ID_METODO_PAGO, ID_ESTADO) VALUES (30, TO_DATE('2024-06-03', 'YYYY-MM-DD'), 226.92, 210.53, 27.37, 34.37, 136, 1, 5);
INSERT INTO FIDE_FACTURA_TB (ID_FACTURA, FECHA_REGISTRO, MONTO_TOTAL, SUBTOTAL, IVA, DESCUENTO, ID_USUARIO, ID_METODO_PAGO, ID_ESTADO) VALUES (31, TO_DATE('2023-05-02', 'YYYY-MM-DD'), 606.45, 554.97, 72.15, 28.37, 15, 2, 3);
INSERT INTO FIDE_FACTURA_TB (ID_FACTURA, FECHA_REGISTRO, MONTO_TOTAL, SUBTOTAL, IVA, DESCUENTO, ID_USUARIO, ID_METODO_PAGO, ID_ESTADO) VALUES (32, TO_DATE('2024-06-11', 'YYYY-MM-DD'), 139.35, 137.91, 17.93, 48.93, 55, 4, 4);
INSERT INTO FIDE_FACTURA_TB (ID_FACTURA, FECHA_REGISTRO, MONTO_TOTAL, SUBTOTAL, IVA, DESCUENTO, ID_USUARIO, ID_METODO_PAGO, ID_ESTADO) VALUES (33, TO_DATE('2024-06-23', 'YYYY-MM-DD'), 260.26, 237.65, 30.89, 32.78, 139, 2, 5);
INSERT INTO FIDE_FACTURA_TB (ID_FACTURA, FECHA_REGISTRO, MONTO_TOTAL, SUBTOTAL, IVA, DESCUENTO, ID_USUARIO, ID_METODO_PAGO, ID_ESTADO) VALUES (34, TO_DATE('2024-12-16', 'YYYY-MM-DD'), 220.8, 219.33, 28.51, 22.92, 149, 2, 3);
INSERT INTO FIDE_FACTURA_TB (ID_FACTURA, FECHA_REGISTRO, MONTO_TOTAL, SUBTOTAL, IVA, DESCUENTO, ID_USUARIO, ID_METODO_PAGO, ID_ESTADO) VALUES (35, TO_DATE('2024-06-14', 'YYYY-MM-DD'), 168.39, 160.48, 20.86, 34.71, 128, 1, 4);
INSERT INTO FIDE_FACTURA_TB (ID_FACTURA, FECHA_REGISTRO, MONTO_TOTAL, SUBTOTAL, IVA, DESCUENTO, ID_USUARIO, ID_METODO_PAGO, ID_ESTADO) VALUES (36, TO_DATE('2024-09-16', 'YYYY-MM-DD'), 221.96, 219.53, 28.54, 33.61, 150, 2, 5);
INSERT INTO FIDE_FACTURA_TB (ID_FACTURA, FECHA_REGISTRO, MONTO_TOTAL, SUBTOTAL, IVA, DESCUENTO, ID_USUARIO, ID_METODO_PAGO, ID_ESTADO) VALUES (37, TO_DATE('2024-06-03', 'YYYY-MM-DD'), 461.47, 435.21, 56.58, 49.74, 76, 3, 3);
INSERT INTO FIDE_FACTURA_TB (ID_FACTURA, FECHA_REGISTRO, MONTO_TOTAL, SUBTOTAL, IVA, DESCUENTO, ID_USUARIO, ID_METODO_PAGO, ID_ESTADO) VALUES (38, TO_DATE('2023-03-12', 'YYYY-MM-DD'), 257.3, 252.72, 32.85, 24.76, 97, 2, 4);
INSERT INTO FIDE_FACTURA_TB (ID_FACTURA, FECHA_REGISTRO, MONTO_TOTAL, SUBTOTAL, IVA, DESCUENTO, ID_USUARIO, ID_METODO_PAGO, ID_ESTADO) VALUES (39, TO_DATE('2023-03-01', 'YYYY-MM-DD'), 542.64, 523.12, 68.01, 20.72, 11, 4, 5);
INSERT INTO FIDE_FACTURA_TB (ID_FACTURA, FECHA_REGISTRO, MONTO_TOTAL, SUBTOTAL, IVA, DESCUENTO, ID_USUARIO, ID_METODO_PAGO, ID_ESTADO) VALUES (40, TO_DATE('2024-06-12', 'YYYY-MM-DD'), 856.06, 793.83, 103.2, 9.55, 17, 2, 3);
INSERT INTO FIDE_FACTURA_TB (ID_FACTURA, FECHA_REGISTRO, MONTO_TOTAL, SUBTOTAL, IVA, DESCUENTO, ID_USUARIO, ID_METODO_PAGO, ID_ESTADO) VALUES (41, TO_DATE('2023-08-22', 'YYYY-MM-DD'), 793.31, 792.93, 103.08, 30.18, 51, 3, 4);
INSERT INTO FIDE_FACTURA_TB (ID_FACTURA, FECHA_REGISTRO, MONTO_TOTAL, SUBTOTAL, IVA, DESCUENTO, ID_USUARIO, ID_METODO_PAGO, ID_ESTADO) VALUES (42, TO_DATE('2024-06-28', 'YYYY-MM-DD'), 331.53, 327.85, 42.62, 21.84, 65, 1, 5);
INSERT INTO FIDE_FACTURA_TB (ID_FACTURA, FECHA_REGISTRO, MONTO_TOTAL, SUBTOTAL, IVA, DESCUENTO, ID_USUARIO, ID_METODO_PAGO, ID_ESTADO) VALUES (43, TO_DATE('2024-10-27', 'YYYY-MM-DD'), 1067.41, 1002.52, 130.33, 43.04, 138, 2, 3);
INSERT INTO FIDE_FACTURA_TB (ID_FACTURA, FECHA_REGISTRO, MONTO_TOTAL, SUBTOTAL, IVA, DESCUENTO, ID_USUARIO, ID_METODO_PAGO, ID_ESTADO) VALUES (44, TO_DATE('2023-05-22', 'YYYY-MM-DD'), 753.25, 714.88, 92.93, 21.64, 55, 1, 4);
INSERT INTO FIDE_FACTURA_TB (ID_FACTURA, FECHA_REGISTRO, MONTO_TOTAL, SUBTOTAL, IVA, DESCUENTO, ID_USUARIO, ID_METODO_PAGO, ID_ESTADO) VALUES (45, TO_DATE('2024-12-16', 'YYYY-MM-DD'), 232.42, 216.88, 28.19, 17.64, 21, 3, 5);
INSERT INTO FIDE_FACTURA_TB (ID_FACTURA, FECHA_REGISTRO, MONTO_TOTAL, SUBTOTAL, IVA, DESCUENTO, ID_USUARIO, ID_METODO_PAGO, ID_ESTADO) VALUES (46, TO_DATE('2024-09-21', 'YYYY-MM-DD'), 941.6, 918.64, 119.42, 25.9, 116, 4, 3);
INSERT INTO FIDE_FACTURA_TB (ID_FACTURA, FECHA_REGISTRO, MONTO_TOTAL, SUBTOTAL, IVA, DESCUENTO, ID_USUARIO, ID_METODO_PAGO, ID_ESTADO) VALUES (47, TO_DATE('2024-10-02', 'YYYY-MM-DD'), 772.84, 732.2, 95.19, 40.42, 130, 2, 4);
INSERT INTO FIDE_FACTURA_TB (ID_FACTURA, FECHA_REGISTRO, MONTO_TOTAL, SUBTOTAL, IVA, DESCUENTO, ID_USUARIO, ID_METODO_PAGO, ID_ESTADO) VALUES (48, TO_DATE('2024-01-08', 'YYYY-MM-DD'), 785.67, 718.94, 93.46, 44.11, 109, 4, 5);
INSERT INTO FIDE_FACTURA_TB (ID_FACTURA, FECHA_REGISTRO, MONTO_TOTAL, SUBTOTAL, IVA, DESCUENTO, ID_USUARIO, ID_METODO_PAGO, ID_ESTADO) VALUES (49, TO_DATE('2024-11-22', 'YYYY-MM-DD'), 721.24, 694.71, 90.31, 20.18, 95, 2, 3);
INSERT INTO FIDE_FACTURA_TB (ID_FACTURA, FECHA_REGISTRO, MONTO_TOTAL, SUBTOTAL, IVA, DESCUENTO, ID_USUARIO, ID_METODO_PAGO, ID_ESTADO) VALUES (50, TO_DATE('2024-04-08', 'YYYY-MM-DD'), 243.43, 219.55, 28.54, 24.27, 39, 4, 4);
INSERT INTO FIDE_FACTURA_TB (ID_FACTURA, FECHA_REGISTRO, MONTO_TOTAL, SUBTOTAL, IVA, DESCUENTO, ID_USUARIO, ID_METODO_PAGO, ID_ESTADO) VALUES (51, TO_DATE('2024-12-15', 'YYYY-MM-DD'), 321.0, 315.98, 41.08, 35.33, 141, 3, 5);
INSERT INTO FIDE_FACTURA_TB (ID_FACTURA, FECHA_REGISTRO, MONTO_TOTAL, SUBTOTAL, IVA, DESCUENTO, ID_USUARIO, ID_METODO_PAGO, ID_ESTADO) VALUES (52, TO_DATE('2023-09-19', 'YYYY-MM-DD'), 144.98, 134.25, 17.45, 27.54, 27, 2, 3);
INSERT INTO FIDE_FACTURA_TB (ID_FACTURA, FECHA_REGISTRO, MONTO_TOTAL, SUBTOTAL, IVA, DESCUENTO, ID_USUARIO, ID_METODO_PAGO, ID_ESTADO) VALUES (53, TO_DATE('2023-06-27', 'YYYY-MM-DD'), 263.27, 262.99, 34.19, 28.57, 121, 4, 4);
INSERT INTO FIDE_FACTURA_TB (ID_FACTURA, FECHA_REGISTRO, MONTO_TOTAL, SUBTOTAL, IVA, DESCUENTO, ID_USUARIO, ID_METODO_PAGO, ID_ESTADO) VALUES (54, TO_DATE('2023-10-10', 'YYYY-MM-DD'), 439.45, 409.46, 53.23, 17.8, 99, 1, 5);
INSERT INTO FIDE_FACTURA_TB (ID_FACTURA, FECHA_REGISTRO, MONTO_TOTAL, SUBTOTAL, IVA, DESCUENTO, ID_USUARIO, ID_METODO_PAGO, ID_ESTADO) VALUES (55, TO_DATE('2024-06-10', 'YYYY-MM-DD'), 1043.01, 994.74, 129.32, 32.53, 110, 1, 3);
INSERT INTO FIDE_FACTURA_TB (ID_FACTURA, FECHA_REGISTRO, MONTO_TOTAL, SUBTOTAL, IVA, DESCUENTO, ID_USUARIO, ID_METODO_PAGO, ID_ESTADO) VALUES (56, TO_DATE('2024-12-03', 'YYYY-MM-DD'), 105.65, 98.7, 12.83, 24.97, 99, 4, 4);
INSERT INTO FIDE_FACTURA_TB (ID_FACTURA, FECHA_REGISTRO, MONTO_TOTAL, SUBTOTAL, IVA, DESCUENTO, ID_USUARIO, ID_METODO_PAGO, ID_ESTADO) VALUES (57, TO_DATE('2023-03-01', 'YYYY-MM-DD'), 146.59, 133.63, 17.37, 16.41, 146, 3, 5);
INSERT INTO FIDE_FACTURA_TB (ID_FACTURA, FECHA_REGISTRO, MONTO_TOTAL, SUBTOTAL, IVA, DESCUENTO, ID_USUARIO, ID_METODO_PAGO, ID_ESTADO) VALUES (58, TO_DATE('2024-05-22', 'YYYY-MM-DD'), 202.43, 200.63, 26.08, 44.56, 35, 3, 3);
INSERT INTO FIDE_FACTURA_TB (ID_FACTURA, FECHA_REGISTRO, MONTO_TOTAL, SUBTOTAL, IVA, DESCUENTO, ID_USUARIO, ID_METODO_PAGO, ID_ESTADO) VALUES (59, TO_DATE('2024-04-02', 'YYYY-MM-DD'), 928.68, 873.3, 113.53, 15.1, 140, 2, 4);
INSERT INTO FIDE_FACTURA_TB (ID_FACTURA, FECHA_REGISTRO, MONTO_TOTAL, SUBTOTAL, IVA, DESCUENTO, ID_USUARIO, ID_METODO_PAGO, ID_ESTADO) VALUES (60, TO_DATE('2023-03-06', 'YYYY-MM-DD'), 954.59, 930.88, 121.01, 10.42, 141, 2, 5);
INSERT INTO FIDE_FACTURA_TB (ID_FACTURA, FECHA_REGISTRO, MONTO_TOTAL, SUBTOTAL, IVA, DESCUENTO, ID_USUARIO, ID_METODO_PAGO, ID_ESTADO) VALUES (61, TO_DATE('2023-04-10', 'YYYY-MM-DD'), 308.39, 286.29, 37.22, 40.74, 118, 3, 3);
INSERT INTO FIDE_FACTURA_TB (ID_FACTURA, FECHA_REGISTRO, MONTO_TOTAL, SUBTOTAL, IVA, DESCUENTO, ID_USUARIO, ID_METODO_PAGO, ID_ESTADO) VALUES (62, TO_DATE('2023-12-26', 'YYYY-MM-DD'), 1091.37, 987.91, 128.43, 22.43, 88, 2, 4);
INSERT INTO FIDE_FACTURA_TB (ID_FACTURA, FECHA_REGISTRO, MONTO_TOTAL, SUBTOTAL, IVA, DESCUENTO, ID_USUARIO, ID_METODO_PAGO, ID_ESTADO) VALUES (63, TO_DATE('2023-04-19', 'YYYY-MM-DD'), 554.31, 502.02, 65.26, 49.13, 145, 4, 5);
INSERT INTO FIDE_FACTURA_TB (ID_FACTURA, FECHA_REGISTRO, MONTO_TOTAL, SUBTOTAL, IVA, DESCUENTO, ID_USUARIO, ID_METODO_PAGO, ID_ESTADO) VALUES (64, TO_DATE('2024-01-21', 'YYYY-MM-DD'), 513.66, 485.43, 63.11, 5.64, 50, 2, 3);
INSERT INTO FIDE_FACTURA_TB (ID_FACTURA, FECHA_REGISTRO, MONTO_TOTAL, SUBTOTAL, IVA, DESCUENTO, ID_USUARIO, ID_METODO_PAGO, ID_ESTADO) VALUES (65, TO_DATE('2024-05-19', 'YYYY-MM-DD'), 388.25, 354.79, 46.12, 26.45, 144, 4, 4);
INSERT INTO FIDE_FACTURA_TB (ID_FACTURA, FECHA_REGISTRO, MONTO_TOTAL, SUBTOTAL, IVA, DESCUENTO, ID_USUARIO, ID_METODO_PAGO, ID_ESTADO) VALUES (66, TO_DATE('2023-12-20', 'YYYY-MM-DD'), 248.38, 229.25, 29.8, 31.92, 113, 3, 5);
INSERT INTO FIDE_FACTURA_TB (ID_FACTURA, FECHA_REGISTRO, MONTO_TOTAL, SUBTOTAL, IVA, DESCUENTO, ID_USUARIO, ID_METODO_PAGO, ID_ESTADO) VALUES (67, TO_DATE('2024-08-08', 'YYYY-MM-DD'), 406.61, 374.13, 48.64, 25.98, 118, 3, 3);
INSERT INTO FIDE_FACTURA_TB (ID_FACTURA, FECHA_REGISTRO, MONTO_TOTAL, SUBTOTAL, IVA, DESCUENTO, ID_USUARIO, ID_METODO_PAGO, ID_ESTADO) VALUES (68, TO_DATE('2024-03-09', 'YYYY-MM-DD'), 645.84, 604.13, 78.54, 48.9, 18, 3, 4);
INSERT INTO FIDE_FACTURA_TB (ID_FACTURA, FECHA_REGISTRO, MONTO_TOTAL, SUBTOTAL, IVA, DESCUENTO, ID_USUARIO, ID_METODO_PAGO, ID_ESTADO) VALUES (69, TO_DATE('2023-01-09', 'YYYY-MM-DD'), 317.21, 305.58, 39.73, 26.97, 12, 4, 5);
INSERT INTO FIDE_FACTURA_TB (ID_FACTURA, FECHA_REGISTRO, MONTO_TOTAL, SUBTOTAL, IVA, DESCUENTO, ID_USUARIO, ID_METODO_PAGO, ID_ESTADO) VALUES (70, TO_DATE('2023-05-01', 'YYYY-MM-DD'), 711.66, 642.53, 83.53, 32.1, 98, 4, 3);
INSERT INTO FIDE_FACTURA_TB (ID_FACTURA, FECHA_REGISTRO, MONTO_TOTAL, SUBTOTAL, IVA, DESCUENTO, ID_USUARIO, ID_METODO_PAGO, ID_ESTADO) VALUES (71, TO_DATE('2023-09-18', 'YYYY-MM-DD'), 412.91, 384.28, 49.96, 36.06, 112, 4, 4);
INSERT INTO FIDE_FACTURA_TB (ID_FACTURA, FECHA_REGISTRO, MONTO_TOTAL, SUBTOTAL, IVA, DESCUENTO, ID_USUARIO, ID_METODO_PAGO, ID_ESTADO) VALUES (72, TO_DATE('2024-05-13', 'YYYY-MM-DD'), 155.66, 145.1, 18.86, 49.75, 43, 2, 5);
INSERT INTO FIDE_FACTURA_TB (ID_FACTURA, FECHA_REGISTRO, MONTO_TOTAL, SUBTOTAL, IVA, DESCUENTO, ID_USUARIO, ID_METODO_PAGO, ID_ESTADO) VALUES (73, TO_DATE('2024-10-09', 'YYYY-MM-DD'), 855.5, 811.44, 105.49, 37.7, 65, 1, 3);
INSERT INTO FIDE_FACTURA_TB (ID_FACTURA, FECHA_REGISTRO, MONTO_TOTAL, SUBTOTAL, IVA, DESCUENTO, ID_USUARIO, ID_METODO_PAGO, ID_ESTADO) VALUES (74, TO_DATE('2024-06-15', 'YYYY-MM-DD'), 451.77, 417.62, 54.29, 16.11, 63, 2, 4);
INSERT INTO FIDE_FACTURA_TB (ID_FACTURA, FECHA_REGISTRO, MONTO_TOTAL, SUBTOTAL, IVA, DESCUENTO, ID_USUARIO, ID_METODO_PAGO, ID_ESTADO) VALUES (75, TO_DATE('2024-01-24', 'YYYY-MM-DD'), 143.56, 138.26, 17.97, 37.65, 135, 2, 5);
INSERT INTO FIDE_FACTURA_TB (ID_FACTURA, FECHA_REGISTRO, MONTO_TOTAL, SUBTOTAL, IVA, DESCUENTO, ID_USUARIO, ID_METODO_PAGO, ID_ESTADO) VALUES (76, TO_DATE('2023-02-15', 'YYYY-MM-DD'), 612.05, 593.22, 77.12, 42.13, 13, 4, 3);
INSERT INTO FIDE_FACTURA_TB (ID_FACTURA, FECHA_REGISTRO, MONTO_TOTAL, SUBTOTAL, IVA, DESCUENTO, ID_USUARIO, ID_METODO_PAGO, ID_ESTADO) VALUES (77, TO_DATE('2023-10-23', 'YYYY-MM-DD'), 573.71, 551.25, 71.66, 43.24, 38, 4, 4);
INSERT INTO FIDE_FACTURA_TB (ID_FACTURA, FECHA_REGISTRO, MONTO_TOTAL, SUBTOTAL, IVA, DESCUENTO, ID_USUARIO, ID_METODO_PAGO, ID_ESTADO) VALUES (78, TO_DATE('2024-10-19', 'YYYY-MM-DD'), 345.21, 329.81, 42.88, 27.21, 108, 1, 5);
INSERT INTO FIDE_FACTURA_TB (ID_FACTURA, FECHA_REGISTRO, MONTO_TOTAL, SUBTOTAL, IVA, DESCUENTO, ID_USUARIO, ID_METODO_PAGO, ID_ESTADO) VALUES (79, TO_DATE('2023-05-07', 'YYYY-MM-DD'), 1062.37, 1014.5, 131.88, 27.1, 79, 1, 3);
INSERT INTO FIDE_FACTURA_TB (ID_FACTURA, FECHA_REGISTRO, MONTO_TOTAL, SUBTOTAL, IVA, DESCUENTO, ID_USUARIO, ID_METODO_PAGO, ID_ESTADO) VALUES (80, TO_DATE('2024-12-08', 'YYYY-MM-DD'), 630.39, 573.57, 74.56, 49.05, 1, 3, 4);
INSERT INTO FIDE_FACTURA_TB (ID_FACTURA, FECHA_REGISTRO, MONTO_TOTAL, SUBTOTAL, IVA, DESCUENTO, ID_USUARIO, ID_METODO_PAGO, ID_ESTADO) VALUES (81, TO_DATE('2024-09-17', 'YYYY-MM-DD'), 599.2, 547.0, 71.11, 24.88, 49, 1, 5);
INSERT INTO FIDE_FACTURA_TB (ID_FACTURA, FECHA_REGISTRO, MONTO_TOTAL, SUBTOTAL, IVA, DESCUENTO, ID_USUARIO, ID_METODO_PAGO, ID_ESTADO) VALUES (82, TO_DATE('2023-03-20', 'YYYY-MM-DD'), 877.73, 851.85, 110.74, 21.71, 50, 4, 3);
INSERT INTO FIDE_FACTURA_TB (ID_FACTURA, FECHA_REGISTRO, MONTO_TOTAL, SUBTOTAL, IVA, DESCUENTO, ID_USUARIO, ID_METODO_PAGO, ID_ESTADO) VALUES (83, TO_DATE('2024-09-07', 'YYYY-MM-DD'), 369.47, 364.18, 47.34, 48.12, 63, 1, 4);
INSERT INTO FIDE_FACTURA_TB (ID_FACTURA, FECHA_REGISTRO, MONTO_TOTAL, SUBTOTAL, IVA, DESCUENTO, ID_USUARIO, ID_METODO_PAGO, ID_ESTADO) VALUES (84, TO_DATE('2023-06-25', 'YYYY-MM-DD'), 159.95, 154.59, 20.1, 43.64, 127, 3, 5);
INSERT INTO FIDE_FACTURA_TB (ID_FACTURA, FECHA_REGISTRO, MONTO_TOTAL, SUBTOTAL, IVA, DESCUENTO, ID_USUARIO, ID_METODO_PAGO, ID_ESTADO) VALUES (85, TO_DATE('2023-06-12', 'YYYY-MM-DD'), 1008.18, 959.52, 124.74, 28.23, 82, 2, 3);
INSERT INTO FIDE_FACTURA_TB (ID_FACTURA, FECHA_REGISTRO, MONTO_TOTAL, SUBTOTAL, IVA, DESCUENTO, ID_USUARIO, ID_METODO_PAGO, ID_ESTADO) VALUES (86, TO_DATE('2023-11-03', 'YYYY-MM-DD'), 897.25, 887.02, 115.31, 24.24, 147, 2, 4);
INSERT INTO FIDE_FACTURA_TB (ID_FACTURA, FECHA_REGISTRO, MONTO_TOTAL, SUBTOTAL, IVA, DESCUENTO, ID_USUARIO, ID_METODO_PAGO, ID_ESTADO) VALUES (87, TO_DATE('2024-03-16', 'YYYY-MM-DD'), 222.94, 222.54, 28.93, 33.48, 123, 3, 5);
INSERT INTO FIDE_FACTURA_TB (ID_FACTURA, FECHA_REGISTRO, MONTO_TOTAL, SUBTOTAL, IVA, DESCUENTO, ID_USUARIO, ID_METODO_PAGO, ID_ESTADO) VALUES (88, TO_DATE('2024-12-21', 'YYYY-MM-DD'), 145.72, 144.66, 18.81, 22.4, 60, 4, 3);
INSERT INTO FIDE_FACTURA_TB (ID_FACTURA, FECHA_REGISTRO, MONTO_TOTAL, SUBTOTAL, IVA, DESCUENTO, ID_USUARIO, ID_METODO_PAGO, ID_ESTADO) VALUES (89, TO_DATE('2024-04-02', 'YYYY-MM-DD'), 351.11, 321.11, 41.74, 24.83, 32, 2, 4);
INSERT INTO FIDE_FACTURA_TB (ID_FACTURA, FECHA_REGISTRO, MONTO_TOTAL, SUBTOTAL, IVA, DESCUENTO, ID_USUARIO, ID_METODO_PAGO, ID_ESTADO) VALUES (90, TO_DATE('2023-08-22', 'YYYY-MM-DD'), 761.03, 726.95, 94.5, 11.22, 85, 1, 5);
INSERT INTO FIDE_FACTURA_TB (ID_FACTURA, FECHA_REGISTRO, MONTO_TOTAL, SUBTOTAL, IVA, DESCUENTO, ID_USUARIO, ID_METODO_PAGO, ID_ESTADO) VALUES (91, TO_DATE('2024-09-10', 'YYYY-MM-DD'), 644.75, 613.69, 79.78, 28.19, 82, 3, 3);
INSERT INTO FIDE_FACTURA_TB (ID_FACTURA, FECHA_REGISTRO, MONTO_TOTAL, SUBTOTAL, IVA, DESCUENTO, ID_USUARIO, ID_METODO_PAGO, ID_ESTADO) VALUES (92, TO_DATE('2024-04-13', 'YYYY-MM-DD'), 188.32, 186.21, 24.21, 23.11, 16, 4, 4);
INSERT INTO FIDE_FACTURA_TB (ID_FACTURA, FECHA_REGISTRO, MONTO_TOTAL, SUBTOTAL, IVA, DESCUENTO, ID_USUARIO, ID_METODO_PAGO, ID_ESTADO) VALUES (93, TO_DATE('2024-10-01', 'YYYY-MM-DD'), 839.77, 790.73, 102.79, 28.04, 68, 3, 5);
INSERT INTO FIDE_FACTURA_TB (ID_FACTURA, FECHA_REGISTRO, MONTO_TOTAL, SUBTOTAL, IVA, DESCUENTO, ID_USUARIO, ID_METODO_PAGO, ID_ESTADO) VALUES (94, TO_DATE('2023-03-19', 'YYYY-MM-DD'), 1024.14, 993.61, 129.17, 21.8, 39, 3, 3);
INSERT INTO FIDE_FACTURA_TB (ID_FACTURA, FECHA_REGISTRO, MONTO_TOTAL, SUBTOTAL, IVA, DESCUENTO, ID_USUARIO, ID_METODO_PAGO, ID_ESTADO) VALUES (95, TO_DATE('2023-09-01', 'YYYY-MM-DD'), 1049.24, 981.16, 127.55, 35.82, 125, 3, 4);
INSERT INTO FIDE_FACTURA_TB (ID_FACTURA, FECHA_REGISTRO, MONTO_TOTAL, SUBTOTAL, IVA, DESCUENTO, ID_USUARIO, ID_METODO_PAGO, ID_ESTADO) VALUES (96, TO_DATE('2023-11-06', 'YYYY-MM-DD'), 540.28, 525.36, 68.3, 40.04, 120, 2, 5);
INSERT INTO FIDE_FACTURA_TB (ID_FACTURA, FECHA_REGISTRO, MONTO_TOTAL, SUBTOTAL, IVA, DESCUENTO, ID_USUARIO, ID_METODO_PAGO, ID_ESTADO) VALUES (97, TO_DATE('2024-04-18', 'YYYY-MM-DD'), 436.31, 405.69, 52.74, 23.32, 79, 3, 3);
INSERT INTO FIDE_FACTURA_TB (ID_FACTURA, FECHA_REGISTRO, MONTO_TOTAL, SUBTOTAL, IVA, DESCUENTO, ID_USUARIO, ID_METODO_PAGO, ID_ESTADO) VALUES (98, TO_DATE('2024-04-02', 'YYYY-MM-DD'), 367.94, 354.53, 46.09, 42.39, 112, 1, 4);
INSERT INTO FIDE_FACTURA_TB (ID_FACTURA, FECHA_REGISTRO, MONTO_TOTAL, SUBTOTAL, IVA, DESCUENTO, ID_USUARIO, ID_METODO_PAGO, ID_ESTADO) VALUES (99, TO_DATE('2024-12-08', 'YYYY-MM-DD'), 402.34, 393.91, 51.21, 34.33, 93, 2, 5);
INSERT INTO FIDE_FACTURA_TB (ID_FACTURA, FECHA_REGISTRO, MONTO_TOTAL, SUBTOTAL, IVA, DESCUENTO, ID_USUARIO, ID_METODO_PAGO, ID_ESTADO) VALUES (100, TO_DATE('2023-11-22', 'YYYY-MM-DD'), 314.03, 289.65, 37.65, 46.76, 94, 2, 3);
INSERT INTO FIDE_FACTURA_TB (ID_FACTURA, FECHA_REGISTRO, MONTO_TOTAL, SUBTOTAL, IVA, DESCUENTO, ID_USUARIO, ID_METODO_PAGO, ID_ESTADO) VALUES (101, TO_DATE('2023-11-13', 'YYYY-MM-DD'), 671.08, 616.49, 80.14, 31.02, 63, 4, 4);
INSERT INTO FIDE_FACTURA_TB (ID_FACTURA, FECHA_REGISTRO, MONTO_TOTAL, SUBTOTAL, IVA, DESCUENTO, ID_USUARIO, ID_METODO_PAGO, ID_ESTADO) VALUES (102, TO_DATE('2023-02-01', 'YYYY-MM-DD'), 199.75, 181.98, 23.66, 31.42, 133, 1, 5);
INSERT INTO FIDE_FACTURA_TB (ID_FACTURA, FECHA_REGISTRO, MONTO_TOTAL, SUBTOTAL, IVA, DESCUENTO, ID_USUARIO, ID_METODO_PAGO, ID_ESTADO) VALUES (103, TO_DATE('2023-01-05', 'YYYY-MM-DD'), 622.73, 617.46, 80.27, 18.07, 127, 3, 3);
INSERT INTO FIDE_FACTURA_TB (ID_FACTURA, FECHA_REGISTRO, MONTO_TOTAL, SUBTOTAL, IVA, DESCUENTO, ID_USUARIO, ID_METODO_PAGO, ID_ESTADO) VALUES (104, TO_DATE('2024-03-15', 'YYYY-MM-DD'), 107.61, 104.57, 13.59, 39.41, 145, 1, 4);
INSERT INTO FIDE_FACTURA_TB (ID_FACTURA, FECHA_REGISTRO, MONTO_TOTAL, SUBTOTAL, IVA, DESCUENTO, ID_USUARIO, ID_METODO_PAGO, ID_ESTADO) VALUES (105, TO_DATE('2024-10-07', 'YYYY-MM-DD'), 484.94, 438.08, 56.95, 21.64, 3, 2, 5);
INSERT INTO FIDE_FACTURA_TB (ID_FACTURA, FECHA_REGISTRO, MONTO_TOTAL, SUBTOTAL, IVA, DESCUENTO, ID_USUARIO, ID_METODO_PAGO, ID_ESTADO) VALUES (106, TO_DATE('2024-02-20', 'YYYY-MM-DD'), 233.42, 228.49, 29.7, 6.76, 57, 4, 3);
INSERT INTO FIDE_FACTURA_TB (ID_FACTURA, FECHA_REGISTRO, MONTO_TOTAL, SUBTOTAL, IVA, DESCUENTO, ID_USUARIO, ID_METODO_PAGO, ID_ESTADO) VALUES (107, TO_DATE('2023-03-07', 'YYYY-MM-DD'), 1006.33, 917.77, 119.31, 40.28, 82, 2, 4);
INSERT INTO FIDE_FACTURA_TB (ID_FACTURA, FECHA_REGISTRO, MONTO_TOTAL, SUBTOTAL, IVA, DESCUENTO, ID_USUARIO, ID_METODO_PAGO, ID_ESTADO) VALUES (108, TO_DATE('2024-12-14', 'YYYY-MM-DD'), 679.99, 675.78, 87.85, 10.2, 23, 2, 5);
INSERT INTO FIDE_FACTURA_TB (ID_FACTURA, FECHA_REGISTRO, MONTO_TOTAL, SUBTOTAL, IVA, DESCUENTO, ID_USUARIO, ID_METODO_PAGO, ID_ESTADO) VALUES (109, TO_DATE('2023-01-01', 'YYYY-MM-DD'), 138.62, 128.03, 16.64, 13.11, 130, 3, 3);
INSERT INTO FIDE_FACTURA_TB (ID_FACTURA, FECHA_REGISTRO, MONTO_TOTAL, SUBTOTAL, IVA, DESCUENTO, ID_USUARIO, ID_METODO_PAGO, ID_ESTADO) VALUES (110, TO_DATE('2023-06-06', 'YYYY-MM-DD'), 922.02, 906.74, 117.88, 6.5, 106, 4, 4);
INSERT INTO FIDE_FACTURA_TB (ID_FACTURA, FECHA_REGISTRO, MONTO_TOTAL, SUBTOTAL, IVA, DESCUENTO, ID_USUARIO, ID_METODO_PAGO, ID_ESTADO) VALUES (111, TO_DATE('2023-07-03', 'YYYY-MM-DD'), 1086.37, 986.04, 128.19, 7.06, 21, 3, 5);
INSERT INTO FIDE_FACTURA_TB (ID_FACTURA, FECHA_REGISTRO, MONTO_TOTAL, SUBTOTAL, IVA, DESCUENTO, ID_USUARIO, ID_METODO_PAGO, ID_ESTADO) VALUES (112, TO_DATE('2023-10-26', 'YYYY-MM-DD'), 674.65, 634.12, 82.44, 46.18, 2, 3, 3);
INSERT INTO FIDE_FACTURA_TB (ID_FACTURA, FECHA_REGISTRO, MONTO_TOTAL, SUBTOTAL, IVA, DESCUENTO, ID_USUARIO, ID_METODO_PAGO, ID_ESTADO) VALUES (113, TO_DATE('2023-11-26', 'YYYY-MM-DD'), 1014.76, 936.65, 121.76, 31.02, 133, 3, 4);
INSERT INTO FIDE_FACTURA_TB (ID_FACTURA, FECHA_REGISTRO, MONTO_TOTAL, SUBTOTAL, IVA, DESCUENTO, ID_USUARIO, ID_METODO_PAGO, ID_ESTADO) VALUES (114, TO_DATE('2024-02-20', 'YYYY-MM-DD'), 890.62, 870.62, 113.18, 41.49, 128, 3, 5);
INSERT INTO FIDE_FACTURA_TB (ID_FACTURA, FECHA_REGISTRO, MONTO_TOTAL, SUBTOTAL, IVA, DESCUENTO, ID_USUARIO, ID_METODO_PAGO, ID_ESTADO) VALUES (115, TO_DATE('2023-04-21', 'YYYY-MM-DD'), 426.4, 410.22, 53.33, 48.25, 68, 2, 3);
INSERT INTO FIDE_FACTURA_TB (ID_FACTURA, FECHA_REGISTRO, MONTO_TOTAL, SUBTOTAL, IVA, DESCUENTO, ID_USUARIO, ID_METODO_PAGO, ID_ESTADO) VALUES (116, TO_DATE('2024-08-14', 'YYYY-MM-DD'), 942.93, 915.42, 119.0, 32.5, 61, 4, 4);
INSERT INTO FIDE_FACTURA_TB (ID_FACTURA, FECHA_REGISTRO, MONTO_TOTAL, SUBTOTAL, IVA, DESCUENTO, ID_USUARIO, ID_METODO_PAGO, ID_ESTADO) VALUES (117, TO_DATE('2024-09-24', 'YYYY-MM-DD'), 884.16, 802.95, 104.38, 21.97, 89, 1, 5);
INSERT INTO FIDE_FACTURA_TB (ID_FACTURA, FECHA_REGISTRO, MONTO_TOTAL, SUBTOTAL, IVA, DESCUENTO, ID_USUARIO, ID_METODO_PAGO, ID_ESTADO) VALUES (118, TO_DATE('2024-08-27', 'YYYY-MM-DD'), 599.49, 589.37, 76.62, 43.41, 128, 4, 3);
INSERT INTO FIDE_FACTURA_TB (ID_FACTURA, FECHA_REGISTRO, MONTO_TOTAL, SUBTOTAL, IVA, DESCUENTO, ID_USUARIO, ID_METODO_PAGO, ID_ESTADO) VALUES (119, TO_DATE('2023-05-12', 'YYYY-MM-DD'), 568.74, 527.45, 68.57, 27.55, 67, 1, 4);
INSERT INTO FIDE_FACTURA_TB (ID_FACTURA, FECHA_REGISTRO, MONTO_TOTAL, SUBTOTAL, IVA, DESCUENTO, ID_USUARIO, ID_METODO_PAGO, ID_ESTADO) VALUES (120, TO_DATE('2023-04-14', 'YYYY-MM-DD'), 522.6, 495.66, 64.44, 46.46, 24, 4, 5);
INSERT INTO FIDE_FACTURA_TB (ID_FACTURA, FECHA_REGISTRO, MONTO_TOTAL, SUBTOTAL, IVA, DESCUENTO, ID_USUARIO, ID_METODO_PAGO, ID_ESTADO) VALUES (121, TO_DATE('2023-12-17', 'YYYY-MM-DD'), 496.1, 464.04, 60.33, 28.8, 80, 4, 3);
INSERT INTO FIDE_FACTURA_TB (ID_FACTURA, FECHA_REGISTRO, MONTO_TOTAL, SUBTOTAL, IVA, DESCUENTO, ID_USUARIO, ID_METODO_PAGO, ID_ESTADO) VALUES (122, TO_DATE('2024-03-26', 'YYYY-MM-DD'), 195.65, 185.48, 24.11, 34.47, 73, 2, 4);
INSERT INTO FIDE_FACTURA_TB (ID_FACTURA, FECHA_REGISTRO, MONTO_TOTAL, SUBTOTAL, IVA, DESCUENTO, ID_USUARIO, ID_METODO_PAGO, ID_ESTADO) VALUES (123, TO_DATE('2024-08-02', 'YYYY-MM-DD'), 502.3, 462.78, 60.16, 20.19, 51, 3, 5);
INSERT INTO FIDE_FACTURA_TB (ID_FACTURA, FECHA_REGISTRO, MONTO_TOTAL, SUBTOTAL, IVA, DESCUENTO, ID_USUARIO, ID_METODO_PAGO, ID_ESTADO) VALUES (124, TO_DATE('2024-01-04', 'YYYY-MM-DD'), 1067.62, 965.37, 125.5, 43.33, 36, 1, 3);
INSERT INTO FIDE_FACTURA_TB (ID_FACTURA, FECHA_REGISTRO, MONTO_TOTAL, SUBTOTAL, IVA, DESCUENTO, ID_USUARIO, ID_METODO_PAGO, ID_ESTADO) VALUES (125, TO_DATE('2023-12-02', 'YYYY-MM-DD'), 345.93, 326.3, 42.42, 15.65, 55, 4, 4);
INSERT INTO FIDE_FACTURA_TB (ID_FACTURA, FECHA_REGISTRO, MONTO_TOTAL, SUBTOTAL, IVA, DESCUENTO, ID_USUARIO, ID_METODO_PAGO, ID_ESTADO) VALUES (126, TO_DATE('2023-11-11', 'YYYY-MM-DD'), 490.99, 444.65, 57.8, 23.29, 128, 2, 5);
INSERT INTO FIDE_FACTURA_TB (ID_FACTURA, FECHA_REGISTRO, MONTO_TOTAL, SUBTOTAL, IVA, DESCUENTO, ID_USUARIO, ID_METODO_PAGO, ID_ESTADO) VALUES (127, TO_DATE('2023-08-14', 'YYYY-MM-DD'), 784.22, 738.99, 96.07, 40.75, 96, 1, 3);
INSERT INTO FIDE_FACTURA_TB (ID_FACTURA, FECHA_REGISTRO, MONTO_TOTAL, SUBTOTAL, IVA, DESCUENTO, ID_USUARIO, ID_METODO_PAGO, ID_ESTADO) VALUES (128, TO_DATE('2023-05-06', 'YYYY-MM-DD'), 333.24, 317.15, 41.23, 16.64, 48, 1, 4);
INSERT INTO FIDE_FACTURA_TB (ID_FACTURA, FECHA_REGISTRO, MONTO_TOTAL, SUBTOTAL, IVA, DESCUENTO, ID_USUARIO, ID_METODO_PAGO, ID_ESTADO) VALUES (129, TO_DATE('2023-01-15', 'YYYY-MM-DD'), 496.64, 487.33, 63.35, 22.03, 117, 3, 5);
INSERT INTO FIDE_FACTURA_TB (ID_FACTURA, FECHA_REGISTRO, MONTO_TOTAL, SUBTOTAL, IVA, DESCUENTO, ID_USUARIO, ID_METODO_PAGO, ID_ESTADO) VALUES (130, TO_DATE('2023-01-23', 'YYYY-MM-DD'), 928.93, 864.7, 112.41, 25.63, 112, 4, 3);
INSERT INTO FIDE_FACTURA_TB (ID_FACTURA, FECHA_REGISTRO, MONTO_TOTAL, SUBTOTAL, IVA, DESCUENTO, ID_USUARIO, ID_METODO_PAGO, ID_ESTADO) VALUES (131, TO_DATE('2023-06-12', 'YYYY-MM-DD'), 462.77, 424.49, 55.18, 9.17, 107, 4, 4);
INSERT INTO FIDE_FACTURA_TB (ID_FACTURA, FECHA_REGISTRO, MONTO_TOTAL, SUBTOTAL, IVA, DESCUENTO, ID_USUARIO, ID_METODO_PAGO, ID_ESTADO) VALUES (132, TO_DATE('2023-02-15', 'YYYY-MM-DD'), 282.24, 272.49, 35.42, 40.36, 54, 3, 5);
INSERT INTO FIDE_FACTURA_TB (ID_FACTURA, FECHA_REGISTRO, MONTO_TOTAL, SUBTOTAL, IVA, DESCUENTO, ID_USUARIO, ID_METODO_PAGO, ID_ESTADO) VALUES (133, TO_DATE('2024-10-15', 'YYYY-MM-DD'), 303.34, 287.0, 37.31, 28.05, 15, 3, 3);
INSERT INTO FIDE_FACTURA_TB (ID_FACTURA, FECHA_REGISTRO, MONTO_TOTAL, SUBTOTAL, IVA, DESCUENTO, ID_USUARIO, ID_METODO_PAGO, ID_ESTADO) VALUES (134, TO_DATE('2024-10-15', 'YYYY-MM-DD'), 974.26, 932.31, 121.2, 42.9, 84, 4, 4);
INSERT INTO FIDE_FACTURA_TB (ID_FACTURA, FECHA_REGISTRO, MONTO_TOTAL, SUBTOTAL, IVA, DESCUENTO, ID_USUARIO, ID_METODO_PAGO, ID_ESTADO) VALUES (135, TO_DATE('2023-01-20', 'YYYY-MM-DD'), 800.92, 751.44, 97.69, 48.45, 21, 3, 5);
INSERT INTO FIDE_FACTURA_TB (ID_FACTURA, FECHA_REGISTRO, MONTO_TOTAL, SUBTOTAL, IVA, DESCUENTO, ID_USUARIO, ID_METODO_PAGO, ID_ESTADO) VALUES (136, TO_DATE('2024-03-09', 'YYYY-MM-DD'), 345.31, 338.96, 44.06, 47.28, 68, 3, 3);
INSERT INTO FIDE_FACTURA_TB (ID_FACTURA, FECHA_REGISTRO, MONTO_TOTAL, SUBTOTAL, IVA, DESCUENTO, ID_USUARIO, ID_METODO_PAGO, ID_ESTADO) VALUES (137, TO_DATE('2024-02-08', 'YYYY-MM-DD'), 393.46, 385.44, 50.11, 39.55, 146, 1, 4);
INSERT INTO FIDE_FACTURA_TB (ID_FACTURA, FECHA_REGISTRO, MONTO_TOTAL, SUBTOTAL, IVA, DESCUENTO, ID_USUARIO, ID_METODO_PAGO, ID_ESTADO) VALUES (138, TO_DATE('2024-03-20', 'YYYY-MM-DD'), 666.77, 631.67, 82.12, 32.92, 111, 4, 5);
INSERT INTO FIDE_FACTURA_TB (ID_FACTURA, FECHA_REGISTRO, MONTO_TOTAL, SUBTOTAL, IVA, DESCUENTO, ID_USUARIO, ID_METODO_PAGO, ID_ESTADO) VALUES (139, TO_DATE('2024-12-17', 'YYYY-MM-DD'), 315.15, 300.34, 39.04, 7.59, 34, 2, 3);
INSERT INTO FIDE_FACTURA_TB (ID_FACTURA, FECHA_REGISTRO, MONTO_TOTAL, SUBTOTAL, IVA, DESCUENTO, ID_USUARIO, ID_METODO_PAGO, ID_ESTADO) VALUES (140, TO_DATE('2024-07-23', 'YYYY-MM-DD'), 321.29, 303.76, 39.49, 44.94, 53, 1, 4);
INSERT INTO FIDE_FACTURA_TB (ID_FACTURA, FECHA_REGISTRO, MONTO_TOTAL, SUBTOTAL, IVA, DESCUENTO, ID_USUARIO, ID_METODO_PAGO, ID_ESTADO) VALUES (141, TO_DATE('2023-06-12', 'YYYY-MM-DD'), 666.68, 665.04, 86.46, 5.31, 22, 3, 5);
INSERT INTO FIDE_FACTURA_TB (ID_FACTURA, FECHA_REGISTRO, MONTO_TOTAL, SUBTOTAL, IVA, DESCUENTO, ID_USUARIO, ID_METODO_PAGO, ID_ESTADO) VALUES (142, TO_DATE('2023-07-04', 'YYYY-MM-DD'), 810.81, 801.19, 104.15, 6.19, 147, 1, 3);
INSERT INTO FIDE_FACTURA_TB (ID_FACTURA, FECHA_REGISTRO, MONTO_TOTAL, SUBTOTAL, IVA, DESCUENTO, ID_USUARIO, ID_METODO_PAGO, ID_ESTADO) VALUES (143, TO_DATE('2023-06-13', 'YYYY-MM-DD'), 218.53, 206.11, 26.79, 35.9, 142, 2, 4);
INSERT INTO FIDE_FACTURA_TB (ID_FACTURA, FECHA_REGISTRO, MONTO_TOTAL, SUBTOTAL, IVA, DESCUENTO, ID_USUARIO, ID_METODO_PAGO, ID_ESTADO) VALUES (144, TO_DATE('2024-04-09', 'YYYY-MM-DD'), 362.19, 361.41, 46.98, 43.6, 134, 1, 5);
INSERT INTO FIDE_FACTURA_TB (ID_FACTURA, FECHA_REGISTRO, MONTO_TOTAL, SUBTOTAL, IVA, DESCUENTO, ID_USUARIO, ID_METODO_PAGO, ID_ESTADO) VALUES (145, TO_DATE('2023-02-08', 'YYYY-MM-DD'), 654.11, 595.39, 77.4, 38.77, 122, 1, 3);
INSERT INTO FIDE_FACTURA_TB (ID_FACTURA, FECHA_REGISTRO, MONTO_TOTAL, SUBTOTAL, IVA, DESCUENTO, ID_USUARIO, ID_METODO_PAGO, ID_ESTADO) VALUES (146, TO_DATE('2023-07-21', 'YYYY-MM-DD'), 755.39, 698.63, 90.82, 23.77, 2, 1, 4);
INSERT INTO FIDE_FACTURA_TB (ID_FACTURA, FECHA_REGISTRO, MONTO_TOTAL, SUBTOTAL, IVA, DESCUENTO, ID_USUARIO, ID_METODO_PAGO, ID_ESTADO) VALUES (147, TO_DATE('2024-03-16', 'YYYY-MM-DD'), 754.6, 687.84, 89.42, 40.02, 85, 2, 5);
INSERT INTO FIDE_FACTURA_TB (ID_FACTURA, FECHA_REGISTRO, MONTO_TOTAL, SUBTOTAL, IVA, DESCUENTO, ID_USUARIO, ID_METODO_PAGO, ID_ESTADO) VALUES (148, TO_DATE('2024-09-01', 'YYYY-MM-DD'), 185.5, 182.87, 23.77, 16.93, 98, 1, 3);
INSERT INTO FIDE_FACTURA_TB (ID_FACTURA, FECHA_REGISTRO, MONTO_TOTAL, SUBTOTAL, IVA, DESCUENTO, ID_USUARIO, ID_METODO_PAGO, ID_ESTADO) VALUES (149, TO_DATE('2024-08-22', 'YYYY-MM-DD'), 662.76, 624.62, 81.2, 31.46, 109, 2, 4);
INSERT INTO FIDE_FACTURA_TB (ID_FACTURA, FECHA_REGISTRO, MONTO_TOTAL, SUBTOTAL, IVA, DESCUENTO, ID_USUARIO, ID_METODO_PAGO, ID_ESTADO) VALUES (150, TO_DATE('2024-12-18', 'YYYY-MM-DD'), 413.16, 405.48, 52.71, 30.23, 47, 4, 5);






DELETE FROM  FIDE_DETALLE_FACTURA_TB;



INSERT INTO FIDE_DETALLE_FACTURA_TB (CANTIDAD, PRECIO_UNITARIO, TOTAL, ID_FACTURA, ID_PRODUCTO, ID_ESTADO)
VALUES (4, 165.75, 663.0, 84, 48, 4);
INSERT INTO FIDE_DETALLE_FACTURA_TB (CANTIDAD, PRECIO_UNITARIO, TOTAL, ID_FACTURA, ID_PRODUCTO, ID_ESTADO)
VALUES (8, 683.52, 5468.16, 101, 90, 3);
INSERT INTO FIDE_DETALLE_FACTURA_TB (CANTIDAD, PRECIO_UNITARIO, TOTAL, ID_FACTURA, ID_PRODUCTO, ID_ESTADO)
VALUES (9, 615.61, 5540.49, 71, 40, 4);
INSERT INTO FIDE_DETALLE_FACTURA_TB (CANTIDAD, PRECIO_UNITARIO, TOTAL, ID_FACTURA, ID_PRODUCTO, ID_ESTADO)
VALUES (9, 459.77, 4137.93, 55, 26, 5);
INSERT INTO FIDE_DETALLE_FACTURA_TB (CANTIDAD, PRECIO_UNITARIO, TOTAL, ID_FACTURA, ID_PRODUCTO, ID_ESTADO)
VALUES (4, 297.19, 1188.76, 62, 131, 4);
INSERT INTO FIDE_DETALLE_FACTURA_TB (CANTIDAD, PRECIO_UNITARIO, TOTAL, ID_FACTURA, ID_PRODUCTO, ID_ESTADO)
VALUES (4, 693.61, 2774.44, 129, 122, 4);
INSERT INTO FIDE_DETALLE_FACTURA_TB (CANTIDAD, PRECIO_UNITARIO, TOTAL, ID_FACTURA, ID_PRODUCTO, ID_ESTADO)
VALUES (2, 386.33, 772.66, 99, 95, 4);
INSERT INTO FIDE_DETALLE_FACTURA_TB (CANTIDAD, PRECIO_UNITARIO, TOTAL, ID_FACTURA, ID_PRODUCTO, ID_ESTADO)
VALUES (10, 149.2, 1492.0, 33, 122, 4);
INSERT INTO FIDE_DETALLE_FACTURA_TB (CANTIDAD, PRECIO_UNITARIO, TOTAL, ID_FACTURA, ID_PRODUCTO, ID_ESTADO)
VALUES (5, 407.69, 2038.45, 111, 131, 3);
INSERT INTO FIDE_DETALLE_FACTURA_TB (CANTIDAD, PRECIO_UNITARIO, TOTAL, ID_FACTURA, ID_PRODUCTO, ID_ESTADO)
VALUES (1, 246.76, 246.76, 53, 66, 4);
INSERT INTO FIDE_DETALLE_FACTURA_TB (CANTIDAD, PRECIO_UNITARIO, TOTAL, ID_FACTURA, ID_PRODUCTO, ID_ESTADO)
VALUES (4, 141.25, 565.0, 146, 14, 3);
INSERT INTO FIDE_DETALLE_FACTURA_TB (CANTIDAD, PRECIO_UNITARIO, TOTAL, ID_FACTURA, ID_PRODUCTO, ID_ESTADO)
VALUES (8, 961.22, 7689.76, 17, 94, 5);
INSERT INTO FIDE_DETALLE_FACTURA_TB (CANTIDAD, PRECIO_UNITARIO, TOTAL, ID_FACTURA, ID_PRODUCTO, ID_ESTADO)
VALUES (4, 398.47, 1593.88, 141, 5, 3);
INSERT INTO FIDE_DETALLE_FACTURA_TB (CANTIDAD, PRECIO_UNITARIO, TOTAL, ID_FACTURA, ID_PRODUCTO, ID_ESTADO)
VALUES (6, 714.42, 4286.52, 89, 131, 5);
INSERT INTO FIDE_DETALLE_FACTURA_TB (CANTIDAD, PRECIO_UNITARIO, TOTAL, ID_FACTURA, ID_PRODUCTO, ID_ESTADO)
VALUES (7, 336.12, 2352.84, 31, 130, 5);
INSERT INTO FIDE_DETALLE_FACTURA_TB (CANTIDAD, PRECIO_UNITARIO, TOTAL, ID_FACTURA, ID_PRODUCTO, ID_ESTADO)
VALUES (9, 508.6, 4577.4, 30, 65, 3);
INSERT INTO FIDE_DETALLE_FACTURA_TB (CANTIDAD, PRECIO_UNITARIO, TOTAL, ID_FACTURA, ID_PRODUCTO, ID_ESTADO)
VALUES (1, 305.85, 305.85, 32, 150, 5);
INSERT INTO FIDE_DETALLE_FACTURA_TB (CANTIDAD, PRECIO_UNITARIO, TOTAL, ID_FACTURA, ID_PRODUCTO, ID_ESTADO)
VALUES (4, 37.77, 151.08, 11, 113, 3);
INSERT INTO FIDE_DETALLE_FACTURA_TB (CANTIDAD, PRECIO_UNITARIO, TOTAL, ID_FACTURA, ID_PRODUCTO, ID_ESTADO)
VALUES (2, 795.76, 1591.52, 59, 26, 5);
INSERT INTO FIDE_DETALLE_FACTURA_TB (CANTIDAD, PRECIO_UNITARIO, TOTAL, ID_FACTURA, ID_PRODUCTO, ID_ESTADO)
VALUES (5, 288.16, 1440.8, 110, 79, 3);
INSERT INTO FIDE_DETALLE_FACTURA_TB (CANTIDAD, PRECIO_UNITARIO, TOTAL, ID_FACTURA, ID_PRODUCTO, ID_ESTADO)
VALUES (1, 885.44, 885.44, 107, 72, 3);
INSERT INTO FIDE_DETALLE_FACTURA_TB (CANTIDAD, PRECIO_UNITARIO, TOTAL, ID_FACTURA, ID_PRODUCTO, ID_ESTADO)
VALUES (3, 741.79, 2225.37, 132, 106, 4);
INSERT INTO FIDE_DETALLE_FACTURA_TB (CANTIDAD, PRECIO_UNITARIO, TOTAL, ID_FACTURA, ID_PRODUCTO, ID_ESTADO)
VALUES (9, 766.77, 6900.93, 80, 75, 3);
INSERT INTO FIDE_DETALLE_FACTURA_TB (CANTIDAD, PRECIO_UNITARIO, TOTAL, ID_FACTURA, ID_PRODUCTO, ID_ESTADO)
VALUES (7, 248.36, 1738.52, 139, 40, 3);
INSERT INTO FIDE_DETALLE_FACTURA_TB (CANTIDAD, PRECIO_UNITARIO, TOTAL, ID_FACTURA, ID_PRODUCTO, ID_ESTADO)
VALUES (6, 890.94, 5345.64, 121, 98, 4);
INSERT INTO FIDE_DETALLE_FACTURA_TB (CANTIDAD, PRECIO_UNITARIO, TOTAL, ID_FACTURA, ID_PRODUCTO, ID_ESTADO)
VALUES (8, 927.41, 7419.28, 52, 125, 4);
INSERT INTO FIDE_DETALLE_FACTURA_TB (CANTIDAD, PRECIO_UNITARIO, TOTAL, ID_FACTURA, ID_PRODUCTO, ID_ESTADO)
VALUES (9, 119.98, 1079.82, 101, 66, 5);
INSERT INTO FIDE_DETALLE_FACTURA_TB (CANTIDAD, PRECIO_UNITARIO, TOTAL, ID_FACTURA, ID_PRODUCTO, ID_ESTADO)
VALUES (5, 272.57, 1362.85, 121, 59, 4);
INSERT INTO FIDE_DETALLE_FACTURA_TB (CANTIDAD, PRECIO_UNITARIO, TOTAL, ID_FACTURA, ID_PRODUCTO, ID_ESTADO)
VALUES (2, 590.96, 1181.92, 116, 8, 5);
INSERT INTO FIDE_DETALLE_FACTURA_TB (CANTIDAD, PRECIO_UNITARIO, TOTAL, ID_FACTURA, ID_PRODUCTO, ID_ESTADO)
VALUES (5, 835.88, 4179.4, 150, 65, 5);
INSERT INTO FIDE_DETALLE_FACTURA_TB (CANTIDAD, PRECIO_UNITARIO, TOTAL, ID_FACTURA, ID_PRODUCTO, ID_ESTADO)
VALUES (2, 32.58, 65.16, 103, 102, 3);
INSERT INTO FIDE_DETALLE_FACTURA_TB (CANTIDAD, PRECIO_UNITARIO, TOTAL, ID_FACTURA, ID_PRODUCTO, ID_ESTADO)
VALUES (6, 98.52, 591.12, 85, 47, 3);
INSERT INTO FIDE_DETALLE_FACTURA_TB (CANTIDAD, PRECIO_UNITARIO, TOTAL, ID_FACTURA, ID_PRODUCTO, ID_ESTADO)
VALUES (5, 67.16, 335.8, 15, 72, 3);
INSERT INTO FIDE_DETALLE_FACTURA_TB (CANTIDAD, PRECIO_UNITARIO, TOTAL, ID_FACTURA, ID_PRODUCTO, ID_ESTADO)
VALUES (7, 986.56, 6905.92, 55, 125, 4);
INSERT INTO FIDE_DETALLE_FACTURA_TB (CANTIDAD, PRECIO_UNITARIO, TOTAL, ID_FACTURA, ID_PRODUCTO, ID_ESTADO)
VALUES (10, 884.44, 8844.4, 18, 56, 3);
INSERT INTO FIDE_DETALLE_FACTURA_TB (CANTIDAD, PRECIO_UNITARIO, TOTAL, ID_FACTURA, ID_PRODUCTO, ID_ESTADO)
VALUES (4, 795.34, 3181.36, 124, 79, 4);
INSERT INTO FIDE_DETALLE_FACTURA_TB (CANTIDAD, PRECIO_UNITARIO, TOTAL, ID_FACTURA, ID_PRODUCTO, ID_ESTADO)
VALUES (2, 192.16, 384.32, 48, 134, 4);
INSERT INTO FIDE_DETALLE_FACTURA_TB (CANTIDAD, PRECIO_UNITARIO, TOTAL, ID_FACTURA, ID_PRODUCTO, ID_ESTADO)
VALUES (9, 410.82, 3697.38, 75, 2, 4);
INSERT INTO FIDE_DETALLE_FACTURA_TB (CANTIDAD, PRECIO_UNITARIO, TOTAL, ID_FACTURA, ID_PRODUCTO, ID_ESTADO)
VALUES (5, 207.18, 1035.9, 76, 119, 3);
INSERT INTO FIDE_DETALLE_FACTURA_TB (CANTIDAD, PRECIO_UNITARIO, TOTAL, ID_FACTURA, ID_PRODUCTO, ID_ESTADO)
VALUES (7, 791.57, 5540.99, 149, 53, 5);
INSERT INTO FIDE_DETALLE_FACTURA_TB (CANTIDAD, PRECIO_UNITARIO, TOTAL, ID_FACTURA, ID_PRODUCTO, ID_ESTADO)
VALUES (1, 542.78, 542.78, 61, 133, 5);
INSERT INTO FIDE_DETALLE_FACTURA_TB (CANTIDAD, PRECIO_UNITARIO, TOTAL, ID_FACTURA, ID_PRODUCTO, ID_ESTADO)
VALUES (2, 191.8, 383.6, 93, 117, 4);
INSERT INTO FIDE_DETALLE_FACTURA_TB (CANTIDAD, PRECIO_UNITARIO, TOTAL, ID_FACTURA, ID_PRODUCTO, ID_ESTADO)
VALUES (7, 40.03, 280.21, 55, 94, 5);
INSERT INTO FIDE_DETALLE_FACTURA_TB (CANTIDAD, PRECIO_UNITARIO, TOTAL, ID_FACTURA, ID_PRODUCTO, ID_ESTADO)
VALUES (7, 845.37, 5917.59, 3, 23, 3);
INSERT INTO FIDE_DETALLE_FACTURA_TB (CANTIDAD, PRECIO_UNITARIO, TOTAL, ID_FACTURA, ID_PRODUCTO, ID_ESTADO)
VALUES (8, 638.37, 5106.96, 120, 10, 3);
INSERT INTO FIDE_DETALLE_FACTURA_TB (CANTIDAD, PRECIO_UNITARIO, TOTAL, ID_FACTURA, ID_PRODUCTO, ID_ESTADO)
VALUES (5, 373.29, 1866.45, 80, 98, 3);
INSERT INTO FIDE_DETALLE_FACTURA_TB (CANTIDAD, PRECIO_UNITARIO, TOTAL, ID_FACTURA, ID_PRODUCTO, ID_ESTADO)
VALUES (9, 133.89, 1205.01, 18, 19, 4);
INSERT INTO FIDE_DETALLE_FACTURA_TB (CANTIDAD, PRECIO_UNITARIO, TOTAL, ID_FACTURA, ID_PRODUCTO, ID_ESTADO)
VALUES (6, 529.41, 3176.46, 122, 146, 5);
INSERT INTO FIDE_DETALLE_FACTURA_TB (CANTIDAD, PRECIO_UNITARIO, TOTAL, ID_FACTURA, ID_PRODUCTO, ID_ESTADO)
VALUES (6, 764.23, 4585.38, 80, 54, 3);
INSERT INTO FIDE_DETALLE_FACTURA_TB (CANTIDAD, PRECIO_UNITARIO, TOTAL, ID_FACTURA, ID_PRODUCTO, ID_ESTADO)
VALUES (2, 639.8, 1279.6, 68, 89, 4);
INSERT INTO FIDE_DETALLE_FACTURA_TB (CANTIDAD, PRECIO_UNITARIO, TOTAL, ID_FACTURA, ID_PRODUCTO, ID_ESTADO)
VALUES (2, 36.05, 72.1, 134, 52, 5);
INSERT INTO FIDE_DETALLE_FACTURA_TB (CANTIDAD, PRECIO_UNITARIO, TOTAL, ID_FACTURA, ID_PRODUCTO, ID_ESTADO)
VALUES (4, 714.46, 2857.84, 110, 99, 3);
INSERT INTO FIDE_DETALLE_FACTURA_TB (CANTIDAD, PRECIO_UNITARIO, TOTAL, ID_FACTURA, ID_PRODUCTO, ID_ESTADO)
VALUES (4, 220.12, 880.48, 21, 65, 4);
INSERT INTO FIDE_DETALLE_FACTURA_TB (CANTIDAD, PRECIO_UNITARIO, TOTAL, ID_FACTURA, ID_PRODUCTO, ID_ESTADO)
VALUES (10, 789.69, 7896.9, 118, 101, 5);
INSERT INTO FIDE_DETALLE_FACTURA_TB (CANTIDAD, PRECIO_UNITARIO, TOTAL, ID_FACTURA, ID_PRODUCTO, ID_ESTADO)
VALUES (9, 75.93, 683.37, 68, 37, 3);
INSERT INTO FIDE_DETALLE_FACTURA_TB (CANTIDAD, PRECIO_UNITARIO, TOTAL, ID_FACTURA, ID_PRODUCTO, ID_ESTADO)
VALUES (10, 351.41, 3514.1, 42, 99, 3);
INSERT INTO FIDE_DETALLE_FACTURA_TB (CANTIDAD, PRECIO_UNITARIO, TOTAL, ID_FACTURA, ID_PRODUCTO, ID_ESTADO)
VALUES (2, 447.59, 895.18, 135, 117, 4);
INSERT INTO FIDE_DETALLE_FACTURA_TB (CANTIDAD, PRECIO_UNITARIO, TOTAL, ID_FACTURA, ID_PRODUCTO, ID_ESTADO)
VALUES (8, 277.22, 2217.76, 101, 128, 4);
INSERT INTO FIDE_DETALLE_FACTURA_TB (CANTIDAD, PRECIO_UNITARIO, TOTAL, ID_FACTURA, ID_PRODUCTO, ID_ESTADO)
VALUES (6, 907.28, 5443.68, 56, 135, 3);
INSERT INTO FIDE_DETALLE_FACTURA_TB (CANTIDAD, PRECIO_UNITARIO, TOTAL, ID_FACTURA, ID_PRODUCTO, ID_ESTADO)
VALUES (2, 810.01, 1620.02, 61, 48, 4);
INSERT INTO FIDE_DETALLE_FACTURA_TB (CANTIDAD, PRECIO_UNITARIO, TOTAL, ID_FACTURA, ID_PRODUCTO, ID_ESTADO)
VALUES (2, 493.65, 987.3, 132, 70, 5);
INSERT INTO FIDE_DETALLE_FACTURA_TB (CANTIDAD, PRECIO_UNITARIO, TOTAL, ID_FACTURA, ID_PRODUCTO, ID_ESTADO)
VALUES (7, 839.85, 5878.95, 80, 121, 5);
INSERT INTO FIDE_DETALLE_FACTURA_TB (CANTIDAD, PRECIO_UNITARIO, TOTAL, ID_FACTURA, ID_PRODUCTO, ID_ESTADO)
VALUES (4, 120.61, 482.44, 17, 141, 5);
INSERT INTO FIDE_DETALLE_FACTURA_TB (CANTIDAD, PRECIO_UNITARIO, TOTAL, ID_FACTURA, ID_PRODUCTO, ID_ESTADO)
VALUES (3, 611.92, 1835.76, 85, 20, 3);
INSERT INTO FIDE_DETALLE_FACTURA_TB (CANTIDAD, PRECIO_UNITARIO, TOTAL, ID_FACTURA, ID_PRODUCTO, ID_ESTADO)
VALUES (5, 345.47, 1727.35, 47, 144, 4);
INSERT INTO FIDE_DETALLE_FACTURA_TB (CANTIDAD, PRECIO_UNITARIO, TOTAL, ID_FACTURA, ID_PRODUCTO, ID_ESTADO)
VALUES (4, 15.11, 60.44, 75, 7, 4);
INSERT INTO FIDE_DETALLE_FACTURA_TB (CANTIDAD, PRECIO_UNITARIO, TOTAL, ID_FACTURA, ID_PRODUCTO, ID_ESTADO)
VALUES (2, 823.92, 1647.84, 70, 19, 4);
INSERT INTO FIDE_DETALLE_FACTURA_TB (CANTIDAD, PRECIO_UNITARIO, TOTAL, ID_FACTURA, ID_PRODUCTO, ID_ESTADO)
VALUES (4, 841.97, 3367.88, 1, 30, 5);
INSERT INTO FIDE_DETALLE_FACTURA_TB (CANTIDAD, PRECIO_UNITARIO, TOTAL, ID_FACTURA, ID_PRODUCTO, ID_ESTADO)
VALUES (10, 444.61, 4446.1, 81, 45, 4);
INSERT INTO FIDE_DETALLE_FACTURA_TB (CANTIDAD, PRECIO_UNITARIO, TOTAL, ID_FACTURA, ID_PRODUCTO, ID_ESTADO)
VALUES (5, 583.86, 2919.3, 16, 66, 5);
INSERT INTO FIDE_DETALLE_FACTURA_TB (CANTIDAD, PRECIO_UNITARIO, TOTAL, ID_FACTURA, ID_PRODUCTO, ID_ESTADO)
VALUES (3, 298.58, 895.74, 71, 53, 3);
INSERT INTO FIDE_DETALLE_FACTURA_TB (CANTIDAD, PRECIO_UNITARIO, TOTAL, ID_FACTURA, ID_PRODUCTO, ID_ESTADO)
VALUES (5, 360.29, 1801.45, 130, 72, 3);
INSERT INTO FIDE_DETALLE_FACTURA_TB (CANTIDAD, PRECIO_UNITARIO, TOTAL, ID_FACTURA, ID_PRODUCTO, ID_ESTADO)
VALUES (2, 129.19, 258.38, 11, 2, 5);
INSERT INTO FIDE_DETALLE_FACTURA_TB (CANTIDAD, PRECIO_UNITARIO, TOTAL, ID_FACTURA, ID_PRODUCTO, ID_ESTADO)
VALUES (3, 238.07, 714.21, 141, 110, 4);
INSERT INTO FIDE_DETALLE_FACTURA_TB (CANTIDAD, PRECIO_UNITARIO, TOTAL, ID_FACTURA, ID_PRODUCTO, ID_ESTADO)
VALUES (7, 146.04, 1022.28, 68, 138, 3);
INSERT INTO FIDE_DETALLE_FACTURA_TB (CANTIDAD, PRECIO_UNITARIO, TOTAL, ID_FACTURA, ID_PRODUCTO, ID_ESTADO)
VALUES (3, 235.2, 705.6, 67, 32, 3);
INSERT INTO FIDE_DETALLE_FACTURA_TB (CANTIDAD, PRECIO_UNITARIO, TOTAL, ID_FACTURA, ID_PRODUCTO, ID_ESTADO)
VALUES (10, 304.55, 3045.5, 134, 113, 4);
INSERT INTO FIDE_DETALLE_FACTURA_TB (CANTIDAD, PRECIO_UNITARIO, TOTAL, ID_FACTURA, ID_PRODUCTO, ID_ESTADO)
VALUES (3, 825.16, 2475.48, 57, 150, 4);
INSERT INTO FIDE_DETALLE_FACTURA_TB (CANTIDAD, PRECIO_UNITARIO, TOTAL, ID_FACTURA, ID_PRODUCTO, ID_ESTADO)
VALUES (2, 322.24, 644.48, 150, 92, 4);
INSERT INTO FIDE_DETALLE_FACTURA_TB (CANTIDAD, PRECIO_UNITARIO, TOTAL, ID_FACTURA, ID_PRODUCTO, ID_ESTADO)
VALUES (7, 119.8, 838.6, 36, 2, 3);
INSERT INTO FIDE_DETALLE_FACTURA_TB (CANTIDAD, PRECIO_UNITARIO, TOTAL, ID_FACTURA, ID_PRODUCTO, ID_ESTADO)
VALUES (3, 706.02, 2118.06, 43, 137, 4);
INSERT INTO FIDE_DETALLE_FACTURA_TB (CANTIDAD, PRECIO_UNITARIO, TOTAL, ID_FACTURA, ID_PRODUCTO, ID_ESTADO)
VALUES (1, 42.22, 42.22, 13, 123, 3);
INSERT INTO FIDE_DETALLE_FACTURA_TB (CANTIDAD, PRECIO_UNITARIO, TOTAL, ID_FACTURA, ID_PRODUCTO, ID_ESTADO)
VALUES (5, 74.32, 371.6, 28, 128, 3);
INSERT INTO FIDE_DETALLE_FACTURA_TB (CANTIDAD, PRECIO_UNITARIO, TOTAL, ID_FACTURA, ID_PRODUCTO, ID_ESTADO)
VALUES (10, 582.51, 5825.1, 54, 132, 3);
INSERT INTO FIDE_DETALLE_FACTURA_TB (CANTIDAD, PRECIO_UNITARIO, TOTAL, ID_FACTURA, ID_PRODUCTO, ID_ESTADO)
VALUES (3, 891.9, 2675.7, 109, 15, 3);
INSERT INTO FIDE_DETALLE_FACTURA_TB (CANTIDAD, PRECIO_UNITARIO, TOTAL, ID_FACTURA, ID_PRODUCTO, ID_ESTADO)
VALUES (7, 220.04, 1540.28, 71, 83, 4);
INSERT INTO FIDE_DETALLE_FACTURA_TB (CANTIDAD, PRECIO_UNITARIO, TOTAL, ID_FACTURA, ID_PRODUCTO, ID_ESTADO)
VALUES (9, 945.92, 8513.28, 7, 53, 4);
INSERT INTO FIDE_DETALLE_FACTURA_TB (CANTIDAD, PRECIO_UNITARIO, TOTAL, ID_FACTURA, ID_PRODUCTO, ID_ESTADO)
VALUES (8, 939.99, 7519.92, 21, 76, 3);
INSERT INTO FIDE_DETALLE_FACTURA_TB (CANTIDAD, PRECIO_UNITARIO, TOTAL, ID_FACTURA, ID_PRODUCTO, ID_ESTADO)
VALUES (4, 492.13, 1968.52, 86, 74, 3);
INSERT INTO FIDE_DETALLE_FACTURA_TB (CANTIDAD, PRECIO_UNITARIO, TOTAL, ID_FACTURA, ID_PRODUCTO, ID_ESTADO)
VALUES (5, 689.0, 3445.0, 128, 80, 5);
INSERT INTO FIDE_DETALLE_FACTURA_TB (CANTIDAD, PRECIO_UNITARIO, TOTAL, ID_FACTURA, ID_PRODUCTO, ID_ESTADO)
VALUES (10, 319.19, 3191.9, 95, 140, 5);
INSERT INTO FIDE_DETALLE_FACTURA_TB (CANTIDAD, PRECIO_UNITARIO, TOTAL, ID_FACTURA, ID_PRODUCTO, ID_ESTADO)
VALUES (1, 483.82, 483.82, 142, 138, 5);
INSERT INTO FIDE_DETALLE_FACTURA_TB (CANTIDAD, PRECIO_UNITARIO, TOTAL, ID_FACTURA, ID_PRODUCTO, ID_ESTADO)
VALUES (7, 156.87, 1098.09, 29, 16, 4);
INSERT INTO FIDE_DETALLE_FACTURA_TB (CANTIDAD, PRECIO_UNITARIO, TOTAL, ID_FACTURA, ID_PRODUCTO, ID_ESTADO)
VALUES (4, 329.33, 1317.32, 8, 7, 4);
INSERT INTO FIDE_DETALLE_FACTURA_TB (CANTIDAD, PRECIO_UNITARIO, TOTAL, ID_FACTURA, ID_PRODUCTO, ID_ESTADO)
VALUES (3, 173.07, 519.21, 44, 86, 5);
INSERT INTO FIDE_DETALLE_FACTURA_TB (CANTIDAD, PRECIO_UNITARIO, TOTAL, ID_FACTURA, ID_PRODUCTO, ID_ESTADO)
VALUES (6, 924.04, 5544.24, 38, 141, 3);
INSERT INTO FIDE_DETALLE_FACTURA_TB (CANTIDAD, PRECIO_UNITARIO, TOTAL, ID_FACTURA, ID_PRODUCTO, ID_ESTADO)
VALUES (3, 874.09, 2622.27, 47, 149, 4);
INSERT INTO FIDE_DETALLE_FACTURA_TB (CANTIDAD, PRECIO_UNITARIO, TOTAL, ID_FACTURA, ID_PRODUCTO, ID_ESTADO)
VALUES (8, 795.03, 6360.24, 60, 66, 5);
INSERT INTO FIDE_DETALLE_FACTURA_TB (CANTIDAD, PRECIO_UNITARIO, TOTAL, ID_FACTURA, ID_PRODUCTO, ID_ESTADO)
VALUES (3, 292.98, 878.94, 114, 89, 4);
INSERT INTO FIDE_DETALLE_FACTURA_TB (CANTIDAD, PRECIO_UNITARIO, TOTAL, ID_FACTURA, ID_PRODUCTO, ID_ESTADO)
VALUES (2, 565.1, 1130.2, 85, 25, 5);
INSERT INTO FIDE_DETALLE_FACTURA_TB (CANTIDAD, PRECIO_UNITARIO, TOTAL, ID_FACTURA, ID_PRODUCTO, ID_ESTADO)
VALUES (2, 129.31, 258.62, 61, 88, 5);
INSERT INTO FIDE_DETALLE_FACTURA_TB (CANTIDAD, PRECIO_UNITARIO, TOTAL, ID_FACTURA, ID_PRODUCTO, ID_ESTADO)
VALUES (3, 238.68, 716.04, 6, 48, 5);
INSERT INTO FIDE_DETALLE_FACTURA_TB (CANTIDAD, PRECIO_UNITARIO, TOTAL, ID_FACTURA, ID_PRODUCTO, ID_ESTADO)
VALUES (7, 540.45, 3783.15, 31, 46, 5);
INSERT INTO FIDE_DETALLE_FACTURA_TB (CANTIDAD, PRECIO_UNITARIO, TOTAL, ID_FACTURA, ID_PRODUCTO, ID_ESTADO)
VALUES (7, 179.26, 1254.82, 141, 113, 5);
INSERT INTO FIDE_DETALLE_FACTURA_TB (CANTIDAD, PRECIO_UNITARIO, TOTAL, ID_FACTURA, ID_PRODUCTO, ID_ESTADO)
VALUES (6, 486.33, 2917.98, 78, 19, 4);
INSERT INTO FIDE_DETALLE_FACTURA_TB (CANTIDAD, PRECIO_UNITARIO, TOTAL, ID_FACTURA, ID_PRODUCTO, ID_ESTADO)
VALUES (8, 407.33, 3258.64, 140, 57, 3);
INSERT INTO FIDE_DETALLE_FACTURA_TB (CANTIDAD, PRECIO_UNITARIO, TOTAL, ID_FACTURA, ID_PRODUCTO, ID_ESTADO)
VALUES (8, 468.2, 3745.6, 115, 133, 3);
INSERT INTO FIDE_DETALLE_FACTURA_TB (CANTIDAD, PRECIO_UNITARIO, TOTAL, ID_FACTURA, ID_PRODUCTO, ID_ESTADO)
VALUES (5, 46.56, 232.8, 100, 122, 3);
INSERT INTO FIDE_DETALLE_FACTURA_TB (CANTIDAD, PRECIO_UNITARIO, TOTAL, ID_FACTURA, ID_PRODUCTO, ID_ESTADO)
VALUES (8, 366.36, 2930.88, 121, 125, 5);
INSERT INTO FIDE_DETALLE_FACTURA_TB (CANTIDAD, PRECIO_UNITARIO, TOTAL, ID_FACTURA, ID_PRODUCTO, ID_ESTADO)
VALUES (9, 527.72, 4749.48, 112, 94, 5);
INSERT INTO FIDE_DETALLE_FACTURA_TB (CANTIDAD, PRECIO_UNITARIO, TOTAL, ID_FACTURA, ID_PRODUCTO, ID_ESTADO)
VALUES (9, 658.82, 5929.38, 51, 8, 4);
INSERT INTO FIDE_DETALLE_FACTURA_TB (CANTIDAD, PRECIO_UNITARIO, TOTAL, ID_FACTURA, ID_PRODUCTO, ID_ESTADO)
VALUES (4, 649.2, 2596.8, 97, 74, 5);
INSERT INTO FIDE_DETALLE_FACTURA_TB (CANTIDAD, PRECIO_UNITARIO, TOTAL, ID_FACTURA, ID_PRODUCTO, ID_ESTADO)
VALUES (8, 763.09, 6104.72, 140, 56, 5);
INSERT INTO FIDE_DETALLE_FACTURA_TB (CANTIDAD, PRECIO_UNITARIO, TOTAL, ID_FACTURA, ID_PRODUCTO, ID_ESTADO)
VALUES (2, 991.24, 1982.48, 114, 137, 5);
INSERT INTO FIDE_DETALLE_FACTURA_TB (CANTIDAD, PRECIO_UNITARIO, TOTAL, ID_FACTURA, ID_PRODUCTO, ID_ESTADO)
VALUES (6, 768.3, 4609.8, 27, 91, 5);
INSERT INTO FIDE_DETALLE_FACTURA_TB (CANTIDAD, PRECIO_UNITARIO, TOTAL, ID_FACTURA, ID_PRODUCTO, ID_ESTADO)
VALUES (8, 472.08, 3776.64, 69, 149, 5);
INSERT INTO FIDE_DETALLE_FACTURA_TB (CANTIDAD, PRECIO_UNITARIO, TOTAL, ID_FACTURA, ID_PRODUCTO, ID_ESTADO)
VALUES (6, 267.67, 1606.02, 26, 70, 4);
INSERT INTO FIDE_DETALLE_FACTURA_TB (CANTIDAD, PRECIO_UNITARIO, TOTAL, ID_FACTURA, ID_PRODUCTO, ID_ESTADO)
VALUES (4, 343.87, 1375.48, 37, 41, 5);
INSERT INTO FIDE_DETALLE_FACTURA_TB (CANTIDAD, PRECIO_UNITARIO, TOTAL, ID_FACTURA, ID_PRODUCTO, ID_ESTADO)
VALUES (7, 951.59, 6661.13, 129, 89, 3);
INSERT INTO FIDE_DETALLE_FACTURA_TB (CANTIDAD, PRECIO_UNITARIO, TOTAL, ID_FACTURA, ID_PRODUCTO, ID_ESTADO)
VALUES (10, 846.34, 8463.4, 6, 58, 5);
INSERT INTO FIDE_DETALLE_FACTURA_TB (CANTIDAD, PRECIO_UNITARIO, TOTAL, ID_FACTURA, ID_PRODUCTO, ID_ESTADO)
VALUES (1, 223.98, 223.98, 38, 47, 3);
INSERT INTO FIDE_DETALLE_FACTURA_TB (CANTIDAD, PRECIO_UNITARIO, TOTAL, ID_FACTURA, ID_PRODUCTO, ID_ESTADO)
VALUES (4, 191.21, 764.84, 34, 57, 4);
INSERT INTO FIDE_DETALLE_FACTURA_TB (CANTIDAD, PRECIO_UNITARIO, TOTAL, ID_FACTURA, ID_PRODUCTO, ID_ESTADO)
VALUES (2, 352.35, 704.7, 21, 114, 3);
INSERT INTO FIDE_DETALLE_FACTURA_TB (CANTIDAD, PRECIO_UNITARIO, TOTAL, ID_FACTURA, ID_PRODUCTO, ID_ESTADO)
VALUES (4, 172.78, 691.12, 12, 136, 5);
INSERT INTO FIDE_DETALLE_FACTURA_TB (CANTIDAD, PRECIO_UNITARIO, TOTAL, ID_FACTURA, ID_PRODUCTO, ID_ESTADO)
VALUES (1, 695.41, 695.41, 115, 56, 5);
INSERT INTO FIDE_DETALLE_FACTURA_TB (CANTIDAD, PRECIO_UNITARIO, TOTAL, ID_FACTURA, ID_PRODUCTO, ID_ESTADO)
VALUES (1, 539.94, 539.94, 87, 5, 3);
INSERT INTO FIDE_DETALLE_FACTURA_TB (CANTIDAD, PRECIO_UNITARIO, TOTAL, ID_FACTURA, ID_PRODUCTO, ID_ESTADO)
VALUES (9, 675.84, 6082.56, 42, 50, 3);
INSERT INTO FIDE_DETALLE_FACTURA_TB (CANTIDAD, PRECIO_UNITARIO, TOTAL, ID_FACTURA, ID_PRODUCTO, ID_ESTADO)
VALUES (8, 200.44, 1603.52, 25, 8, 3);
INSERT INTO FIDE_DETALLE_FACTURA_TB (CANTIDAD, PRECIO_UNITARIO, TOTAL, ID_FACTURA, ID_PRODUCTO, ID_ESTADO)
VALUES (8, 232.6, 1860.8, 49, 148, 5);
INSERT INTO FIDE_DETALLE_FACTURA_TB (CANTIDAD, PRECIO_UNITARIO, TOTAL, ID_FACTURA, ID_PRODUCTO, ID_ESTADO)
VALUES (5, 764.87, 3824.35, 84, 89, 5);
INSERT INTO FIDE_DETALLE_FACTURA_TB (CANTIDAD, PRECIO_UNITARIO, TOTAL, ID_FACTURA, ID_PRODUCTO, ID_ESTADO)
VALUES (7, 86.05, 602.35, 92, 25, 3);
INSERT INTO FIDE_DETALLE_FACTURA_TB (CANTIDAD, PRECIO_UNITARIO, TOTAL, ID_FACTURA, ID_PRODUCTO, ID_ESTADO)
VALUES (6, 172.72, 1036.32, 96, 139, 3);
INSERT INTO FIDE_DETALLE_FACTURA_TB (CANTIDAD, PRECIO_UNITARIO, TOTAL, ID_FACTURA, ID_PRODUCTO, ID_ESTADO)
VALUES (1, 617.17, 617.17, 15, 84, 5);
INSERT INTO FIDE_DETALLE_FACTURA_TB (CANTIDAD, PRECIO_UNITARIO, TOTAL, ID_FACTURA, ID_PRODUCTO, ID_ESTADO)
VALUES (4, 665.47, 2661.88, 44, 90, 4);
INSERT INTO FIDE_DETALLE_FACTURA_TB (CANTIDAD, PRECIO_UNITARIO, TOTAL, ID_FACTURA, ID_PRODUCTO, ID_ESTADO)
VALUES (3, 251.07, 753.21, 56, 76, 5);
INSERT INTO FIDE_DETALLE_FACTURA_TB (CANTIDAD, PRECIO_UNITARIO, TOTAL, ID_FACTURA, ID_PRODUCTO, ID_ESTADO)
VALUES (9, 412.17, 3709.53, 104, 116, 4);
INSERT INTO FIDE_DETALLE_FACTURA_TB (CANTIDAD, PRECIO_UNITARIO, TOTAL, ID_FACTURA, ID_PRODUCTO, ID_ESTADO)
VALUES (9, 330.03, 2970.27, 23, 83, 5);
INSERT INTO FIDE_DETALLE_FACTURA_TB (CANTIDAD, PRECIO_UNITARIO, TOTAL, ID_FACTURA, ID_PRODUCTO, ID_ESTADO)
VALUES (8, 859.97, 6879.76, 88, 138, 3);
INSERT INTO FIDE_DETALLE_FACTURA_TB (CANTIDAD, PRECIO_UNITARIO, TOTAL, ID_FACTURA, ID_PRODUCTO, ID_ESTADO)
VALUES (3, 948.44, 2845.32, 98, 8, 5);
INSERT INTO FIDE_DETALLE_FACTURA_TB (CANTIDAD, PRECIO_UNITARIO, TOTAL, ID_FACTURA, ID_PRODUCTO, ID_ESTADO)
VALUES (3, 843.66, 2530.98, 68, 44, 5);
INSERT INTO FIDE_DETALLE_FACTURA_TB (CANTIDAD, PRECIO_UNITARIO, TOTAL, ID_FACTURA, ID_PRODUCTO, ID_ESTADO)
VALUES (9, 311.75, 2805.75, 103, 13, 3);
INSERT INTO FIDE_DETALLE_FACTURA_TB (CANTIDAD, PRECIO_UNITARIO, TOTAL, ID_FACTURA, ID_PRODUCTO, ID_ESTADO)
VALUES (5, 313.03, 1565.15, 71, 34, 3);
INSERT INTO FIDE_DETALLE_FACTURA_TB (CANTIDAD, PRECIO_UNITARIO, TOTAL, ID_FACTURA, ID_PRODUCTO, ID_ESTADO)
VALUES (1, 824.03, 824.03, 24, 115, 3);
INSERT INTO FIDE_DETALLE_FACTURA_TB (CANTIDAD, PRECIO_UNITARIO, TOTAL, ID_FACTURA, ID_PRODUCTO, ID_ESTADO)
VALUES (7, 782.37, 5476.59, 39, 33, 3);
INSERT INTO FIDE_DETALLE_FACTURA_TB (CANTIDAD, PRECIO_UNITARIO, TOTAL, ID_FACTURA, ID_PRODUCTO, ID_ESTADO)
VALUES (8, 234.04, 1872.32, 2, 136, 5);
INSERT INTO FIDE_DETALLE_FACTURA_TB (CANTIDAD, PRECIO_UNITARIO, TOTAL, ID_FACTURA, ID_PRODUCTO, ID_ESTADO)
VALUES (7, 965.99, 6761.93, 4, 45, 3);
INSERT INTO FIDE_DETALLE_FACTURA_TB (CANTIDAD, PRECIO_UNITARIO, TOTAL, ID_FACTURA, ID_PRODUCTO, ID_ESTADO)
VALUES (4, 808.79, 3235.16, 43, 66, 3);
INSERT INTO FIDE_DETALLE_FACTURA_TB (CANTIDAD, PRECIO_UNITARIO, TOTAL, ID_FACTURA, ID_PRODUCTO, ID_ESTADO)
VALUES (4, 777.86, 3111.44, 139, 29, 3);
INSERT INTO FIDE_DETALLE_FACTURA_TB (CANTIDAD, PRECIO_UNITARIO, TOTAL, ID_FACTURA, ID_PRODUCTO, ID_ESTADO)
VALUES (5, 690.23, 3451.15, 66, 13, 4);
INSERT INTO FIDE_DETALLE_FACTURA_TB (CANTIDAD, PRECIO_UNITARIO, TOTAL, ID_FACTURA, ID_PRODUCTO, ID_ESTADO)
VALUES (7, 79.63, 557.41, 88, 150, 3);




